Formulation,Helper_lipid_ID,Comment,Lipid_name,Experiment_ID,Purity,Mix_type,Cargo_type,Experimenter_ID,Model_type,Delivery_target,Route_of_administration,Experiment_weight,Library_ID,Goal,Batch_or_individual_or_barcoded,Value_name,screen_id,identifier,Mol,Num tails
Han_amidine,DOPE,Computed with aid lipid molwt as 865,17T-O14,Han_amidine,Crude,Microfluidic,mRNA,Han,HepG2,FFL,in_vitro,1.0,Han_amidine,max,Individual,Cell_viability,Han_amidine,,,
Lxue,DOPE,Tox,12-a3-7b,Xue_CAD_LNP,Pure,Microfluidic,mRNA,lxue,HeLa,FLL,in_vitro,1.0,Xue_CAD_LNP,max,Barcoded,Cell_viability,Xue_CAD_LNP,,,
Han_amidine,DOPE,Computed with aid lipid molwt as 865,8T-O12,Han_amidine,Crude,Microfluidic,mRNA,Han,HepG2,FFL,in_vitro,1.0,Han_amidine,max,Individual,Cell_viability,Han_amidine,,,
Lxue,DOPE,Tox,5-a2-9b2,Xue_CAD_LNP,Pure,Microfluidic,mRNA,lxue,HeLa,FLL,in_vitro,1.0,Xue_CAD_LNP,max,Barcoded,Cell_viability,Xue_CAD_LNP,,,
Han_amidine,DOPE,Computed with aid lipid molwt as 865,6T-O12,Han_amidine,Crude,Microfluidic,mRNA,Han,HepG2,FFL,in_vitro,1.0,Han_amidine,max,Individual,Cell_viability,Han_amidine,,,
Han_a3,DOPE,,A22-2,Han_a3,Crude,Hand,mRNA,Han,HepG2,FFL,in_vitro,1.0,Han_a3,max,Individual,Cell_viability,Han_a3,,,
Han_a3,DOPE,,C11-2,Han_a3,Crude,Hand,mRNA,Han,HepG2,FFL,in_vitro,1.0,Han_a3,max,Individual,Cell_viability,Han_a3,,,
Lxue,DOPE,Tox,9-a2-7b2,Xue_CAD_LNP,Pure,Microfluidic,mRNA,lxue,HeLa,FLL,in_vitro,1.0,Xue_CAD_LNP,max,Barcoded,Cell_viability,Xue_CAD_LNP,,,
Lxue,DOPE,Tox,8-a3-7b2,Xue_CAD_LNP,Pure,Microfluidic,mRNA,lxue,HeLa,FLL,in_vitro,1.0,Xue_CAD_LNP,max,Barcoded,Cell_viability,Xue_CAD_LNP,,,
Han_a3,DOPE,,C28-4,Han_a3,Crude,Hand,mRNA,Han,HepG2,FFL,in_vitro,1.0,Han_a3,max,Individual,Cell_viability,Han_a3,,,
ZAL_form,,"""ZAL:siRNA ratio such that the number of hydrophobic tails in the ZAL times the ZAL:siRNA mole ratio in the formulation was ~1000"", plus assumed siRNA MW = 13300Da",ZA2-Ep8,Miller_Zwitter,Crude,Hand,siRNA,miller,HeLa,FFL,in_vitro,1.0,Miller_ZAL,max,Individual,Cell_viability,Miller_Zwitter,,793.258,2.0
Han_amidine,DOPE,Computed with aid lipid molwt as 865,6T-O9,Han_amidine,Crude,Microfluidic,mRNA,Han,HepG2,FFL,in_vitro,1.0,Han_amidine,max,Individual,Cell_viability,Han_amidine,,,
Han_amidine,DOPE,Computed with aid lipid molwt as 865,3T-O16,Han_amidine,Crude,Microfluidic,mRNA,Han,HepG2,FFL,in_vitro,1.0,Han_amidine,max,Individual,Cell_viability,Han_amidine,,,
Lxue,DOPE,Tox,11-a2-9b,Xue_CAD_LNP,Pure,Microfluidic,mRNA,lxue,HeLa,FLL,in_vitro,1.0,Xue_CAD_LNP,max,Barcoded,Cell_viability,Xue_CAD_LNP,,,
Han_amidine,DOPE,Computed with aid lipid molwt as 865,9T-O12,Han_amidine,Crude,Microfluidic,mRNA,Han,HepG2,FFL,in_vitro,1.0,Han_amidine,max,Individual,Cell_viability,Han_amidine,,,
ZAL_form,,"""ZAL:siRNA ratio such that the number of hydrophobic tails in the ZAL times the ZAL:siRNA mole ratio in the formulation was ~1000"", plus assumed siRNA MW = 13300Da",ZA2-Ac10,Miller_Zwitter,Crude,Hand,siRNA,miller,HeLa,FFL,in_vitro,1.0,Miller_ZAL,max,Individual,Cell_viability,Miller_Zwitter,,961.494,2.0
Han_amidine,DOPE,Computed with aid lipid molwt as 865,4T-O12,Han_amidine,Crude,Microfluidic,mRNA,Han,HepG2,FFL,in_vitro,1.0,Han_amidine,max,Individual,Cell_viability,Han_amidine,,,
Lxue,DOPE,Tox,6-a3-7b,Xue_CAD_LNP,Pure,Microfluidic,mRNA,lxue,HeLa,FLL,in_vitro,1.0,Xue_CAD_LNP,max,Barcoded,Cell_viability,Xue_CAD_LNP,,,
ZAL_form,,"""ZAL:siRNA ratio such that the number of hydrophobic tails in the ZAL times the ZAL:siRNA mole ratio in the formulation was ~1000"", plus assumed siRNA MW = 13300Da",ZA6-Ac18,Miller_Zwitter,Crude,Hand,siRNA,miller,HeLa,FFL,in_vitro,1.0,Miller_ZAL,max,Individual,Cell_viability,Miller_Zwitter,,1438.324,3.0
Han_a3,DOPE,,A9-2,Han_a3,Crude,Hand,mRNA,Han,HepG2,FFL,in_vitro,1.0,Han_a3,max,Individual,Cell_viability,Han_a3,,,
ZAL_form,,"""ZAL:siRNA ratio such that the number of hydrophobic tails in the ZAL times the ZAL:siRNA mole ratio in the formulation was ~1000"", plus assumed siRNA MW = 13300Da",ZA4-Ep10,Miller_Zwitter,Crude,Hand,siRNA,miller,HeLa,FFL,in_vitro,1.0,Miller_ZAL,max,Individual,Cell_viability,Miller_Zwitter,,850.35,3.0
Unsat_dendrimer,DOPE,"Total lipids/RNA 40:1; DOPE MW = 744, Chol = 387, C14-P2K = 2705",4A3-3C,Lee_unsat,Pure,Hand,mRNA,slee,IGROV1,FFL,in_vitro,1.0,Lee_unsat_dendrimer,max,Individual,Cell_viability,Lee_unsat,,1346.93,
Han_amidine,DOPE,Computed with aid lipid molwt as 865,25T-O14,Han_amidine,Crude,Microfluidic,mRNA,Han,HepG2,FFL,in_vitro,1.0,Han_amidine,max,Individual,Cell_viability,Han_amidine,,,
Lxue,DOPE,Tox,2-a2-7b2,Xue_CAD_LNP,Pure,Microfluidic,mRNA,lxue,HeLa,FLL,in_vitro,1.0,Xue_CAD_LNP,max,Barcoded,Cell_viability,Xue_CAD_LNP,,,
Han_amidine,DOPE,Computed with aid lipid molwt as 865,17T-O9,Han_amidine,Crude,Microfluidic,mRNA,Han,HepG2,FFL,in_vitro,1.0,Han_amidine,max,Individual,Cell_viability,Han_amidine,,,
Lxue,DOPE,Tox,4-a3-7b,Xue_CAD_LNP,Pure,Microfluidic,mRNA,lxue,HeLa,FLL,in_vitro,1.0,Xue_CAD_LNP,max,Barcoded,Cell_viability,Xue_CAD_LNP,,,
ZAL_form,,"""ZAL:siRNA ratio such that the number of hydrophobic tails in the ZAL times the ZAL:siRNA mole ratio in the formulation was ~1000"", plus assumed siRNA MW = 13300Da",ZA4-Ep18,Miller_Zwitter,Crude,Hand,siRNA,miller,HeLa,FFL,in_vitro,1.0,Miller_ZAL,max,Individual,Cell_viability,Miller_Zwitter,,1186.998,3.0
Unsat_dendrimer,DOPE,"Total lipids/RNA 40:1; DOPE MW = 744, Chol = 387, C14-P2K = 2774",4A1-5,Lee_unsat,Pure,Hand,mRNA,slee,IGROV1,FFL,in_vitro,1.0,Lee_unsat_dendrimer,max,Individual,Cell_viability,Lee_unsat,,1402.01,
Han_amidine,DOPE,Computed with aid lipid molwt as 865,16T-O9,Han_amidine,Crude,Microfluidic,mRNA,Han,HepG2,FFL,in_vitro,1.0,Han_amidine,max,Individual,Cell_viability,Han_amidine,,,
Han_a3,DOPE,,A8-2,Han_a3,Crude,Hand,mRNA,Han,HepG2,FFL,in_vitro,1.0,Han_a3,max,Individual,Cell_viability,Han_a3,,,
Lxue,DOPE,Tox,2-a3-6b,Xue_CAD_LNP,Pure,Microfluidic,mRNA,lxue,HeLa,FLL,in_vitro,1.0,Xue_CAD_LNP,max,Barcoded,Cell_viability,Xue_CAD_LNP,,,
Han_amidine,DOPE,Computed with aid lipid molwt as 865,21T-O16,Han_amidine,Crude,Microfluidic,mRNA,Han,HepG2,FFL,in_vitro,1.0,Han_amidine,max,Individual,Cell_viability,Han_amidine,,,
Lxue,DOPE,Tox,3-a3-7b2,Xue_CAD_LNP,Pure,Microfluidic,mRNA,lxue,HeLa,FLL,in_vitro,1.0,Xue_CAD_LNP,max,Barcoded,Cell_viability,Xue_CAD_LNP,,,
Han_amidine,DOPE,Computed with aid lipid molwt as 865,5T-O14,Han_amidine,Crude,Microfluidic,mRNA,Han,HepG2,FFL,in_vitro,1.0,Han_amidine,max,Individual,Cell_viability,Han_amidine,,,
Lxue,DOPE,Tox,11-a2-7b2,Xue_CAD_LNP,Pure,Microfluidic,mRNA,lxue,HeLa,FLL,in_vitro,1.0,Xue_CAD_LNP,max,Barcoded,Cell_viability,Xue_CAD_LNP,,,
Han_amidine,DOPE,Computed with aid lipid molwt as 865,5T-O12,Han_amidine,Crude,Microfluidic,mRNA,Han,HepG2,FFL,in_vitro,1.0,Han_amidine,max,Individual,Cell_viability,Han_amidine,,,
ZAL_form,,"""ZAL:siRNA ratio such that the number of hydrophobic tails in the ZAL times the ZAL:siRNA mole ratio in the formulation was ~1000"", plus assumed siRNA MW = 13300Da",ZA4-Ep16,Miller_Zwitter,Crude,Hand,siRNA,miller,HeLa,FFL,in_vitro,1.0,Miller_ZAL,max,Individual,Cell_viability,Miller_Zwitter,,1102.836,3.0
Lxue,DOPE,Tox,9-a2-8b,Xue_CAD_LNP,Pure,Microfluidic,mRNA,lxue,HeLa,FLL,in_vitro,1.0,Xue_CAD_LNP,max,Barcoded,Cell_viability,Xue_CAD_LNP,,,
Lxue,DOPE,Tox,3-a2-6b,Xue_CAD_LNP,Pure,Microfluidic,mRNA,lxue,HeLa,FLL,in_vitro,1.0,Xue_CAD_LNP,max,Barcoded,Cell_viability,Xue_CAD_LNP,,,
Lxue,DOPE,Tox,8-a2-9b,Xue_CAD_LNP,Pure,Microfluidic,mRNA,lxue,HeLa,FLL,in_vitro,1.0,Xue_CAD_LNP,max,Barcoded,Cell_viability,Xue_CAD_LNP,,,
Han_amidine,DOPE,Computed with aid lipid molwt as 865,8T-O9,Han_amidine,Crude,Microfluidic,mRNA,Han,HepG2,FFL,in_vitro,1.0,Han_amidine,max,Individual,Cell_viability,Han_amidine,,,
Unsat_dendrimer,DOPE,"Total lipids/RNA 40:1; DOPE MW = 744, Chol = 387, C14-P2K = 2747",4A3-Far,Lee_unsat,Pure,Hand,mRNA,slee,IGROV1,FFL,in_vitro,1.0,Lee_unsat_dendrimer,max,Individual,Cell_viability,Lee_unsat,,1835.774,
Lxue,DOPE,Tox,2-a2-9b2,Xue_CAD_LNP,Pure,Microfluidic,mRNA,lxue,HeLa,FLL,in_vitro,1.0,Xue_CAD_LNP,max,Barcoded,Cell_viability,Xue_CAD_LNP,,,
ZAL_form,,"""ZAL:siRNA ratio such that the number of hydrophobic tails in the ZAL times the ZAL:siRNA mole ratio in the formulation was ~1000"", plus assumed siRNA MW = 13300Da",ZA2-Ac18,Miller_Zwitter,Crude,Hand,siRNA,miller,HeLa,FFL,in_vitro,1.0,Miller_ZAL,max,Individual,Cell_viability,Miller_Zwitter,,1185.926,2.0
Han_amidine,DOPE,Computed with aid lipid molwt as 865,15T-O12,Han_amidine,Crude,Microfluidic,mRNA,Han,HepG2,FFL,in_vitro,1.0,Han_amidine,max,Individual,Cell_viability,Han_amidine,,,
Han_a3,DOPE,,C7-2,Han_a3,Crude,Hand,mRNA,Han,HepG2,FFL,in_vitro,1.0,Han_a3,max,Individual,Cell_viability,Han_a3,,,
Lxue,DOPE,Tox,7-a2-7b2,Xue_CAD_LNP,Pure,Microfluidic,mRNA,lxue,HeLa,FLL,in_vitro,1.0,Xue_CAD_LNP,max,Barcoded,Cell_viability,Xue_CAD_LNP,,,
ZAL_form,,"""ZAL:siRNA ratio such that the number of hydrophobic tails in the ZAL times the ZAL:siRNA mole ratio in the formulation was ~1000"", plus assumed siRNA MW = 13300Da",ZA3-Ep14,Miller_Zwitter,Crude,Hand,siRNA,miller,HeLa,FFL,in_vitro,1.0,Miller_ZAL,max,Individual,Cell_viability,Miller_Zwitter,,1472.47,5.0
Unsat_dendrimer,DOPE,"Total lipids/RNA 40:1; DOPE MW = 744, Chol = 387, C14-P2K = 2740",4A3-SC8,Lee_unsat,Pure,Hand,mRNA,slee,IGROV1,FFL,in_vitro,1.0,Lee_unsat_dendrimer,max,Individual,Cell_viability,Lee_unsat,,1451.082,
Lxue,DOPE,Tox,2-a2-9b,Xue_CAD_LNP,Pure,Microfluidic,mRNA,lxue,HeLa,FLL,in_vitro,1.0,Xue_CAD_LNP,max,Barcoded,Cell_viability,Xue_CAD_LNP,,,
Unsat_dendrimer,DOPE,"Total lipids/RNA 40:1; DOPE MW = 744, Chol = 387, C14-P2K = 2770",2A2-5,Lee_unsat,Pure,Hand,mRNA,slee,IGROV1,FFL,in_vitro,1.0,Lee_unsat_dendrimer,max,Individual,Cell_viability,Lee_unsat,,758.101,
ZAL_form,,"""ZAL:siRNA ratio such that the number of hydrophobic tails in the ZAL times the ZAL:siRNA mole ratio in the formulation was ~1000"", plus assumed siRNA MW = 13300Da",ZA4-Ep12,Miller_Zwitter,Crude,Hand,siRNA,miller,HeLa,FFL,in_vitro,1.0,Miller_ZAL,max,Individual,Cell_viability,Miller_Zwitter,,934.512,3.0
Unsat_dendrimer,DOPE,"Total lipids/RNA 40:1; DOPE MW = 744, Chol = 387, C14-P2K = 2742",2A2-Far,Lee_unsat,Pure,Hand,mRNA,slee,IGROV1,FFL,in_vitro,1.0,Lee_unsat_dendrimer,max,Individual,Cell_viability,Lee_unsat,,1002.523,
Lxue,DOPE,Tox,1-a2-8,Xue_CAD_LNP,Pure,Microfluidic,mRNA,lxue,HeLa,FLL,in_vitro,1.0,Xue_CAD_LNP,max,Barcoded,Cell_viability,Xue_CAD_LNP,,,
Lxue,DOPE,Tox,8-a3-7b,Xue_CAD_LNP,Pure,Microfluidic,mRNA,lxue,HeLa,FLL,in_vitro,1.0,Xue_CAD_LNP,max,Barcoded,Cell_viability,Xue_CAD_LNP,,,
Lxue,DOPE,Tox,4-a2-6,Xue_CAD_LNP,Pure,Microfluidic,mRNA,lxue,HeLa,FLL,in_vitro,1.0,Xue_CAD_LNP,max,Barcoded,Cell_viability,Xue_CAD_LNP,,,
ZAL_form,,"""ZAL:siRNA ratio such that the number of hydrophobic tails in the ZAL times the ZAL:siRNA mole ratio in the formulation was ~1000"", plus assumed siRNA MW = 13300Da",ZA2-Ep12,Miller_Zwitter,Crude,Hand,siRNA,miller,HeLa,FFL,in_vitro,1.0,Miller_ZAL,max,Individual,Cell_viability,Miller_Zwitter,,905.474,2.0
Han_amidine,DOPE,Computed with aid lipid molwt as 865,17T-O16,Han_amidine,Crude,Microfluidic,mRNA,Han,HepG2,FFL,in_vitro,1.0,Han_amidine,max,Individual,Cell_viability,Han_amidine,,,
Han_a3,DOPE,,B20-2,Han_a3,Crude,Hand,mRNA,Han,HepG2,FFL,in_vitro,1.0,Han_a3,max,Individual,Cell_viability,Han_a3,,,
Han_amidine,DOPE,Computed with aid lipid molwt as 865,19T-O12,Han_amidine,Crude,Microfluidic,mRNA,Han,HepG2,FFL,in_vitro,1.0,Han_amidine,max,Individual,Cell_viability,Han_amidine,,,
Lxue,DOPE,Tox,1-a2-7b,Xue_CAD_LNP,Pure,Microfluidic,mRNA,lxue,HeLa,FLL,in_vitro,1.0,Xue_CAD_LNP,max,Barcoded,Cell_viability,Xue_CAD_LNP,,,
Unsat_dendrimer,DOPE,"Total lipids/RNA 40:1; DOPE MW = 744, Chol = 387, C14-P2K = 2768",4A3-2C,Lee_unsat,Pure,Hand,mRNA,slee,IGROV1,FFL,in_vitro,1.0,Lee_unsat_dendrimer,max,Individual,Cell_viability,Lee_unsat,,1346.93,
Unsat_dendrimer,DOPE,"Total lipids/RNA 40:1; DOPE MW = 744, Chol = 387, C14-P2K = 2724",3A4-4T,Lee_unsat,Pure,Hand,mRNA,slee,IGROV1,FFL,in_vitro,1.0,Lee_unsat_dendrimer,max,Individual,Cell_viability,Lee_unsat,,1019.44,
Lxue,DOPE,Tox,5-a2-6,Xue_CAD_LNP,Pure,Microfluidic,mRNA,lxue,HeLa,FLL,in_vitro,1.0,Xue_CAD_LNP,max,Barcoded,Cell_viability,Xue_CAD_LNP,,,
Lxue,DOPE,Tox,8-a2-8,Xue_CAD_LNP,Pure,Microfluidic,mRNA,lxue,HeLa,FLL,in_vitro,1.0,Xue_CAD_LNP,max,Barcoded,Cell_viability,Xue_CAD_LNP,,,
Han_amidine,DOPE,Computed with aid lipid molwt as 865,21T-O14,Han_amidine,Crude,Microfluidic,mRNA,Han,HepG2,FFL,in_vitro,1.0,Han_amidine,max,Individual,Cell_viability,Han_amidine,,,
Lxue,DOPE,Tox,2-a3-9b2,Xue_CAD_LNP,Pure,Microfluidic,mRNA,lxue,HeLa,FLL,in_vitro,1.0,Xue_CAD_LNP,max,Barcoded,Cell_viability,Xue_CAD_LNP,,,
Han_amidine,DOPE,Computed with aid lipid molwt as 865,16T-O16,Han_amidine,Crude,Microfluidic,mRNA,Han,HepG2,FFL,in_vitro,1.0,Han_amidine,max,Individual,Cell_viability,Han_amidine,,,
Han_a3,DOPE,,C23-3,Han_a3,Crude,Hand,mRNA,Han,HepG2,FFL,in_vitro,1.0,Han_a3,max,Individual,Cell_viability,Han_a3,,,
Lxue,DOPE,Tox,2-a3-7b,Xue_CAD_LNP,Pure,Microfluidic,mRNA,lxue,HeLa,FLL,in_vitro,1.0,Xue_CAD_LNP,max,Barcoded,Cell_viability,Xue_CAD_LNP,,,
Lxue,DOPE,Tox,1-a2-9,Xue_CAD_LNP,Pure,Microfluidic,mRNA,lxue,HeLa,FLL,in_vitro,1.0,Xue_CAD_LNP,max,Barcoded,Cell_viability,Xue_CAD_LNP,,,
Unsat_dendrimer,DOPE,"Total lipids/RNA 40:1; DOPE MW = 744, Chol = 387, C14-P2K = 2694",2A9-3T,Lee_unsat,Pure,Hand,mRNA,slee,IGROV1,FFL,in_vitro,1.0,Lee_unsat_dendrimer,max,Individual,Cell_viability,Lee_unsat,,688.994,
Lxue,DOPE,Tox,3-a2-9,Xue_CAD_LNP,Pure,Microfluidic,mRNA,lxue,HeLa,FLL,in_vitro,1.0,Xue_CAD_LNP,max,Barcoded,Cell_viability,Xue_CAD_LNP,,,
Lxue,DOPE,Tox,11-a2-9,Xue_CAD_LNP,Pure,Microfluidic,mRNA,lxue,HeLa,FLL,in_vitro,1.0,Xue_CAD_LNP,max,Barcoded,Cell_viability,Xue_CAD_LNP,,,
Lxue,DOPE,Tox,8-a3-8b,Xue_CAD_LNP,Pure,Microfluidic,mRNA,lxue,HeLa,FLL,in_vitro,1.0,Xue_CAD_LNP,max,Barcoded,Cell_viability,Xue_CAD_LNP,,,
Lxue,DOPE,Tox,8-a2-9b2,Xue_CAD_LNP,Pure,Microfluidic,mRNA,lxue,HeLa,FLL,in_vitro,1.0,Xue_CAD_LNP,max,Barcoded,Cell_viability,Xue_CAD_LNP,,,
ZAL_form,,"""ZAL:siRNA ratio such that the number of hydrophobic tails in the ZAL times the ZAL:siRNA mole ratio in the formulation was ~1000"", plus assumed siRNA MW = 13300Da",ZA2-Ep10,Miller_Zwitter,Crude,Hand,siRNA,miller,HeLa,FFL,in_vitro,1.0,Miller_ZAL,max,Individual,Cell_viability,Miller_Zwitter,,849.366,2.0
Lxue,DOPE,Tox,12-a3-6b,Xue_CAD_LNP,Pure,Microfluidic,mRNA,lxue,HeLa,FLL,in_vitro,1.0,Xue_CAD_LNP,max,Barcoded,Cell_viability,Xue_CAD_LNP,,,
Han_a3,DOPE,,B30-4,Han_a3,Crude,Hand,mRNA,Han,HepG2,FFL,in_vitro,1.0,Han_a3,max,Individual,Cell_viability,Han_a3,,,
Unsat_dendrimer,DOPE,"Total lipids/RNA 40:1; DOPE MW = 744, Chol = 387, C14-P2K = 2722",2A9-4T,Lee_unsat,Pure,Hand,mRNA,slee,IGROV1,FFL,in_vitro,1.0,Lee_unsat_dendrimer,max,Individual,Cell_viability,Lee_unsat,,688.994,
Lxue,DOPE,Tox,10-a2-9b2,Xue_CAD_LNP,Pure,Microfluidic,mRNA,lxue,HeLa,FLL,in_vitro,1.0,Xue_CAD_LNP,max,Barcoded,Cell_viability,Xue_CAD_LNP,,,
Han_amidine,DOPE,Computed with aid lipid molwt as 865,7T-O14,Han_amidine,Crude,Microfluidic,mRNA,Han,HepG2,FFL,in_vitro,1.0,Han_amidine,max,Individual,Cell_viability,Han_amidine,,,
Han_amidine,DOPE,Computed with aid lipid molwt as 865,9T-O16,Han_amidine,Crude,Microfluidic,mRNA,Han,HepG2,FFL,in_vitro,1.0,Han_amidine,max,Individual,Cell_viability,Han_amidine,,,
ZAL_form,,"""ZAL:siRNA ratio such that the number of hydrophobic tails in the ZAL times the ZAL:siRNA mole ratio in the formulation was ~1000"", plus assumed siRNA MW = 13300Da",ZA5-Ep12,Miller_Zwitter,Crude,Hand,siRNA,miller,HeLa,FFL,in_vitro,1.0,Miller_ZAL,max,Individual,Cell_viability,Miller_Zwitter,,962.566,3.0
Unsat_dendrimer,DOPE,"Total lipids/RNA 40:1; DOPE MW = 744, Chol = 387, C14-P2K = 2762",6A3-2T,Lee_unsat,Pure,Hand,mRNA,slee,IGROV1,FFL,in_vitro,1.0,Lee_unsat_dendrimer,max,Individual,Cell_viability,Lee_unsat,,1948.758,
Han_amidine,DOPE,Computed with aid lipid molwt as 865,3T-O14,Han_amidine,Crude,Microfluidic,mRNA,Han,HepG2,FFL,in_vitro,1.0,Han_amidine,max,Individual,Cell_viability,Han_amidine,,,
Lxue,DOPE,Tox,5-a2-9,Xue_CAD_LNP,Pure,Microfluidic,mRNA,lxue,HeLa,FLL,in_vitro,1.0,Xue_CAD_LNP,max,Barcoded,Cell_viability,Xue_CAD_LNP,,,
Han_amidine,DOPE,Computed with aid lipid molwt as 865,12T-O9,Han_amidine,Crude,Microfluidic,mRNA,Han,HepG2,FFL,in_vitro,1.0,Han_amidine,max,Individual,Cell_viability,Han_amidine,,,
Lxue,DOPE,Tox,12-a2-7b,Xue_CAD_LNP,Pure,Microfluidic,mRNA,lxue,HeLa,FLL,in_vitro,1.0,Xue_CAD_LNP,max,Barcoded,Cell_viability,Xue_CAD_LNP,,,
Unsat_dendrimer,DOPE,"Total lipids/RNA 40:1; DOPE MW = 744, Chol = 387, C14-P2K = 2701",2A9-3C,Lee_unsat,Pure,Hand,mRNA,slee,IGROV1,FFL,in_vitro,1.0,Lee_unsat_dendrimer,max,Individual,Cell_viability,Lee_unsat,,688.994,
Unsat_dendrimer,DOPE,"Total lipids/RNA 40:1; DOPE MW = 744, Chol = 387, C14-P2K = 2761",4A3-2T,Lee_unsat,Pure,Hand,mRNA,slee,IGROV1,FFL,in_vitro,1.0,Lee_unsat_dendrimer,max,Individual,Cell_viability,Lee_unsat,,1346.93,
Han_amidine,DOPE,Computed with aid lipid molwt as 865,14T-O14,Han_amidine,Crude,Microfluidic,mRNA,Han,HepG2,FFL,in_vitro,1.0,Han_amidine,max,Individual,Cell_viability,Han_amidine,,,
Unsat_dendrimer,DOPE,"Total lipids/RNA 40:1; DOPE MW = 744, Chol = 387, C14-P2K = 2757",2A9-2T,Lee_unsat,Pure,Hand,mRNA,slee,IGROV1,FFL,in_vitro,1.0,Lee_unsat_dendrimer,max,Individual,Cell_viability,Lee_unsat,,688.994,
Unsat_dendrimer,DOPE,"Total lipids/RNA 40:1; DOPE MW = 744, Chol = 387, C14-P2K = 2706",6A3-3C,Lee_unsat,Pure,Hand,mRNA,slee,IGROV1,FFL,in_vitro,1.0,Lee_unsat_dendrimer,max,Individual,Cell_viability,Lee_unsat,,1948.758,
Lxue,DOPE,Tox,6-a2-8b,Xue_CAD_LNP,Pure,Microfluidic,mRNA,lxue,HeLa,FLL,in_vitro,1.0,Xue_CAD_LNP,max,Barcoded,Cell_viability,Xue_CAD_LNP,,,
Lxue,DOPE,Tox,8-a2-7b2,Xue_CAD_LNP,Pure,Microfluidic,mRNA,lxue,HeLa,FLL,in_vitro,1.0,Xue_CAD_LNP,max,Barcoded,Cell_viability,Xue_CAD_LNP,,,
ZAL_form,,"""ZAL:siRNA ratio such that the number of hydrophobic tails in the ZAL times the ZAL:siRNA mole ratio in the formulation was ~1000"", plus assumed siRNA MW = 13300Da",ZA1-Ep8,Miller_Zwitter,Crude,Hand,siRNA,miller,HeLa,FFL,in_vitro,1.0,Miller_ZAL,max,Individual,Cell_viability,Miller_Zwitter,,709.096,2.0
Lxue,DOPE,Tox,10-a3-6b,Xue_CAD_LNP,Pure,Microfluidic,mRNA,lxue,HeLa,FLL,in_vitro,1.0,Xue_CAD_LNP,max,Barcoded,Cell_viability,Xue_CAD_LNP,,,
Lxue,DOPE,Tox,7-a2-7,Xue_CAD_LNP,Pure,Microfluidic,mRNA,lxue,HeLa,FLL,in_vitro,1.0,Xue_CAD_LNP,max,Barcoded,Cell_viability,Xue_CAD_LNP,,,
Han_a3,DOPE,,C10-2,Han_a3,Crude,Hand,mRNA,Han,HepG2,FFL,in_vitro,1.0,Han_a3,max,Individual,Cell_viability,Han_a3,,,
Han_amidine,DOPE,Computed with aid lipid molwt as 865,8T-O16,Han_amidine,Crude,Microfluidic,mRNA,Han,HepG2,FFL,in_vitro,1.0,Han_amidine,max,Individual,Cell_viability,Han_amidine,,,
Unsat_dendrimer,DOPE,"Total lipids/RNA 40:1; DOPE MW = 744, Chol = 387, C14-P2K = 2778",2A9-Cit,Lee_unsat,Pure,Hand,mRNA,slee,IGROV1,FFL,in_vitro,1.0,Lee_unsat_dendrimer,max,Individual,Cell_viability,Lee_unsat,,801.21,
Han_amidine,DOPE,Computed with aid lipid molwt as 865,18T-O12,Han_amidine,Crude,Microfluidic,mRNA,Han,HepG2,FFL,in_vitro,1.0,Han_amidine,max,Individual,Cell_viability,Han_amidine,,,
Lxue,DOPE,Tox,6-a2-9b,Xue_CAD_LNP,Pure,Microfluidic,mRNA,lxue,HeLa,FLL,in_vitro,1.0,Xue_CAD_LNP,max,Barcoded,Cell_viability,Xue_CAD_LNP,,,
Lxue,DOPE,Tox,7-a3-8b,Xue_CAD_LNP,Pure,Microfluidic,mRNA,lxue,HeLa,FLL,in_vitro,1.0,Xue_CAD_LNP,max,Barcoded,Cell_viability,Xue_CAD_LNP,,,
Lxue,DOPE,Tox,12-a2-6,Xue_CAD_LNP,Pure,Microfluidic,mRNA,lxue,HeLa,FLL,in_vitro,1.0,Xue_CAD_LNP,max,Barcoded,Cell_viability,Xue_CAD_LNP,,,
Lxue,DOPE,Tox,11-a3-8b,Xue_CAD_LNP,Pure,Microfluidic,mRNA,lxue,HeLa,FLL,in_vitro,1.0,Xue_CAD_LNP,max,Barcoded,Cell_viability,Xue_CAD_LNP,,,
ZAL_form,,"""ZAL:siRNA ratio such that the number of hydrophobic tails in the ZAL times the ZAL:siRNA mole ratio in the formulation was ~1000"", plus assumed siRNA MW = 13300Da",ZA1-Ac8,Miller_Zwitter,Crude,Hand,siRNA,miller,HeLa,FFL,in_vitro,1.0,Miller_ZAL,max,Individual,Cell_viability,Miller_Zwitter,,821.224,2.0
Lxue,DOPE,Tox,5-a3-9b2,Xue_CAD_LNP,Pure,Microfluidic,mRNA,lxue,HeLa,FLL,in_vitro,1.0,Xue_CAD_LNP,max,Barcoded,Cell_viability,Xue_CAD_LNP,,,
ZAL_form,,"""ZAL:siRNA ratio such that the number of hydrophobic tails in the ZAL times the ZAL:siRNA mole ratio in the formulation was ~1000"", plus assumed siRNA MW = 13300Da",ZA3-Ac16,Miller_Zwitter,Crude,Hand,siRNA,miller,HeLa,FFL,in_vitro,1.0,Miller_ZAL,max,Individual,Cell_viability,Miller_Zwitter,,1893.06,5.0
Han_a3,DOPE,,C22-2,Han_a3,Crude,Hand,mRNA,Han,HepG2,FFL,in_vitro,1.0,Han_a3,max,Individual,Cell_viability,Han_a3,,,
Lxue,DOPE,Tox,8-a3-9b2,Xue_CAD_LNP,Pure,Microfluidic,mRNA,lxue,HeLa,FLL,in_vitro,1.0,Xue_CAD_LNP,max,Barcoded,Cell_viability,Xue_CAD_LNP,,,
ZAL_form,,"""ZAL:siRNA ratio such that the number of hydrophobic tails in the ZAL times the ZAL:siRNA mole ratio in the formulation was ~1000"", plus assumed siRNA MW = 13300Da",ZA3-Ep18,Miller_Zwitter,Crude,Hand,siRNA,miller,HeLa,FFL,in_vitro,1.0,Miller_ZAL,max,Individual,Cell_viability,Miller_Zwitter,,1753.01,5.0
ZAL_form,,"""ZAL:siRNA ratio such that the number of hydrophobic tails in the ZAL times the ZAL:siRNA mole ratio in the formulation was ~1000"", plus assumed siRNA MW = 13300Da",ZA4-Ac12,Miller_Zwitter,Crude,Hand,siRNA,miller,HeLa,FFL,in_vitro,1.0,Miller_ZAL,max,Individual,Cell_viability,Miller_Zwitter,,1102.704,3.0
Han_a3,DOPE,,C12-2,Han_a3,Crude,Hand,mRNA,Han,HepG2,FFL,in_vitro,1.0,Han_a3,max,Individual,Cell_viability,Han_a3,,,
Han_amidine,DOPE,Computed with aid lipid molwt as 865,16T-O12,Han_amidine,Crude,Microfluidic,mRNA,Han,HepG2,FFL,in_vitro,1.0,Han_amidine,max,Individual,Cell_viability,Han_amidine,,,
Han_a3,DOPE,,B22-2,Han_a3,Crude,Hand,mRNA,Han,HepG2,FFL,in_vitro,1.0,Han_a3,max,Individual,Cell_viability,Han_a3,,,
Han_amidine,DOPE,Computed with aid lipid molwt as 865,2T-O14,Han_amidine,Crude,Microfluidic,mRNA,Han,HepG2,FFL,in_vitro,1.0,Han_amidine,max,Individual,Cell_viability,Han_amidine,,,
ZAL_form,,"""ZAL:siRNA ratio such that the number of hydrophobic tails in the ZAL times the ZAL:siRNA mole ratio in the formulation was ~1000"", plus assumed siRNA MW = 13300Da",ZA4-Ep8,Miller_Zwitter,Crude,Hand,siRNA,miller,HeLa,FFL,in_vitro,1.0,Miller_ZAL,max,Individual,Cell_viability,Miller_Zwitter,,766.188,3.0
Unsat_dendrimer,DOPE,"Total lipids/RNA 40:1; DOPE MW = 744, Chol = 387, C14-P2K = 2781",4A1-Cit,Lee_unsat,Pure,Hand,mRNA,slee,IGROV1,FFL,in_vitro,1.0,Lee_unsat_dendrimer,max,Individual,Cell_viability,Lee_unsat,,1626.442,
ZAL_form,,"""ZAL:siRNA ratio such that the number of hydrophobic tails in the ZAL times the ZAL:siRNA mole ratio in the formulation was ~1000"", plus assumed siRNA MW = 13300Da",ZA6-Ac10,Miller_Zwitter,Crude,Hand,siRNA,miller,HeLa,FFL,in_vitro,1.0,Miller_ZAL,max,Individual,Cell_viability,Miller_Zwitter,,1101.676,3.0
Han_amidine,DOPE,Computed with aid lipid molwt as 865,22T-O14,Han_amidine,Crude,Microfluidic,mRNA,Han,HepG2,FFL,in_vitro,1.0,Han_amidine,max,Individual,Cell_viability,Han_amidine,,,
ZAL_form,,"""ZAL:siRNA ratio such that the number of hydrophobic tails in the ZAL times the ZAL:siRNA mole ratio in the formulation was ~1000"", plus assumed siRNA MW = 13300Da",ZA4-Ep14,Miller_Zwitter,Crude,Hand,siRNA,miller,HeLa,FFL,in_vitro,1.0,Miller_ZAL,max,Individual,Cell_viability,Miller_Zwitter,,1018.674,3.0
Unsat_dendrimer,DOPE,"Total lipids/RNA 40:1; DOPE MW = 744, Chol = 387, C14-P2K = 2763",2A2-2C,Lee_unsat,Pure,Hand,mRNA,slee,IGROV1,FFL,in_vitro,1.0,Lee_unsat_dendrimer,max,Individual,Cell_viability,Lee_unsat,,758.101,
Lxue,DOPE,Tox,3-a2-8b,Xue_CAD_LNP,Pure,Microfluidic,mRNA,lxue,HeLa,FLL,in_vitro,1.0,Xue_CAD_LNP,max,Barcoded,Cell_viability,Xue_CAD_LNP,,,
Unsat_dendrimer,DOPE,"Total lipids/RNA 40:1; DOPE MW = 744, Chol = 387, C14-P2K = 2766",3A4-2C,Lee_unsat,Pure,Hand,mRNA,slee,IGROV1,FFL,in_vitro,1.0,Lee_unsat_dendrimer,max,Individual,Cell_viability,Lee_unsat,,1019.44,
ZAL_form,,"""ZAL:siRNA ratio such that the number of hydrophobic tails in the ZAL times the ZAL:siRNA mole ratio in the formulation was ~1000"", plus assumed siRNA MW = 13300Da",ZA6-Ep18,Miller_Zwitter,Crude,Hand,siRNA,miller,HeLa,FFL,in_vitro,1.0,Miller_ZAL,max,Individual,Cell_viability,Miller_Zwitter,,1270.132,3.0
Lxue,DOPE,Tox,4-a3-9b2,Xue_CAD_LNP,Pure,Microfluidic,mRNA,lxue,HeLa,FLL,in_vitro,1.0,Xue_CAD_LNP,max,Barcoded,Cell_viability,Xue_CAD_LNP,,,
Lxue,DOPE,Tox,8-a2-8b,Xue_CAD_LNP,Pure,Microfluidic,mRNA,lxue,HeLa,FLL,in_vitro,1.0,Xue_CAD_LNP,max,Barcoded,Cell_viability,Xue_CAD_LNP,,,
ZAL_form,,"""ZAL:siRNA ratio such that the number of hydrophobic tails in the ZAL times the ZAL:siRNA mole ratio in the formulation was ~1000"", plus assumed siRNA MW = 13300Da",ZA5-Ac16,Miller_Zwitter,Crude,Hand,siRNA,miller,HeLa,FFL,in_vitro,1.0,Miller_ZAL,max,Individual,Cell_viability,Miller_Zwitter,,1299.082,3.0
ZAL_form,,"""ZAL:siRNA ratio such that the number of hydrophobic tails in the ZAL times the ZAL:siRNA mole ratio in the formulation was ~1000"", plus assumed siRNA MW = 13300Da",ZA5-Ep8,Miller_Zwitter,Crude,Hand,siRNA,miller,HeLa,FFL,in_vitro,1.0,Miller_ZAL,max,Individual,Cell_viability,Miller_Zwitter,,794.242,3.0
Unsat_dendrimer,DOPE,"Total lipids/RNA 40:1; DOPE MW = 744, Chol = 387, C14-P2K = 2775",4A3-5,Lee_unsat,Pure,Hand,mRNA,slee,IGROV1,FFL,in_vitro,1.0,Lee_unsat_dendrimer,max,Individual,Cell_viability,Lee_unsat,,1346.93,
Han_amidine,DOPE,Computed with aid lipid molwt as 865,23T-O12,Han_amidine,Crude,Microfluidic,mRNA,Han,HepG2,FFL,in_vitro,1.0,Han_amidine,max,Individual,Cell_viability,Han_amidine,,,
Han_amidine,DOPE,Computed with aid lipid molwt as 865,20T-O14,Han_amidine,Crude,Microfluidic,mRNA,Han,HepG2,FFL,in_vitro,1.0,Han_amidine,max,Individual,Cell_viability,Han_amidine,,,
Lxue,DOPE,Tox,3-a2-9b,Xue_CAD_LNP,Pure,Microfluidic,mRNA,lxue,HeLa,FLL,in_vitro,1.0,Xue_CAD_LNP,max,Barcoded,Cell_viability,Xue_CAD_LNP,,,
Han_amidine,DOPE,Computed with aid lipid molwt as 865,13T-O16,Han_amidine,Crude,Microfluidic,mRNA,Han,HepG2,FFL,in_vitro,1.0,Han_amidine,max,Individual,Cell_viability,Han_amidine,,,
Unsat_dendrimer,DOPE,"Total lipids/RNA 40:1; DOPE MW = 744, Chol = 387, C14-P2K = 2711",4A1-SC8,Lee_unsat,Pure,Hand,mRNA,slee,IGROV1,FFL,in_vitro,1.0,Lee_unsat_dendrimer,max,Individual,Cell_viability,Lee_unsat,,1522.29,
Lxue,DOPE,Tox,10-a3-7b,Xue_CAD_LNP,Pure,Microfluidic,mRNA,lxue,HeLa,FLL,in_vitro,1.0,Xue_CAD_LNP,max,Barcoded,Cell_viability,Xue_CAD_LNP,,,
Han_amidine,DOPE,Computed with aid lipid molwt as 865,7T-O16,Han_amidine,Crude,Microfluidic,mRNA,Han,HepG2,FFL,in_vitro,1.0,Han_amidine,max,Individual,Cell_viability,Han_amidine,,,
ZAL_form,,"""ZAL:siRNA ratio such that the number of hydrophobic tails in the ZAL times the ZAL:siRNA mole ratio in the formulation was ~1000"", plus assumed siRNA MW = 13300Da",ZA1-Ac16,Miller_Zwitter,Crude,Hand,siRNA,miller,HeLa,FFL,in_vitro,1.0,Miller_ZAL,max,Individual,Cell_viability,Miller_Zwitter,,1045.656,2.0
ZAL_form,,"""ZAL:siRNA ratio such that the number of hydrophobic tails in the ZAL times the ZAL:siRNA mole ratio in the formulation was ~1000"", plus assumed siRNA MW = 13300Da",ZA1-Ac14,Miller_Zwitter,Crude,Hand,siRNA,miller,HeLa,FFL,in_vitro,1.0,Miller_ZAL,max,Individual,Cell_viability,Miller_Zwitter,,989.548,2.0
Lxue,DOPE,Tox,9-a2-7b,Xue_CAD_LNP,Pure,Microfluidic,mRNA,lxue,HeLa,FLL,in_vitro,1.0,Xue_CAD_LNP,max,Barcoded,Cell_viability,Xue_CAD_LNP,,,
Han_amidine,DOPE,Computed with aid lipid molwt as 865,6T-O14,Han_amidine,Crude,Microfluidic,mRNA,Han,HepG2,FFL,in_vitro,1.0,Han_amidine,max,Individual,Cell_viability,Han_amidine,,,
Lxue,DOPE,Tox,10-a2-9b,Xue_CAD_LNP,Pure,Microfluidic,mRNA,lxue,HeLa,FLL,in_vitro,1.0,Xue_CAD_LNP,max,Barcoded,Cell_viability,Xue_CAD_LNP,,,
Unsat_dendrimer,DOPE,"Total lipids/RNA 40:1; DOPE MW = 744, Chol = 387, C14-P2K = 2752",3A4-SC6,Lee_unsat,Pure,Hand,mRNA,slee,IGROV1,FFL,in_vitro,1.0,Lee_unsat_dendrimer,max,Individual,Cell_viability,Lee_unsat,,1109.65,
Han_a3,DOPE,,A4-2,Han_a3,Crude,Hand,mRNA,Han,HepG2,FFL,in_vitro,1.0,Han_a3,max,Individual,Cell_viability,Han_a3,,,
Lxue,DOPE,Tox,7-a2-9,Xue_CAD_LNP,Pure,Microfluidic,mRNA,lxue,HeLa,FLL,in_vitro,1.0,Xue_CAD_LNP,max,Barcoded,Cell_viability,Xue_CAD_LNP,,,
Han_amidine,DOPE,Computed with aid lipid molwt as 865,10T-O16,Han_amidine,Crude,Microfluidic,mRNA,Han,HepG2,FFL,in_vitro,1.0,Han_amidine,max,Individual,Cell_viability,Han_amidine,,,
Han_amidine,DOPE,Computed with aid lipid molwt as 865,12T-O12,Han_amidine,Crude,Microfluidic,mRNA,Han,HepG2,FFL,in_vitro,1.0,Han_amidine,max,Individual,Cell_viability,Han_amidine,,,
Lxue,DOPE,Tox,9-a2-7,Xue_CAD_LNP,Pure,Microfluidic,mRNA,lxue,HeLa,FLL,in_vitro,1.0,Xue_CAD_LNP,max,Barcoded,Cell_viability,Xue_CAD_LNP,,,
Unsat_dendrimer,DOPE,"Total lipids/RNA 40:1; DOPE MW = 744, Chol = 387, C14-P2K = 2696",3A4-3T,Lee_unsat,Pure,Hand,mRNA,slee,IGROV1,FFL,in_vitro,1.0,Lee_unsat_dendrimer,max,Individual,Cell_viability,Lee_unsat,,1019.44,
Unsat_dendrimer,DOPE,"Total lipids/RNA 40:1; DOPE MW = 744, Chol = 387, C14-P2K = 2715",2A9-Ne,Lee_unsat,Pure,Hand,mRNA,slee,IGROV1,FFL,in_vitro,1.0,Lee_unsat_dendrimer,max,Individual,Cell_viability,Lee_unsat,,797.178,
Unsat_dendrimer,DOPE,"Total lipids/RNA 40:1; DOPE MW = 744, Chol = 387, C14-P2K = 2759",3A4-2T,Lee_unsat,Pure,Hand,mRNA,slee,IGROV1,FFL,in_vitro,1.0,Lee_unsat_dendrimer,max,Individual,Cell_viability,Lee_unsat,,1019.44,
Han_a3,DOPE,,B13-2,Han_a3,Crude,Hand,mRNA,Han,HepG2,FFL,in_vitro,1.0,Han_a3,max,Individual,Cell_viability,Han_a3,,,
ZAL_form,,"""ZAL:siRNA ratio such that the number of hydrophobic tails in the ZAL times the ZAL:siRNA mole ratio in the formulation was ~1000"", plus assumed siRNA MW = 13300Da",ZA2-Ac12,Miller_Zwitter,Crude,Hand,siRNA,miller,HeLa,FFL,in_vitro,1.0,Miller_ZAL,max,Individual,Cell_viability,Miller_Zwitter,,1017.602,2.0
ZAL_form,,"""ZAL:siRNA ratio such that the number of hydrophobic tails in the ZAL times the ZAL:siRNA mole ratio in the formulation was ~1000"", plus assumed siRNA MW = 13300Da",ZA2-Ac14,Miller_Zwitter,Crude,Hand,siRNA,miller,HeLa,FFL,in_vitro,1.0,Miller_ZAL,max,Individual,Cell_viability,Miller_Zwitter,,1073.71,2.0
Unsat_dendrimer,DOPE,"Total lipids/RNA 40:1; DOPE MW = 744, Chol = 387, C14-P2K = 2736",2A9-SC8,Lee_unsat,Pure,Hand,mRNA,slee,IGROV1,FFL,in_vitro,1.0,Lee_unsat_dendrimer,max,Individual,Cell_viability,Lee_unsat,,741.07,
Han_a3,DOPE,,C3-2,Han_a3,Crude,Hand,mRNA,Han,HepG2,FFL,in_vitro,1.0,Han_a3,max,Individual,Cell_viability,Han_a3,,,
Unsat_dendrimer,DOPE,"Total lipids/RNA 40:1; DOPE MW = 744, Chol = 387, C14-P2K = 2732",4A1-4C,Lee_unsat,Pure,Hand,mRNA,slee,IGROV1,FFL,in_vitro,1.0,Lee_unsat_dendrimer,max,Individual,Cell_viability,Lee_unsat,,1402.01,
Lxue,DOPE,Tox,9-a2-9b2,Xue_CAD_LNP,Pure,Microfluidic,mRNA,lxue,HeLa,FLL,in_vitro,1.0,Xue_CAD_LNP,max,Barcoded,Cell_viability,Xue_CAD_LNP,,,
Han_a3,DOPE,,B4-2,Han_a3,Crude,Hand,mRNA,Han,HepG2,FFL,in_vitro,1.0,Han_a3,max,Individual,Cell_viability,Han_a3,,,
Han_a3,DOPE,,C25-4,Han_a3,Crude,Hand,mRNA,Han,HepG2,FFL,in_vitro,1.0,Han_a3,max,Individual,Cell_viability,Han_a3,,,
Han_amidine,DOPE,Computed with aid lipid molwt as 865,13T-O9,Han_amidine,Crude,Microfluidic,mRNA,Han,HepG2,FFL,in_vitro,1.0,Han_amidine,max,Individual,Cell_viability,Han_amidine,,,
Han_amidine,DOPE,Computed with aid lipid molwt as 865,16T-O14,Han_amidine,Crude,Microfluidic,mRNA,Han,HepG2,FFL,in_vitro,1.0,Han_amidine,max,Individual,Cell_viability,Han_amidine,,,
Han_amidine,DOPE,Computed with aid lipid molwt as 865,17T-O12,Han_amidine,Crude,Microfluidic,mRNA,Han,HepG2,FFL,in_vitro,1.0,Han_amidine,max,Individual,Cell_viability,Han_amidine,,,
Han_a3,DOPE,,A15-2,Han_a3,Crude,Hand,mRNA,Han,HepG2,FFL,in_vitro,1.0,Han_a3,max,Individual,Cell_viability,Han_a3,,,
ZAL_form,,"""ZAL:siRNA ratio such that the number of hydrophobic tails in the ZAL times the ZAL:siRNA mole ratio in the formulation was ~1000"", plus assumed siRNA MW = 13300Da",ZA1-Ep16,Miller_Zwitter,Crude,Hand,siRNA,miller,HeLa,FFL,in_vitro,1.0,Miller_ZAL,max,Individual,Cell_viability,Miller_Zwitter,,933.528,2.0
Han_amidine,DOPE,Computed with aid lipid molwt as 865,25T-O9,Han_amidine,Crude,Microfluidic,mRNA,Han,HepG2,FFL,in_vitro,1.0,Han_amidine,max,Individual,Cell_viability,Han_amidine,,,
Lxue,DOPE,Tox,12-a3-9b2,Xue_CAD_LNP,Pure,Microfluidic,mRNA,lxue,HeLa,FLL,in_vitro,1.0,Xue_CAD_LNP,max,Barcoded,Cell_viability,Xue_CAD_LNP,,,
ZAL_form,,"""ZAL:siRNA ratio such that the number of hydrophobic tails in the ZAL times the ZAL:siRNA mole ratio in the formulation was ~1000"", plus assumed siRNA MW = 13300Da",ZA4-Ac18,Miller_Zwitter,Crude,Hand,siRNA,miller,HeLa,FFL,in_vitro,1.0,Miller_ZAL,max,Individual,Cell_viability,Miller_Zwitter,,1355.19,3.0
Han_amidine,DOPE,Computed with aid lipid molwt as 865,24T-O9,Han_amidine,Crude,Microfluidic,mRNA,Han,HepG2,FFL,in_vitro,1.0,Han_amidine,max,Individual,Cell_viability,Han_amidine,,,
Han_amidine,DOPE,Computed with aid lipid molwt as 865,15T-O9,Han_amidine,Crude,Microfluidic,mRNA,Han,HepG2,FFL,in_vitro,1.0,Han_amidine,max,Individual,Cell_viability,Han_amidine,,,
Lxue,DOPE,Tox,11-a2-6b,Xue_CAD_LNP,Pure,Microfluidic,mRNA,lxue,HeLa,FLL,in_vitro,1.0,Xue_CAD_LNP,max,Barcoded,Cell_viability,Xue_CAD_LNP,,,
Unsat_dendrimer,DOPE,"Total lipids/RNA 40:1; DOPE MW = 744, Chol = 387, C14-P2K = 2746",4A1-Far,Lee_unsat,Pure,Hand,mRNA,slee,IGROV1,FFL,in_vitro,1.0,Lee_unsat_dendrimer,max,Individual,Cell_viability,Lee_unsat,,1890.854,
Han_a3,DOPE,,B14-2,Han_a3,Crude,Hand,mRNA,Han,HepG2,FFL,in_vitro,1.0,Han_a3,max,Individual,Cell_viability,Han_a3,,,
Lxue,DOPE,Tox,11-a3-9b2,Xue_CAD_LNP,Pure,Microfluidic,mRNA,lxue,HeLa,FLL,in_vitro,1.0,Xue_CAD_LNP,max,Barcoded,Cell_viability,Xue_CAD_LNP,,,
ZAL_form,,"""ZAL:siRNA ratio such that the number of hydrophobic tails in the ZAL times the ZAL:siRNA mole ratio in the formulation was ~1000"", plus assumed siRNA MW = 13300Da",ZA1-Ac12,Miller_Zwitter,Crude,Hand,siRNA,miller,HeLa,FFL,in_vitro,1.0,Miller_ZAL,max,Individual,Cell_viability,Miller_Zwitter,,933.44,2.0
Lxue,DOPE,Tox,10-a2-6b,Xue_CAD_LNP,Pure,Microfluidic,mRNA,lxue,HeLa,FLL,in_vitro,1.0,Xue_CAD_LNP,max,Barcoded,Cell_viability,Xue_CAD_LNP,,,
Unsat_dendrimer,DOPE,"Total lipids/RNA 40:1; DOPE MW = 744, Chol = 387, C14-P2K = 2710",3A4-SC8,Lee_unsat,Pure,Hand,mRNA,slee,IGROV1,FFL,in_vitro,1.0,Lee_unsat_dendrimer,max,Individual,Cell_viability,Lee_unsat,,1109.65,
Unsat_dendrimer,DOPE,"Total lipids/RNA 40:1; DOPE MW = 744, Chol = 387, C14-P2K = 2771",2A9-5,Lee_unsat,Pure,Hand,mRNA,slee,IGROV1,FFL,in_vitro,1.0,Lee_unsat_dendrimer,max,Individual,Cell_viability,Lee_unsat,,688.994,
Unsat_dendrimer,DOPE,"Total lipids/RNA 40:1; DOPE MW = 744, Chol = 387, C14-P2K = 2745",3A4-Far,Lee_unsat,Pure,Hand,mRNA,slee,IGROV1,FFL,in_vitro,1.0,Lee_unsat_dendrimer,max,Individual,Cell_viability,Lee_unsat,,1386.073,
Lxue,DOPE,Tox,8-a3-6b,Xue_CAD_LNP,Pure,Microfluidic,mRNA,lxue,HeLa,FLL,in_vitro,1.0,Xue_CAD_LNP,max,Barcoded,Cell_viability,Xue_CAD_LNP,,,
Lxue,DOPE,Tox,9-a2-6,Xue_CAD_LNP,Pure,Microfluidic,mRNA,lxue,HeLa,FLL,in_vitro,1.0,Xue_CAD_LNP,max,Barcoded,Cell_viability,Xue_CAD_LNP,,,
Han_amidine,DOPE,Computed with aid lipid molwt as 865,10T-O12,Han_amidine,Crude,Microfluidic,mRNA,Han,HepG2,FFL,in_vitro,1.0,Han_amidine,max,Individual,Cell_viability,Han_amidine,,,
Unsat_dendrimer,DOPE,"Total lipids/RNA 40:1; DOPE MW = 744, Chol = 387, C14-P2K = 2737",2A9V-SC8,Lee_unsat,Pure,Hand,mRNA,slee,IGROV1,FFL,in_vitro,1.0,Lee_unsat_dendrimer,max,Individual,Cell_viability,Lee_unsat,,755.097,
Han_amidine,DOPE,Computed with aid lipid molwt as 865,18T-O16,Han_amidine,Crude,Microfluidic,mRNA,Han,HepG2,FFL,in_vitro,1.0,Han_amidine,max,Individual,Cell_viability,Han_amidine,,,
Han_amidine,DOPE,Computed with aid lipid molwt as 865,22T-O9,Han_amidine,Crude,Microfluidic,mRNA,Han,HepG2,FFL,in_vitro,1.0,Han_amidine,max,Individual,Cell_viability,Han_amidine,,,
Lxue,DOPE,Tox,9-a2-9,Xue_CAD_LNP,Pure,Microfluidic,mRNA,lxue,HeLa,FLL,in_vitro,1.0,Xue_CAD_LNP,max,Barcoded,Cell_viability,Xue_CAD_LNP,,,
Han_a3,DOPE,,C27-4,Han_a3,Crude,Hand,mRNA,Han,HepG2,FFL,in_vitro,1.0,Han_a3,max,Individual,Cell_viability,Han_a3,,,
ZAL_form,,"""ZAL:siRNA ratio such that the number of hydrophobic tails in the ZAL times the ZAL:siRNA mole ratio in the formulation was ~1000"", plus assumed siRNA MW = 13300Da",ZA3-Ep12,Miller_Zwitter,Crude,Hand,siRNA,miller,HeLa,FFL,in_vitro,1.0,Miller_ZAL,max,Individual,Cell_viability,Miller_Zwitter,,1332.2,5.0
Han_a3,DOPE,,B28-4,Han_a3,Crude,Hand,mRNA,Han,HepG2,FFL,in_vitro,1.0,Han_a3,max,Individual,Cell_viability,Han_a3,,,
Han_a3,DOPE,,B1-2,Han_a3,Crude,Hand,mRNA,Han,HepG2,FFL,in_vitro,1.0,Han_a3,max,Individual,Cell_viability,Han_a3,,,
Han_amidine,DOPE,Computed with aid lipid molwt as 865,8T-O14,Han_amidine,Crude,Microfluidic,mRNA,Han,HepG2,FFL,in_vitro,1.0,Han_amidine,max,Individual,Cell_viability,Han_amidine,,,
Han_amidine,DOPE,Computed with aid lipid molwt as 865,23T-O16,Han_amidine,Crude,Microfluidic,mRNA,Han,HepG2,FFL,in_vitro,1.0,Han_amidine,max,Individual,Cell_viability,Han_amidine,,,
Lxue,DOPE,Tox,9-a3-8b,Xue_CAD_LNP,Pure,Microfluidic,mRNA,lxue,HeLa,FLL,in_vitro,1.0,Xue_CAD_LNP,max,Barcoded,Cell_viability,Xue_CAD_LNP,,,
Han_amidine,DOPE,Computed with aid lipid molwt as 865,15T-O14,Han_amidine,Crude,Microfluidic,mRNA,Han,HepG2,FFL,in_vitro,1.0,Han_amidine,max,Individual,Cell_viability,Han_amidine,,,
Lxue,DOPE,Tox,3-a3-9b2,Xue_CAD_LNP,Pure,Microfluidic,mRNA,lxue,HeLa,FLL,in_vitro,1.0,Xue_CAD_LNP,max,Barcoded,Cell_viability,Xue_CAD_LNP,,,
Lxue,DOPE,Tox,5-a2-8,Xue_CAD_LNP,Pure,Microfluidic,mRNA,lxue,HeLa,FLL,in_vitro,1.0,Xue_CAD_LNP,max,Barcoded,Cell_viability,Xue_CAD_LNP,,,
Lxue,DOPE,Tox,6-a3-6b,Xue_CAD_LNP,Pure,Microfluidic,mRNA,lxue,HeLa,FLL,in_vitro,1.0,Xue_CAD_LNP,max,Barcoded,Cell_viability,Xue_CAD_LNP,,,
Unsat_dendrimer,DOPE,"Total lipids/RNA 40:1; DOPE MW = 744, Chol = 387, C14-P2K = 2755",6A3-SC6,Lee_unsat,Pure,Hand,mRNA,slee,IGROV1,FFL,in_vitro,1.0,Lee_unsat_dendrimer,max,Individual,Cell_viability,Lee_unsat,,2129.178,
Unsat_dendrimer,DOPE,"Total lipids/RNA 40:1; DOPE MW = 744, Chol = 387, C14-P2K = 2699",6A3-3T,Lee_unsat,Pure,Hand,mRNA,slee,IGROV1,FFL,in_vitro,1.0,Lee_unsat_dendrimer,max,Individual,Cell_viability,Lee_unsat,,1948.758,
Han_a3,DOPE,,C24-4,Han_a3,Crude,Hand,mRNA,Han,HepG2,FFL,in_vitro,1.0,Han_a3,max,Individual,Cell_viability,Han_a3,,,
Lxue,DOPE,Tox,11-a2-9b2,Xue_CAD_LNP,Pure,Microfluidic,mRNA,lxue,HeLa,FLL,in_vitro,1.0,Xue_CAD_LNP,max,Barcoded,Cell_viability,Xue_CAD_LNP,,,
Lxue,DOPE,Tox,1-a3-7b2,Xue_CAD_LNP,Pure,Microfluidic,mRNA,lxue,HeLa,FLL,in_vitro,1.0,Xue_CAD_LNP,max,Barcoded,Cell_viability,Xue_CAD_LNP,,,
Lxue,DOPE,Tox,3-a2-8,Xue_CAD_LNP,Pure,Microfluidic,mRNA,lxue,HeLa,FLL,in_vitro,1.0,Xue_CAD_LNP,max,Barcoded,Cell_viability,Xue_CAD_LNP,,,
Lxue,DOPE,Tox,10-a2-9,Xue_CAD_LNP,Pure,Microfluidic,mRNA,lxue,HeLa,FLL,in_vitro,1.0,Xue_CAD_LNP,max,Barcoded,Cell_viability,Xue_CAD_LNP,,,
Han_amidine,DOPE,Computed with aid lipid molwt as 865,14T-O16,Han_amidine,Crude,Microfluidic,mRNA,Han,HepG2,FFL,in_vitro,1.0,Han_amidine,max,Individual,Cell_viability,Han_amidine,,,
Han_amidine,DOPE,Computed with aid lipid molwt as 865,2T-O12,Han_amidine,Crude,Microfluidic,mRNA,Han,HepG2,FFL,in_vitro,1.0,Han_amidine,max,Individual,Cell_viability,Han_amidine,,,
Unsat_dendrimer,DOPE,"Total lipids/RNA 40:1; DOPE MW = 744, Chol = 387, C14-P2K = 2734",6A3-4C,Lee_unsat,Pure,Hand,mRNA,slee,IGROV1,FFL,in_vitro,1.0,Lee_unsat_dendrimer,max,Individual,Cell_viability,Lee_unsat,,1948.758,
Lxue,DOPE,Tox,4-a2-8b,Xue_CAD_LNP,Pure,Microfluidic,mRNA,lxue,HeLa,FLL,in_vitro,1.0,Xue_CAD_LNP,max,Barcoded,Cell_viability,Xue_CAD_LNP,,,
Han_amidine,DOPE,Computed with aid lipid molwt as 865,10T-O14,Han_amidine,Crude,Microfluidic,mRNA,Han,HepG2,FFL,in_vitro,1.0,Han_amidine,max,Individual,Cell_viability,Han_amidine,,,
Han_amidine,DOPE,Computed with aid lipid molwt as 865,11T-O9,Han_amidine,Crude,Microfluidic,mRNA,Han,HepG2,FFL,in_vitro,1.0,Han_amidine,max,Individual,Cell_viability,Han_amidine,,,
Han_amidine,DOPE,Computed with aid lipid molwt as 865,18T-O14,Han_amidine,Crude,Microfluidic,mRNA,Han,HepG2,FFL,in_vitro,1.0,Han_amidine,max,Individual,Cell_viability,Han_amidine,,,
Han_a3,DOPE,,B10-2,Han_a3,Crude,Hand,mRNA,Han,HepG2,FFL,in_vitro,1.0,Han_a3,max,Individual,Cell_viability,Han_a3,,,
Han_amidine,DOPE,Computed with aid lipid molwt as 865,2T-O16,Han_amidine,Crude,Microfluidic,mRNA,Han,HepG2,FFL,in_vitro,1.0,Han_amidine,max,Individual,Cell_viability,Han_amidine,,,
Unsat_dendrimer,DOPE,"Total lipids/RNA 40:1; DOPE MW = 744, Chol = 387, C14-P2K = 2719",4A3-Ne,Lee_unsat,Pure,Hand,mRNA,slee,IGROV1,FFL,in_vitro,1.0,Lee_unsat_dendrimer,max,Individual,Cell_viability,Lee_unsat,,1563.298,
ZAL_form,,"""ZAL:siRNA ratio such that the number of hydrophobic tails in the ZAL times the ZAL:siRNA mole ratio in the formulation was ~1000"", plus assumed siRNA MW = 13300Da",ZA6-Ep10,Miller_Zwitter,Crude,Hand,siRNA,miller,HeLa,FFL,in_vitro,1.0,Miller_ZAL,max,Individual,Cell_viability,Miller_Zwitter,,933.484,3.0
Han_a3,DOPE,,B18-2,Han_a3,Crude,Hand,mRNA,Han,HepG2,FFL,in_vitro,1.0,Han_a3,max,Individual,Cell_viability,Han_a3,,,
Lxue,DOPE,Tox,1-a2-7b2,Xue_CAD_LNP,Pure,Microfluidic,mRNA,lxue,HeLa,FLL,in_vitro,1.0,Xue_CAD_LNP,max,Barcoded,Cell_viability,Xue_CAD_LNP,,,
Han_a3,DOPE,,C14-2,Han_a3,Crude,Hand,mRNA,Han,HepG2,FFL,in_vitro,1.0,Han_a3,max,Individual,Cell_viability,Han_a3,,,
Lxue,DOPE,Tox,7-a3-6b,Xue_CAD_LNP,Pure,Microfluidic,mRNA,lxue,HeLa,FLL,in_vitro,1.0,Xue_CAD_LNP,max,Barcoded,Cell_viability,Xue_CAD_LNP,,,
Han_a3,DOPE,,B27-4,Han_a3,Crude,Hand,mRNA,Han,HepG2,FFL,in_vitro,1.0,Han_a3,max,Individual,Cell_viability,Han_a3,,,
Unsat_dendrimer,DOPE,"Total lipids/RNA 40:1; DOPE MW = 744, Chol = 387, C14-P2K = 2726",4A3-4T,Lee_unsat,Pure,Hand,mRNA,slee,IGROV1,FFL,in_vitro,1.0,Lee_unsat_dendrimer,max,Individual,Cell_viability,Lee_unsat,,1346.93,
Han_a3,DOPE,,A5-2,Han_a3,Crude,Hand,mRNA,Han,HepG2,FFL,in_vitro,1.0,Han_a3,max,Individual,Cell_viability,Han_a3,,,
Lxue,DOPE,Tox,12-a2-8b,Xue_CAD_LNP,Pure,Microfluidic,mRNA,lxue,HeLa,FLL,in_vitro,1.0,Xue_CAD_LNP,max,Barcoded,Cell_viability,Xue_CAD_LNP,,,
Lxue,DOPE,Tox,7-a2-9b,Xue_CAD_LNP,Pure,Microfluidic,mRNA,lxue,HeLa,FLL,in_vitro,1.0,Xue_CAD_LNP,max,Barcoded,Cell_viability,Xue_CAD_LNP,,,
ZAL_form,,"""ZAL:siRNA ratio such that the number of hydrophobic tails in the ZAL times the ZAL:siRNA mole ratio in the formulation was ~1000"", plus assumed siRNA MW = 13300Da",ZA5-Ep14,Miller_Zwitter,Crude,Hand,siRNA,miller,HeLa,FFL,in_vitro,1.0,Miller_ZAL,max,Individual,Cell_viability,Miller_Zwitter,,1046.728,3.0
Unsat_dendrimer,DOPE,"Total lipids/RNA 40:1; DOPE MW = 744, Chol = 387, C14-P2K = 2728",2A2-4C,Lee_unsat,Pure,Hand,mRNA,slee,IGROV1,FFL,in_vitro,1.0,Lee_unsat_dendrimer,max,Individual,Cell_viability,Lee_unsat,,758.101,
Lxue,DOPE,Tox,5-a2-6b,Xue_CAD_LNP,Pure,Microfluidic,mRNA,lxue,HeLa,FLL,in_vitro,1.0,Xue_CAD_LNP,max,Barcoded,Cell_viability,Xue_CAD_LNP,,,
Lxue,DOPE,Tox,4-a2-7,Xue_CAD_LNP,Pure,Microfluidic,mRNA,lxue,HeLa,FLL,in_vitro,1.0,Xue_CAD_LNP,max,Barcoded,Cell_viability,Xue_CAD_LNP,,,
Lxue,DOPE,Tox,3-a2-7,Xue_CAD_LNP,Pure,Microfluidic,mRNA,lxue,HeLa,FLL,in_vitro,1.0,Xue_CAD_LNP,max,Barcoded,Cell_viability,Xue_CAD_LNP,,,
Unsat_dendrimer,DOPE,"Total lipids/RNA 40:1; DOPE MW = 744, Chol = 387, C14-P2K = 2780",3A4-Cit,Lee_unsat,Pure,Hand,mRNA,slee,IGROV1,FFL,in_vitro,1.0,Lee_unsat_dendrimer,max,Individual,Cell_viability,Lee_unsat,,1187.764,
ZAL_form,,"""ZAL:siRNA ratio such that the number of hydrophobic tails in the ZAL times the ZAL:siRNA mole ratio in the formulation was ~1000"", plus assumed siRNA MW = 13300Da",ZA5-Ac14,Miller_Zwitter,Crude,Hand,siRNA,miller,HeLa,FFL,in_vitro,1.0,Miller_ZAL,max,Individual,Cell_viability,Miller_Zwitter,,1214.92,3.0
Unsat_dendrimer,DOPE,"Total lipids/RNA 40:1; DOPE MW = 744, Chol = 387, C14-P2K = 2713",6A3-SC8,Lee_unsat,Pure,Hand,mRNA,slee,IGROV1,FFL,in_vitro,1.0,Lee_unsat_dendrimer,max,Individual,Cell_viability,Lee_unsat,,2129.178,
Han_a3,DOPE,,A14-2,Han_a3,Crude,Hand,mRNA,Han,HepG2,FFL,in_vitro,1.0,Han_a3,max,Individual,Cell_viability,Han_a3,,,
Lxue,DOPE,Tox,2-a3-7b2,Xue_CAD_LNP,Pure,Microfluidic,mRNA,lxue,HeLa,FLL,in_vitro,1.0,Xue_CAD_LNP,max,Barcoded,Cell_viability,Xue_CAD_LNP,,,
Han_a3,DOPE,,C5-2,Han_a3,Crude,Hand,mRNA,Han,HepG2,FFL,in_vitro,1.0,Han_a3,max,Individual,Cell_viability,Han_a3,,,
Unsat_dendrimer,DOPE,"Total lipids/RNA 40:1; DOPE MW = 744, Chol = 387, C14-P2K = 2773",3A4-5,Lee_unsat,Pure,Hand,mRNA,slee,IGROV1,FFL,in_vitro,1.0,Lee_unsat_dendrimer,max,Individual,Cell_viability,Lee_unsat,,1019.44,
ZAL_form,,"""ZAL:siRNA ratio such that the number of hydrophobic tails in the ZAL times the ZAL:siRNA mole ratio in the formulation was ~1000"", plus assumed siRNA MW = 13300Da",ZA6-Ep12,Miller_Zwitter,Crude,Hand,siRNA,miller,HeLa,FFL,in_vitro,1.0,Miller_ZAL,max,Individual,Cell_viability,Miller_Zwitter,,1017.646,3.0
Lxue,DOPE,Tox,11-a3-7b2,Xue_CAD_LNP,Pure,Microfluidic,mRNA,lxue,HeLa,FLL,in_vitro,1.0,Xue_CAD_LNP,max,Barcoded,Cell_viability,Xue_CAD_LNP,,,
Han_amidine,DOPE,Computed with aid lipid molwt as 865,1T-O14,Han_amidine,Crude,Microfluidic,mRNA,Han,HepG2,FFL,in_vitro,1.0,Han_amidine,max,Individual,Cell_viability,Han_amidine,,,
Han_a3,DOPE,,A6-2,Han_a3,Crude,Hand,mRNA,Han,HepG2,FFL,in_vitro,1.0,Han_a3,max,Individual,Cell_viability,Han_a3,,,
Lxue,DOPE,Tox,10-a2-7b,Xue_CAD_LNP,Pure,Microfluidic,mRNA,lxue,HeLa,FLL,in_vitro,1.0,Xue_CAD_LNP,max,Barcoded,Cell_viability,Xue_CAD_LNP,,,
Lxue,DOPE,Tox,5-a2-7,Xue_CAD_LNP,Pure,Microfluidic,mRNA,lxue,HeLa,FLL,in_vitro,1.0,Xue_CAD_LNP,max,Barcoded,Cell_viability,Xue_CAD_LNP,,,
Lxue,DOPE,Tox,10-a2-6,Xue_CAD_LNP,Pure,Microfluidic,mRNA,lxue,HeLa,FLL,in_vitro,1.0,Xue_CAD_LNP,max,Barcoded,Cell_viability,Xue_CAD_LNP,,,
Han_a3,DOPE,,B25-4,Han_a3,Crude,Hand,mRNA,Han,HepG2,FFL,in_vitro,1.0,Han_a3,max,Individual,Cell_viability,Han_a3,,,
Lxue,DOPE,Tox,1-a2-9b,Xue_CAD_LNP,Pure,Microfluidic,mRNA,lxue,HeLa,FLL,in_vitro,1.0,Xue_CAD_LNP,max,Barcoded,Cell_viability,Xue_CAD_LNP,,,
Han_a3,DOPE,,C20-2,Han_a3,Crude,Hand,mRNA,Han,HepG2,FFL,in_vitro,1.0,Han_a3,max,Individual,Cell_viability,Han_a3,,,
Lxue,DOPE,Tox,1-a3-9b2,Xue_CAD_LNP,Pure,Microfluidic,mRNA,lxue,HeLa,FLL,in_vitro,1.0,Xue_CAD_LNP,max,Barcoded,Cell_viability,Xue_CAD_LNP,,,
Lxue,DOPE,Tox,11-a2-8b,Xue_CAD_LNP,Pure,Microfluidic,mRNA,lxue,HeLa,FLL,in_vitro,1.0,Xue_CAD_LNP,max,Barcoded,Cell_viability,Xue_CAD_LNP,,,
Lxue,DOPE,Tox,3-a3-6b,Xue_CAD_LNP,Pure,Microfluidic,mRNA,lxue,HeLa,FLL,in_vitro,1.0,Xue_CAD_LNP,max,Barcoded,Cell_viability,Xue_CAD_LNP,,,
Han_a3,DOPE,,C18-2,Han_a3,Crude,Hand,mRNA,Han,HepG2,FFL,in_vitro,1.0,Han_a3,max,Individual,Cell_viability,Han_a3,,,
Unsat_dendrimer,DOPE,"Total lipids/RNA 40:1; DOPE MW = 744, Chol = 387, C14-P2K = 2729",2A9-4C,Lee_unsat,Pure,Hand,mRNA,slee,IGROV1,FFL,in_vitro,1.0,Lee_unsat_dendrimer,max,Individual,Cell_viability,Lee_unsat,,688.994,
Han_amidine,DOPE,Computed with aid lipid molwt as 865,19T-O14,Han_amidine,Crude,Microfluidic,mRNA,Han,HepG2,FFL,in_vitro,1.0,Han_amidine,max,Individual,Cell_viability,Han_amidine,,,
ZAL_form,,"""ZAL:siRNA ratio such that the number of hydrophobic tails in the ZAL times the ZAL:siRNA mole ratio in the formulation was ~1000"", plus assumed siRNA MW = 13300Da",ZA3-Ep10,Miller_Zwitter,Crude,Hand,siRNA,miller,HeLa,FFL,in_vitro,1.0,Miller_ZAL,max,Individual,Cell_viability,Miller_Zwitter,,1191.93,5.0
Han_a3,DOPE,,C8-2,Han_a3,Crude,Hand,mRNA,Han,HepG2,FFL,in_vitro,1.0,Han_a3,max,Individual,Cell_viability,Han_a3,,,
ZAL_form,,"""ZAL:siRNA ratio such that the number of hydrophobic tails in the ZAL times the ZAL:siRNA mole ratio in the formulation was ~1000"", plus assumed siRNA MW = 13300Da",ZA3-Ac18,Miller_Zwitter,Crude,Hand,siRNA,miller,HeLa,FFL,in_vitro,1.0,Miller_ZAL,max,Individual,Cell_viability,Miller_Zwitter,,2033.33,5.0
Unsat_dendrimer,DOPE,"Total lipids/RNA 40:1; DOPE MW = 744, Chol = 387, C14-P2K = 2749",2A2-SC6,Lee_unsat,Pure,Hand,mRNA,slee,IGROV1,FFL,in_vitro,1.0,Lee_unsat_dendrimer,max,Individual,Cell_viability,Lee_unsat,,818.241,
Unsat_dendrimer,DOPE,"Total lipids/RNA 40:1; DOPE MW = 744, Chol = 387, C14-P2K = 2720",6A3-Ne,Lee_unsat,Pure,Hand,mRNA,slee,IGROV1,FFL,in_vitro,1.0,Lee_unsat_dendrimer,max,Individual,Cell_viability,Lee_unsat,,2273.31,
Unsat_dendrimer,DOPE,"Total lipids/RNA 40:1; DOPE MW = 744, Chol = 387, C14-P2K = 2725",4A1-4T,Lee_unsat,Pure,Hand,mRNA,slee,IGROV1,FFL,in_vitro,1.0,Lee_unsat_dendrimer,max,Individual,Cell_viability,Lee_unsat,,1402.01,
ZAL_form,,"""ZAL:siRNA ratio such that the number of hydrophobic tails in the ZAL times the ZAL:siRNA mole ratio in the formulation was ~1000"", plus assumed siRNA MW = 13300Da",ZA2-Ep16,Miller_Zwitter,Crude,Hand,siRNA,miller,HeLa,FFL,in_vitro,1.0,Miller_ZAL,max,Individual,Cell_viability,Miller_Zwitter,,1017.69,2.0
Han_a3,DOPE,,A25-4,Han_a3,Crude,Hand,mRNA,Han,HepG2,FFL,in_vitro,1.0,Han_a3,max,Individual,Cell_viability,Han_a3,,,
Unsat_dendrimer,DOPE,"Total lipids/RNA 40:1; DOPE MW = 744, Chol = 387, C14-P2K = 2764",2A9-2C,Lee_unsat,Pure,Hand,mRNA,slee,IGROV1,FFL,in_vitro,1.0,Lee_unsat_dendrimer,max,Individual,Cell_viability,Lee_unsat,,688.994,
Han_a3,DOPE,,A18-2,Han_a3,Crude,Hand,mRNA,Han,HepG2,FFL,in_vitro,1.0,Han_a3,max,Individual,Cell_viability,Han_a3,,,
Han_amidine,DOPE,Computed with aid lipid molwt as 865,10T-O9,Han_amidine,Crude,Microfluidic,mRNA,Han,HepG2,FFL,in_vitro,1.0,Han_amidine,max,Individual,Cell_viability,Han_amidine,,,
Unsat_dendrimer,DOPE,"Total lipids/RNA 40:1; DOPE MW = 744, Chol = 387, C14-P2K = 2782",4A3-Cit,Lee_unsat,Pure,Hand,mRNA,slee,IGROV1,FFL,in_vitro,1.0,Lee_unsat_dendrimer,max,Individual,Cell_viability,Lee_unsat,,1571.362,
Unsat_dendrimer,DOPE,"Total lipids/RNA 40:1; DOPE MW = 744, Chol = 387, C14-P2K = 2714",2A2-Ne,Lee_unsat,Pure,Hand,mRNA,slee,IGROV1,FFL,in_vitro,1.0,Lee_unsat_dendrimer,max,Individual,Cell_viability,Lee_unsat,,866.285,
Lxue,DOPE,Tox,11-a3-7b,Xue_CAD_LNP,Pure,Microfluidic,mRNA,lxue,HeLa,FLL,in_vitro,1.0,Xue_CAD_LNP,max,Barcoded,Cell_viability,Xue_CAD_LNP,,,
Lxue,DOPE,Tox,3-a3-8b,Xue_CAD_LNP,Pure,Microfluidic,mRNA,lxue,HeLa,FLL,in_vitro,1.0,Xue_CAD_LNP,max,Barcoded,Cell_viability,Xue_CAD_LNP,,,
Unsat_dendrimer,DOPE,"Total lipids/RNA 40:1; DOPE MW = 744, Chol = 387, C14-P2K = 2730",2A9V-4C,Lee_unsat,Pure,Hand,mRNA,slee,IGROV1,FFL,in_vitro,1.0,Lee_unsat_dendrimer,max,Individual,Cell_viability,Lee_unsat,,703.021,
Han_amidine,DOPE,Computed with aid lipid molwt as 865,11T-O14,Han_amidine,Crude,Microfluidic,mRNA,Han,HepG2,FFL,in_vitro,1.0,Han_amidine,max,Individual,Cell_viability,Han_amidine,,,
Unsat_dendrimer,DOPE,"Total lipids/RNA 40:1; DOPE MW = 744, Chol = 387, C14-P2K = 2703",3A4-3C,Lee_unsat,Pure,Hand,mRNA,slee,IGROV1,FFL,in_vitro,1.0,Lee_unsat_dendrimer,max,Individual,Cell_viability,Lee_unsat,,1019.44,
Unsat_dendrimer,DOPE,"Total lipids/RNA 40:1; DOPE MW = 744, Chol = 387, C14-P2K = 2772",2A9V-5,Lee_unsat,Pure,Hand,mRNA,slee,IGROV1,FFL,in_vitro,1.0,Lee_unsat_dendrimer,max,Individual,Cell_viability,Lee_unsat,,703.021,
Lxue,DOPE,Tox,8-a2-6,Xue_CAD_LNP,Pure,Microfluidic,mRNA,lxue,HeLa,FLL,in_vitro,1.0,Xue_CAD_LNP,max,Barcoded,Cell_viability,Xue_CAD_LNP,,,
Lxue,DOPE,Tox,4-a2-9b,Xue_CAD_LNP,Pure,Microfluidic,mRNA,lxue,HeLa,FLL,in_vitro,1.0,Xue_CAD_LNP,max,Barcoded,Cell_viability,Xue_CAD_LNP,,,
Han_amidine,DOPE,Computed with aid lipid molwt as 865,19T-O9,Han_amidine,Crude,Microfluidic,mRNA,Han,HepG2,FFL,in_vitro,1.0,Han_amidine,max,Individual,Cell_viability,Han_amidine,,,
Lxue,DOPE,Tox,4-a2-7b2,Xue_CAD_LNP,Pure,Microfluidic,mRNA,lxue,HeLa,FLL,in_vitro,1.0,Xue_CAD_LNP,max,Barcoded,Cell_viability,Xue_CAD_LNP,,,
Lxue,DOPE,Tox,6-a2-8,Xue_CAD_LNP,Pure,Microfluidic,mRNA,lxue,HeLa,FLL,in_vitro,1.0,Xue_CAD_LNP,max,Barcoded,Cell_viability,Xue_CAD_LNP,,,
Unsat_dendrimer,DOPE,"Total lipids/RNA 40:1; DOPE MW = 744, Chol = 387, C14-P2K = 2718",4A1-Ne,Lee_unsat,Pure,Hand,mRNA,slee,IGROV1,FFL,in_vitro,1.0,Lee_unsat_dendrimer,max,Individual,Cell_viability,Lee_unsat,,1618.378,
Lxue,DOPE,Tox,3-a2-7b2,Xue_CAD_LNP,Pure,Microfluidic,mRNA,lxue,HeLa,FLL,in_vitro,1.0,Xue_CAD_LNP,max,Barcoded,Cell_viability,Xue_CAD_LNP,,,
Han_amidine,DOPE,Computed with aid lipid molwt as 865,15T-O16,Han_amidine,Crude,Microfluidic,mRNA,Han,HepG2,FFL,in_vitro,1.0,Han_amidine,max,Individual,Cell_viability,Han_amidine,,,
Unsat_dendrimer,DOPE,"Total lipids/RNA 40:1; DOPE MW = 744, Chol = 387, C14-P2K = 2776",6A3-5,Lee_unsat,Pure,Hand,mRNA,slee,IGROV1,FFL,in_vitro,1.0,Lee_unsat_dendrimer,max,Individual,Cell_viability,Lee_unsat,,1948.758,
Han_amidine,DOPE,Computed with aid lipid molwt as 865,12T-O16,Han_amidine,Crude,Microfluidic,mRNA,Han,HepG2,FFL,in_vitro,1.0,Han_amidine,max,Individual,Cell_viability,Han_amidine,,,
Han_a3,DOPE,,B5-2,Han_a3,Crude,Hand,mRNA,Han,HepG2,FFL,in_vitro,1.0,Han_a3,max,Individual,Cell_viability,Han_a3,,,
Han_a3,DOPE,,B23-3,Han_a3,Crude,Hand,mRNA,Han,HepG2,FFL,in_vitro,1.0,Han_a3,max,Individual,Cell_viability,Han_a3,,,
Han_amidine,DOPE,Computed with aid lipid molwt as 865,1T-O12,Han_amidine,Crude,Microfluidic,mRNA,Han,HepG2,FFL,in_vitro,1.0,Han_amidine,max,Individual,Cell_viability,Han_amidine,,,
Lxue,DOPE,Tox,7-a2-6b,Xue_CAD_LNP,Pure,Microfluidic,mRNA,lxue,HeLa,FLL,in_vitro,1.0,Xue_CAD_LNP,max,Barcoded,Cell_viability,Xue_CAD_LNP,,,
Han_a3,DOPE,,A24-4,Han_a3,Crude,Hand,mRNA,Han,HepG2,FFL,in_vitro,1.0,Han_a3,max,Individual,Cell_viability,Han_a3,,,
Lxue,DOPE,Tox,4-a2-9,Xue_CAD_LNP,Pure,Microfluidic,mRNA,lxue,HeLa,FLL,in_vitro,1.0,Xue_CAD_LNP,max,Barcoded,Cell_viability,Xue_CAD_LNP,,,
Han_amidine,DOPE,Computed with aid lipid molwt as 865,5T-O9,Han_amidine,Crude,Microfluidic,mRNA,Han,HepG2,FFL,in_vitro,1.0,Han_amidine,max,Individual,Cell_viability,Han_amidine,,,
Unsat_dendrimer,DOPE,"Total lipids/RNA 40:1; DOPE MW = 744, Chol = 387, C14-P2K = 2754",4A3-SC6,Lee_unsat,Pure,Hand,mRNA,slee,IGROV1,FFL,in_vitro,1.0,Lee_unsat_dendrimer,max,Individual,Cell_viability,Lee_unsat,,1467.21,
Lxue,DOPE,Tox,1-a3-8b,Xue_CAD_LNP,Pure,Microfluidic,mRNA,lxue,HeLa,FLL,in_vitro,1.0,Xue_CAD_LNP,max,Barcoded,Cell_viability,Xue_CAD_LNP,,,
ZAL_form,,"""ZAL:siRNA ratio such that the number of hydrophobic tails in the ZAL times the ZAL:siRNA mole ratio in the formulation was ~1000"", plus assumed siRNA MW = 13300Da",ZA5-Ac10,Miller_Zwitter,Crude,Hand,siRNA,miller,HeLa,FFL,in_vitro,1.0,Miller_ZAL,max,Individual,Cell_viability,Miller_Zwitter,,1046.596,3.0
Lxue,DOPE,Tox,6-a3-8b,Xue_CAD_LNP,Pure,Microfluidic,mRNA,lxue,HeLa,FLL,in_vitro,1.0,Xue_CAD_LNP,max,Barcoded,Cell_viability,Xue_CAD_LNP,,,
Han_amidine,DOPE,Computed with aid lipid molwt as 865,22T-O12,Han_amidine,Crude,Microfluidic,mRNA,Han,HepG2,FFL,in_vitro,1.0,Han_amidine,max,Individual,Cell_viability,Han_amidine,,,
ZAL_form,,"""ZAL:siRNA ratio such that the number of hydrophobic tails in the ZAL times the ZAL:siRNA mole ratio in the formulation was ~1000"", plus assumed siRNA MW = 13300Da",ZA3-Ep8,Miller_Zwitter,Crude,Hand,siRNA,miller,HeLa,FFL,in_vitro,1.0,Miller_ZAL,max,Individual,Cell_viability,Miller_Zwitter,,1051.66,5.0
Lxue,DOPE,Tox,12-a2-6b,Xue_CAD_LNP,Pure,Microfluidic,mRNA,lxue,HeLa,FLL,in_vitro,1.0,Xue_CAD_LNP,max,Barcoded,Cell_viability,Xue_CAD_LNP,,,
ZAL_form,,"""ZAL:siRNA ratio such that the number of hydrophobic tails in the ZAL times the ZAL:siRNA mole ratio in the formulation was ~1000"", plus assumed siRNA MW = 13300Da",ZA6-Ac14,Miller_Zwitter,Crude,Hand,siRNA,miller,HeLa,FFL,in_vitro,1.0,Miller_ZAL,max,Individual,Cell_viability,Miller_Zwitter,,1270.0,3.0
Lxue,DOPE,Tox,9-a3-9b2,Xue_CAD_LNP,Pure,Microfluidic,mRNA,lxue,HeLa,FLL,in_vitro,1.0,Xue_CAD_LNP,max,Barcoded,Cell_viability,Xue_CAD_LNP,,,
ZAL_form,,"""ZAL:siRNA ratio such that the number of hydrophobic tails in the ZAL times the ZAL:siRNA mole ratio in the formulation was ~1000"", plus assumed siRNA MW = 13300Da",ZA2-Ac8,Miller_Zwitter,Crude,Hand,siRNA,miller,HeLa,FFL,in_vitro,1.0,Miller_ZAL,max,Individual,Cell_viability,Miller_Zwitter,,905.386,2.0
Han_a3,DOPE,,A26-4,Han_a3,Crude,Hand,mRNA,Han,HepG2,FFL,in_vitro,1.0,Han_a3,max,Individual,Cell_viability,Han_a3,,,
ZAL_form,,"""ZAL:siRNA ratio such that the number of hydrophobic tails in the ZAL times the ZAL:siRNA mole ratio in the formulation was ~1000"", plus assumed siRNA MW = 13300Da",ZA3-Ac12,Miller_Zwitter,Crude,Hand,siRNA,miller,HeLa,FFL,in_vitro,1.0,Miller_ZAL,max,Individual,Cell_viability,Miller_Zwitter,,1612.52,5.0
Unsat_dendrimer,DOPE,"Total lipids/RNA 40:1; DOPE MW = 744, Chol = 387, C14-P2K = 2756",2A2-2T,Lee_unsat,Pure,Hand,mRNA,slee,IGROV1,FFL,in_vitro,1.0,Lee_unsat_dendrimer,max,Individual,Cell_viability,Lee_unsat,,758.101,
Lxue,DOPE,Tox,4-a2-9b2,Xue_CAD_LNP,Pure,Microfluidic,mRNA,lxue,HeLa,FLL,in_vitro,1.0,Xue_CAD_LNP,max,Barcoded,Cell_viability,Xue_CAD_LNP,,,
Han_amidine,DOPE,Computed with aid lipid molwt as 865,23T-O9,Han_amidine,Crude,Microfluidic,mRNA,Han,HepG2,FFL,in_vitro,1.0,Han_amidine,max,Individual,Cell_viability,Han_amidine,,,
Lxue,DOPE,Tox,4-a2-8,Xue_CAD_LNP,Pure,Microfluidic,mRNA,lxue,HeLa,FLL,in_vitro,1.0,Xue_CAD_LNP,max,Barcoded,Cell_viability,Xue_CAD_LNP,,,
Han_a3,DOPE,,B17-2,Han_a3,Crude,Hand,mRNA,Han,HepG2,FFL,in_vitro,1.0,Han_a3,max,Individual,Cell_viability,Han_a3,,,
Lxue,DOPE,Tox,12-a2-9b2,Xue_CAD_LNP,Pure,Microfluidic,mRNA,lxue,HeLa,FLL,in_vitro,1.0,Xue_CAD_LNP,max,Barcoded,Cell_viability,Xue_CAD_LNP,,,
Han_a3,DOPE,,B2-2,Han_a3,Crude,Hand,mRNA,Han,HepG2,FFL,in_vitro,1.0,Han_a3,max,Individual,Cell_viability,Han_a3,,,
Unsat_dendrimer,DOPE,"Total lipids/RNA 40:1; DOPE MW = 744, Chol = 387, C14-P2K = 2702",2A9V-3C,Lee_unsat,Pure,Hand,mRNA,slee,IGROV1,FFL,in_vitro,1.0,Lee_unsat_dendrimer,max,Individual,Cell_viability,Lee_unsat,,703.021,
Han_a3,DOPE,,B8-2,Han_a3,Crude,Hand,mRNA,Han,HepG2,FFL,in_vitro,1.0,Han_a3,max,Individual,Cell_viability,Han_a3,,,
Lxue,DOPE,Tox,12-a2-7b2,Xue_CAD_LNP,Pure,Microfluidic,mRNA,lxue,HeLa,FLL,in_vitro,1.0,Xue_CAD_LNP,max,Barcoded,Cell_viability,Xue_CAD_LNP,,,
Lxue,DOPE,Tox,4-a3-8b,Xue_CAD_LNP,Pure,Microfluidic,mRNA,lxue,HeLa,FLL,in_vitro,1.0,Xue_CAD_LNP,max,Barcoded,Cell_viability,Xue_CAD_LNP,,,
Han_a3,DOPE,,A12-2,Han_a3,Crude,Hand,mRNA,Han,HepG2,FFL,in_vitro,1.0,Han_a3,max,Individual,Cell_viability,Han_a3,,,
Lxue,DOPE,Tox,4-a2-7b,Xue_CAD_LNP,Pure,Microfluidic,mRNA,lxue,HeLa,FLL,in_vitro,1.0,Xue_CAD_LNP,max,Barcoded,Cell_viability,Xue_CAD_LNP,,,
Han_amidine,DOPE,Computed with aid lipid molwt as 865,4T-O9,Han_amidine,Crude,Microfluidic,mRNA,Han,HepG2,FFL,in_vitro,1.0,Han_amidine,max,Individual,Cell_viability,Han_amidine,,,
Unsat_dendrimer,DOPE,"Total lipids/RNA 40:1; DOPE MW = 744, Chol = 387, C14-P2K = 2748",6A3-Far,Lee_unsat,Pure,Hand,mRNA,slee,IGROV1,FFL,in_vitro,1.0,Lee_unsat_dendrimer,max,Individual,Cell_viability,Lee_unsat,,2682.024,
Unsat_dendrimer,DOPE,"Total lipids/RNA 40:1; DOPE MW = 744, Chol = 387, C14-P2K = 2765",2A9V-2C,Lee_unsat,Pure,Hand,mRNA,slee,IGROV1,FFL,in_vitro,1.0,Lee_unsat_dendrimer,max,Individual,Cell_viability,Lee_unsat,,703.021,
Lxue,DOPE,Tox,2-a2-8b,Xue_CAD_LNP,Pure,Microfluidic,mRNA,lxue,HeLa,FLL,in_vitro,1.0,Xue_CAD_LNP,max,Barcoded,Cell_viability,Xue_CAD_LNP,,,
ZAL_form,,"""ZAL:siRNA ratio such that the number of hydrophobic tails in the ZAL times the ZAL:siRNA mole ratio in the formulation was ~1000"", plus assumed siRNA MW = 13300Da",ZA3-Ac10,Miller_Zwitter,Crude,Hand,siRNA,miller,HeLa,FFL,in_vitro,1.0,Miller_ZAL,max,Individual,Cell_viability,Miller_Zwitter,,1472.25,5.0
Han_a3,DOPE,,A7-2,Han_a3,Crude,Hand,mRNA,Han,HepG2,FFL,in_vitro,1.0,Han_a3,max,Individual,Cell_viability,Han_a3,,,
Lxue,DOPE,Tox,11-a3-6b,Xue_CAD_LNP,Pure,Microfluidic,mRNA,lxue,HeLa,FLL,in_vitro,1.0,Xue_CAD_LNP,max,Barcoded,Cell_viability,Xue_CAD_LNP,,,
ZAL_form,,"""ZAL:siRNA ratio such that the number of hydrophobic tails in the ZAL times the ZAL:siRNA mole ratio in the formulation was ~1000"", plus assumed siRNA MW = 13300Da",ZA6-Ep8,Miller_Zwitter,Crude,Hand,siRNA,miller,HeLa,FFL,in_vitro,1.0,Miller_ZAL,max,Individual,Cell_viability,Miller_Zwitter,,849.322,3.0
Han_a3,DOPE,,C1-2,Han_a3,Crude,Hand,mRNA,Han,HepG2,FFL,in_vitro,1.0,Han_a3,max,Individual,Cell_viability,Han_a3,,,
Unsat_dendrimer,DOPE,"Total lipids/RNA 40:1; DOPE MW = 744, Chol = 387, C14-P2K = 2704",4A1-3C,Lee_unsat,Pure,Hand,mRNA,slee,IGROV1,FFL,in_vitro,1.0,Lee_unsat_dendrimer,max,Individual,Cell_viability,Lee_unsat,,1402.01,
Han_amidine,DOPE,Computed with aid lipid molwt as 865,20T-O12,Han_amidine,Crude,Microfluidic,mRNA,Han,HepG2,FFL,in_vitro,1.0,Han_amidine,max,Individual,Cell_viability,Han_amidine,,,
ZAL_form,,"""ZAL:siRNA ratio such that the number of hydrophobic tails in the ZAL times the ZAL:siRNA mole ratio in the formulation was ~1000"", plus assumed siRNA MW = 13300Da",ZA6-Ep14,Miller_Zwitter,Crude,Hand,siRNA,miller,HeLa,FFL,in_vitro,1.0,Miller_ZAL,max,Individual,Cell_viability,Miller_Zwitter,,1101.808,3.0
Han_amidine,DOPE,Computed with aid lipid molwt as 865,23T-O14,Han_amidine,Crude,Microfluidic,mRNA,Han,HepG2,FFL,in_vitro,1.0,Han_amidine,max,Individual,Cell_viability,Han_amidine,,,
Han_a3,DOPE,,C17-2,Han_a3,Crude,Hand,mRNA,Han,HepG2,FFL,in_vitro,1.0,Han_a3,max,Individual,Cell_viability,Han_a3,,,
ZAL_form,,"""ZAL:siRNA ratio such that the number of hydrophobic tails in the ZAL times the ZAL:siRNA mole ratio in the formulation was ~1000"", plus assumed siRNA MW = 13300Da",ZA4-Ac8,Miller_Zwitter,Crude,Hand,siRNA,miller,HeLa,FFL,in_vitro,1.0,Miller_ZAL,max,Individual,Cell_viability,Miller_Zwitter,,934.38,3.0
Lxue,DOPE,Tox,7-a2-9b2,Xue_CAD_LNP,Pure,Microfluidic,mRNA,lxue,HeLa,FLL,in_vitro,1.0,Xue_CAD_LNP,max,Barcoded,Cell_viability,Xue_CAD_LNP,,,
Han_amidine,DOPE,Computed with aid lipid molwt as 865,7T-O12,Han_amidine,Crude,Microfluidic,mRNA,Han,HepG2,FFL,in_vitro,1.0,Han_amidine,max,Individual,Cell_viability,Han_amidine,,,
Lxue,DOPE,Tox,6-a3-7b2,Xue_CAD_LNP,Pure,Microfluidic,mRNA,lxue,HeLa,FLL,in_vitro,1.0,Xue_CAD_LNP,max,Barcoded,Cell_viability,Xue_CAD_LNP,,,
Han_a3,DOPE,,C6-2,Han_a3,Crude,Hand,mRNA,Han,HepG2,FFL,in_vitro,1.0,Han_a3,max,Individual,Cell_viability,Han_a3,,,
Unsat_dendrimer,DOPE,"Total lipids/RNA 40:1; DOPE MW = 744, Chol = 387, C14-P2K = 2727",6A3-4T,Lee_unsat,Pure,Hand,mRNA,slee,IGROV1,FFL,in_vitro,1.0,Lee_unsat_dendrimer,max,Individual,Cell_viability,Lee_unsat,,1948.758,
Han_a3,DOPE,,B9-2,Han_a3,Crude,Hand,mRNA,Han,HepG2,FFL,in_vitro,1.0,Han_a3,max,Individual,Cell_viability,Han_a3,,,
Lxue,DOPE,Tox,2-a2-8,Xue_CAD_LNP,Pure,Microfluidic,mRNA,lxue,HeLa,FLL,in_vitro,1.0,Xue_CAD_LNP,max,Barcoded,Cell_viability,Xue_CAD_LNP,,,
Lxue,DOPE,Tox,5-a3-7b,Xue_CAD_LNP,Pure,Microfluidic,mRNA,lxue,HeLa,FLL,in_vitro,1.0,Xue_CAD_LNP,max,Barcoded,Cell_viability,Xue_CAD_LNP,,,
Lxue,DOPE,Tox,8-a2-6b,Xue_CAD_LNP,Pure,Microfluidic,mRNA,lxue,HeLa,FLL,in_vitro,1.0,Xue_CAD_LNP,max,Barcoded,Cell_viability,Xue_CAD_LNP,,,
Han_amidine,DOPE,Computed with aid lipid molwt as 865,20T-O16,Han_amidine,Crude,Microfluidic,mRNA,Han,HepG2,FFL,in_vitro,1.0,Han_amidine,max,Individual,Cell_viability,Han_amidine,,,
xyu,DOPE,,,Yu_Aminoglycoside,Pure,Microfluidic,mRNA,xyu,IGROV1,FLL,in_vitro,1.0,Siegwart_Amino,max,Batch,Cell_viability,Yu_Aminoglycoside,HG-EP6,,
xyu,DOPE,,,Yu_Aminoglycoside,Pure,Microfluidic,mRNA,xyu,IGROV1,FLL,in_vitro,1.0,Siegwart_Amino,max,Batch,Cell_viability,Yu_Aminoglycoside,HG-EP8,,
xyu,DOPE,,,Yu_Aminoglycoside,Pure,Microfluidic,mRNA,xyu,IGROV1,FLL,in_vitro,1.0,Siegwart_Amino,max,Batch,Cell_viability,Yu_Aminoglycoside,HG-EP10,,
xyu,DOPE,,,Yu_Aminoglycoside,Pure,Microfluidic,mRNA,xyu,IGROV1,FLL,in_vitro,1.0,Siegwart_Amino,max,Batch,Cell_viability,Yu_Aminoglycoside,HG-EP10-1,,
xyu,DOPE,,,Yu_Aminoglycoside,Pure,Microfluidic,mRNA,xyu,IGROV1,FLL,in_vitro,1.0,Siegwart_Amino,max,Batch,Cell_viability,Yu_Aminoglycoside,HG-EP12,,
xyu,DOPE,,,Yu_Aminoglycoside,Pure,Microfluidic,mRNA,xyu,IGROV1,FLL,in_vitro,1.0,Siegwart_Amino,max,Batch,Cell_viability,Yu_Aminoglycoside,HG-EP14,,
xyu,DOPE,,,Yu_Aminoglycoside,Pure,Microfluidic,mRNA,xyu,IGROV1,FLL,in_vitro,1.0,Siegwart_Amino,max,Batch,Cell_viability,Yu_Aminoglycoside,GT-EP6,,
xyu,DOPE,,,Yu_Aminoglycoside,Pure,Microfluidic,mRNA,xyu,IGROV1,FLL,in_vitro,1.0,Siegwart_Amino,max,Batch,Cell_viability,Yu_Aminoglycoside,GT-EP8,,
xyu,DOPE,,,Yu_Aminoglycoside,Pure,Microfluidic,mRNA,xyu,IGROV1,FLL,in_vitro,1.0,Siegwart_Amino,max,Batch,Cell_viability,Yu_Aminoglycoside,GT-EP10,,
xyu,DOPE,,,Yu_Aminoglycoside,Pure,Microfluidic,mRNA,xyu,IGROV1,FLL,in_vitro,1.0,Siegwart_Amino,max,Batch,Cell_viability,Yu_Aminoglycoside,GT-EP10-1,,
xyu,DOPE,,,Yu_Aminoglycoside,Pure,Microfluidic,mRNA,xyu,IGROV1,FLL,in_vitro,1.0,Siegwart_Amino,max,Batch,Cell_viability,Yu_Aminoglycoside,GT-EP12,,
xyu,DOPE,,,Yu_Aminoglycoside,Pure,Microfluidic,mRNA,xyu,IGROV1,FLL,in_vitro,1.0,Siegwart_Amino,max,Batch,Cell_viability,Yu_Aminoglycoside,GT-EP14,,
xyu,DOPE,,,Yu_Aminoglycoside,Pure,Microfluidic,mRNA,xyu,IGROV1,FLL,in_vitro,1.0,Siegwart_Amino,max,Batch,Cell_viability,Yu_Aminoglycoside,AM-EP6,,
xyu,DOPE,,,Yu_Aminoglycoside,Pure,Microfluidic,mRNA,xyu,IGROV1,FLL,in_vitro,1.0,Siegwart_Amino,max,Batch,Cell_viability,Yu_Aminoglycoside,AM-EP8,,
xyu,DOPE,,,Yu_Aminoglycoside,Pure,Microfluidic,mRNA,xyu,IGROV1,FLL,in_vitro,1.0,Siegwart_Amino,max,Batch,Cell_viability,Yu_Aminoglycoside,AM-EP10,,
xyu,DOPE,,,Yu_Aminoglycoside,Pure,Microfluidic,mRNA,xyu,IGROV1,FLL,in_vitro,1.0,Siegwart_Amino,max,Batch,Cell_viability,Yu_Aminoglycoside,AM-EP10-1,,
xyu,DOPE,,,Yu_Aminoglycoside,Pure,Microfluidic,mRNA,xyu,IGROV1,FLL,in_vitro,1.0,Siegwart_Amino,max,Batch,Cell_viability,Yu_Aminoglycoside,AM-EP12,,
xyu,DOPE,,,Yu_Aminoglycoside,Pure,Microfluidic,mRNA,xyu,IGROV1,FLL,in_vitro,1.0,Siegwart_Amino,max,Batch,Cell_viability,Yu_Aminoglycoside,AM-EP14,,
xyu,DOPE,,,Yu_Aminoglycoside,Pure,Microfluidic,mRNA,xyu,IGROV1,FLL,in_vitro,1.0,Siegwart_Amino,max,Batch,Cell_viability,Yu_Aminoglycoside,GN-EP6,,
xyu,DOPE,,,Yu_Aminoglycoside,Pure,Microfluidic,mRNA,xyu,IGROV1,FLL,in_vitro,1.0,Siegwart_Amino,max,Batch,Cell_viability,Yu_Aminoglycoside,GN-EP8,,
xyu,DOPE,,,Yu_Aminoglycoside,Pure,Microfluidic,mRNA,xyu,IGROV1,FLL,in_vitro,1.0,Siegwart_Amino,max,Batch,Cell_viability,Yu_Aminoglycoside,GN-EP10,,
xyu,DOPE,,,Yu_Aminoglycoside,Pure,Microfluidic,mRNA,xyu,IGROV1,FLL,in_vitro,1.0,Siegwart_Amino,max,Batch,Cell_viability,Yu_Aminoglycoside,GN-EP10-1,,
xyu,DOPE,,,Yu_Aminoglycoside,Pure,Microfluidic,mRNA,xyu,IGROV1,FLL,in_vitro,1.0,Siegwart_Amino,max,Batch,Cell_viability,Yu_Aminoglycoside,GN-EP12,,
xyu,DOPE,,,Yu_Aminoglycoside,Pure,Microfluidic,mRNA,xyu,IGROV1,FLL,in_vitro,1.0,Siegwart_Amino,max,Batch,Cell_viability,Yu_Aminoglycoside,GN-EP14,,
xyu,DOPE,,,Yu_Aminoglycoside,Pure,Microfluidic,mRNA,xyu,IGROV1,FLL,in_vitro,1.0,Siegwart_Amino,max,Batch,Cell_viability,Yu_Aminoglycoside,HG-Ac6,,
xyu,DOPE,,,Yu_Aminoglycoside,Pure,Microfluidic,mRNA,xyu,IGROV1,FLL,in_vitro,1.0,Siegwart_Amino,max,Batch,Cell_viability,Yu_Aminoglycoside,HG-Ac8,,
xyu,DOPE,,,Yu_Aminoglycoside,Pure,Microfluidic,mRNA,xyu,IGROV1,FLL,in_vitro,1.0,Siegwart_Amino,max,Batch,Cell_viability,Yu_Aminoglycoside,HG-Ac8-1,,
xyu,DOPE,,,Yu_Aminoglycoside,Pure,Microfluidic,mRNA,xyu,IGROV1,FLL,in_vitro,1.0,Siegwart_Amino,max,Batch,Cell_viability,Yu_Aminoglycoside,HG-Ac10,,
xyu,DOPE,,,Yu_Aminoglycoside,Pure,Microfluidic,mRNA,xyu,IGROV1,FLL,in_vitro,1.0,Siegwart_Amino,max,Batch,Cell_viability,Yu_Aminoglycoside,HG-Ac12,,
xyu,DOPE,,,Yu_Aminoglycoside,Pure,Microfluidic,mRNA,xyu,IGROV1,FLL,in_vitro,1.0,Siegwart_Amino,max,Batch,Cell_viability,Yu_Aminoglycoside,GT-Ac6,,
xyu,DOPE,,,Yu_Aminoglycoside,Pure,Microfluidic,mRNA,xyu,IGROV1,FLL,in_vitro,1.0,Siegwart_Amino,max,Batch,Cell_viability,Yu_Aminoglycoside,GT-Ac8,,
xyu,DOPE,,,Yu_Aminoglycoside,Pure,Microfluidic,mRNA,xyu,IGROV1,FLL,in_vitro,1.0,Siegwart_Amino,max,Batch,Cell_viability,Yu_Aminoglycoside,GT-Ac8-1,,
xyu,DOPE,,,Yu_Aminoglycoside,Pure,Microfluidic,mRNA,xyu,IGROV1,FLL,in_vitro,1.0,Siegwart_Amino,max,Batch,Cell_viability,Yu_Aminoglycoside,GT-Ac10,,
xyu,DOPE,,,Yu_Aminoglycoside,Pure,Microfluidic,mRNA,xyu,IGROV1,FLL,in_vitro,1.0,Siegwart_Amino,max,Batch,Cell_viability,Yu_Aminoglycoside,GT-Ac12,,
xyu,DOPE,,,Yu_Aminoglycoside,Pure,Microfluidic,mRNA,xyu,IGROV1,FLL,in_vitro,1.0,Siegwart_Amino,max,Batch,Cell_viability,Yu_Aminoglycoside,AM-Ac6,,
xyu,DOPE,,,Yu_Aminoglycoside,Pure,Microfluidic,mRNA,xyu,IGROV1,FLL,in_vitro,1.0,Siegwart_Amino,max,Batch,Cell_viability,Yu_Aminoglycoside,AM-Ac8,,
xyu,DOPE,,,Yu_Aminoglycoside,Pure,Microfluidic,mRNA,xyu,IGROV1,FLL,in_vitro,1.0,Siegwart_Amino,max,Batch,Cell_viability,Yu_Aminoglycoside,AM-Ac8-1,,
xyu,DOPE,,,Yu_Aminoglycoside,Pure,Microfluidic,mRNA,xyu,IGROV1,FLL,in_vitro,1.0,Siegwart_Amino,max,Batch,Cell_viability,Yu_Aminoglycoside,AM-Ac10,,
xyu,DOPE,,,Yu_Aminoglycoside,Pure,Microfluidic,mRNA,xyu,IGROV1,FLL,in_vitro,1.0,Siegwart_Amino,max,Batch,Cell_viability,Yu_Aminoglycoside,AM-Ac12,,
xyu,DOPE,,,Yu_Aminoglycoside,Pure,Microfluidic,mRNA,xyu,IGROV1,FLL,in_vitro,1.0,Siegwart_Amino,max,Batch,Cell_viability,Yu_Aminoglycoside,GN-Ac6,,
xyu,DOPE,,,Yu_Aminoglycoside,Pure,Microfluidic,mRNA,xyu,IGROV1,FLL,in_vitro,1.0,Siegwart_Amino,max,Batch,Cell_viability,Yu_Aminoglycoside,GN-Ac8,,
xyu,DOPE,,,Yu_Aminoglycoside,Pure,Microfluidic,mRNA,xyu,IGROV1,FLL,in_vitro,1.0,Siegwart_Amino,max,Batch,Cell_viability,Yu_Aminoglycoside,GN-Ac8-1,,
xyu,DOPE,,,Yu_Aminoglycoside,Pure,Microfluidic,mRNA,xyu,IGROV1,FLL,in_vitro,1.0,Siegwart_Amino,max,Batch,Cell_viability,Yu_Aminoglycoside,GN-Ac10,,
xyu,DOPE,,,Yu_Aminoglycoside,Pure,Microfluidic,mRNA,xyu,IGROV1,FLL,in_vitro,1.0,Siegwart_Amino,max,Batch,Cell_viability,Yu_Aminoglycoside,GN-Ac12,,
zhang,DSPC,,AM-C10,Zhang_Aminoglycoside,Pure,Microfluidic,siRNA,zhang,HeLa,FFL,in_vitro,1.0,Zhang_Aminoglycoside,max,Individual,Cell_viability,Zhang_Aminoglycoside,,,
zhang,DSPC,,AM-C11,Zhang_Aminoglycoside,Pure,Microfluidic,siRNA,zhang,HeLa,FFL,in_vitro,1.0,Zhang_Aminoglycoside,max,Individual,Cell_viability,Zhang_Aminoglycoside,,,
zhang,DSPC,,AM-C12,Zhang_Aminoglycoside,Pure,Microfluidic,siRNA,zhang,HeLa,FFL,in_vitro,1.0,Zhang_Aminoglycoside,max,Individual,Cell_viability,Zhang_Aminoglycoside,,,
zhang,DSPC,,AM-C13,Zhang_Aminoglycoside,Pure,Microfluidic,siRNA,zhang,HeLa,FFL,in_vitro,1.0,Zhang_Aminoglycoside,max,Individual,Cell_viability,Zhang_Aminoglycoside,,,
zhang,DSPC,,AM-C14,Zhang_Aminoglycoside,Pure,Microfluidic,siRNA,zhang,HeLa,FFL,in_vitro,1.0,Zhang_Aminoglycoside,max,Individual,Cell_viability,Zhang_Aminoglycoside,,,
zhang,DSPC,,AM-C16,Zhang_Aminoglycoside,Pure,Microfluidic,siRNA,zhang,HeLa,FFL,in_vitro,1.0,Zhang_Aminoglycoside,max,Individual,Cell_viability,Zhang_Aminoglycoside,,,
zhang,DSPC,,GN-C10,Zhang_Aminoglycoside,Pure,Microfluidic,siRNA,zhang,HeLa,FFL,in_vitro,1.0,Zhang_Aminoglycoside,max,Individual,Cell_viability,Zhang_Aminoglycoside,,,
zhang,DSPC,,GN-C11,Zhang_Aminoglycoside,Pure,Microfluidic,siRNA,zhang,HeLa,FFL,in_vitro,1.0,Zhang_Aminoglycoside,max,Individual,Cell_viability,Zhang_Aminoglycoside,,,
zhang,DSPC,,GN-C12,Zhang_Aminoglycoside,Pure,Microfluidic,siRNA,zhang,HeLa,FFL,in_vitro,1.0,Zhang_Aminoglycoside,max,Individual,Cell_viability,Zhang_Aminoglycoside,,,
zhang,DSPC,,GN-C13,Zhang_Aminoglycoside,Pure,Microfluidic,siRNA,zhang,HeLa,FFL,in_vitro,1.0,Zhang_Aminoglycoside,max,Individual,Cell_viability,Zhang_Aminoglycoside,,,
zhang,DSPC,,PR-C11,Zhang_Aminoglycoside,Pure,Microfluidic,siRNA,zhang,HeLa,FFL,in_vitro,1.0,Zhang_Aminoglycoside,max,Individual,Cell_viability,Zhang_Aminoglycoside,,,
zhang,DSPC,,HG-C10,Zhang_Aminoglycoside,Pure,Microfluidic,siRNA,zhang,HeLa,FFL,in_vitro,1.0,Zhang_Aminoglycoside,max,Individual,Cell_viability,Zhang_Aminoglycoside,,,
zhang,DSPC,,HG-C11,Zhang_Aminoglycoside,Pure,Microfluidic,siRNA,zhang,HeLa,FFL,in_vitro,1.0,Zhang_Aminoglycoside,max,Individual,Cell_viability,Zhang_Aminoglycoside,,,
zhang,DSPC,,HG-C12,Zhang_Aminoglycoside,Pure,Microfluidic,siRNA,zhang,HeLa,FFL,in_vitro,1.0,Zhang_Aminoglycoside,max,Individual,Cell_viability,Zhang_Aminoglycoside,,,
zhang,DSPC,,HG-C13,Zhang_Aminoglycoside,Pure,Microfluidic,siRNA,zhang,HeLa,FFL,in_vitro,1.0,Zhang_Aminoglycoside,max,Individual,Cell_viability,Zhang_Aminoglycoside,,,
zhang,DSPC,,HG-C14,Zhang_Aminoglycoside,Pure,Microfluidic,siRNA,zhang,HeLa,FFL,in_vitro,1.0,Zhang_Aminoglycoside,max,Individual,Cell_viability,Zhang_Aminoglycoside,,,
zhang,DSPC,,HG-C16,Zhang_Aminoglycoside,Pure,Microfluidic,siRNA,zhang,HeLa,FFL,in_vitro,1.0,Zhang_Aminoglycoside,max,Individual,Cell_viability,Zhang_Aminoglycoside,,,
zhang,DSPC,,KN-C11,Zhang_Aminoglycoside,Pure,Microfluidic,siRNA,zhang,HeLa,FFL,in_vitro,1.0,Zhang_Aminoglycoside,max,Individual,Cell_viability,Zhang_Aminoglycoside,,,
zhang,DSPC,,KN-C12,Zhang_Aminoglycoside,Pure,Microfluidic,siRNA,zhang,HeLa,FFL,in_vitro,1.0,Zhang_Aminoglycoside,max,Individual,Cell_viability,Zhang_Aminoglycoside,,,
zhang,DSPC,,KN-C13,Zhang_Aminoglycoside,Pure,Microfluidic,siRNA,zhang,HeLa,FFL,in_vitro,1.0,Zhang_Aminoglycoside,max,Individual,Cell_viability,Zhang_Aminoglycoside,,,
zhang,DSPC,,AP-C14,Zhang_Aminoglycoside,Pure,Microfluidic,siRNA,zhang,HeLa,FFL,in_vitro,1.0,Zhang_Aminoglycoside,max,Individual,Cell_viability,Zhang_Aminoglycoside,,,
zhang,DSPC,,RB-C10,Zhang_Aminoglycoside,Pure,Microfluidic,siRNA,zhang,HeLa,FFL,in_vitro,1.0,Zhang_Aminoglycoside,max,Individual,Cell_viability,Zhang_Aminoglycoside,,,
zhang,DSPC,,RB-C12,Zhang_Aminoglycoside,Pure,Microfluidic,siRNA,zhang,HeLa,FFL,in_vitro,1.0,Zhang_Aminoglycoside,max,Individual,Cell_viability,Zhang_Aminoglycoside,,,
zhang,DSPC,,GT-C11,Zhang_Aminoglycoside,Pure,Microfluidic,siRNA,zhang,HeLa,FFL,in_vitro,1.0,Zhang_Aminoglycoside,max,Individual,Cell_viability,Zhang_Aminoglycoside,,,
zhang,DSPC,,GT-C12,Zhang_Aminoglycoside,Pure,Microfluidic,siRNA,zhang,HeLa,FFL,in_vitro,1.0,Zhang_Aminoglycoside,max,Individual,Cell_viability,Zhang_Aminoglycoside,,,
zhang,DSPC,,GT-C13,Zhang_Aminoglycoside,Pure,Microfluidic,siRNA,zhang,HeLa,FFL,in_vitro,1.0,Zhang_Aminoglycoside,max,Individual,Cell_viability,Zhang_Aminoglycoside,,,
zhang,DSPC,,GT-C14,Zhang_Aminoglycoside,Pure,Microfluidic,siRNA,zhang,HeLa,FFL,in_vitro,1.0,Zhang_Aminoglycoside,max,Individual,Cell_viability,Zhang_Aminoglycoside,,,
zhang,DSPC,,ST-C11,Zhang_Aminoglycoside,Pure,Microfluidic,siRNA,zhang,HeLa,FFL,in_vitro,1.0,Zhang_Aminoglycoside,max,Individual,Cell_viability,Zhang_Aminoglycoside,,,
zhang,DSPC,,ST-C12,Zhang_Aminoglycoside,Pure,Microfluidic,siRNA,zhang,HeLa,FFL,in_vitro,1.0,Zhang_Aminoglycoside,max,Individual,Cell_viability,Zhang_Aminoglycoside,,,
Han_branched,DOPE,,6,Han_branched,Crude,Hand,mRNA,Han,HepG2,FFL,in_vitro,0.5,Han_branched,max,Individual,Cell_viability,Han_branched,,,
Han_branched,DOPE,,8,Han_branched,Crude,Hand,mRNA,Han,HepG2,FFL,in_vitro,0.5,Han_branched,max,Individual,Cell_viability,Han_branched,,,
Han_branched,DOPE,,10,Han_branched,Crude,Hand,mRNA,Han,HepG2,FFL,in_vitro,0.5,Han_branched,max,Individual,Cell_viability,Han_branched,,,
Han_branched,DOPE,,12,Han_branched,Crude,Hand,mRNA,Han,HepG2,FFL,in_vitro,0.5,Han_branched,max,Individual,Cell_viability,Han_branched,,,
Han_branched,DOPE,,14,Han_branched,Crude,Hand,mRNA,Han,HepG2,FFL,in_vitro,0.5,Han_branched,max,Individual,Cell_viability,Han_branched,,,
Han_branched,DOPE,,6-6,Han_branched,Crude,Hand,mRNA,Han,HepG2,FFL,in_vitro,0.5,Han_branched,max,Individual,Cell_viability,Han_branched,,,
Han_branched,DOPE,,6-8,Han_branched,Crude,Hand,mRNA,Han,HepG2,FFL,in_vitro,0.5,Han_branched,max,Individual,Cell_viability,Han_branched,,,
Han_branched,DOPE,,6-10,Han_branched,Crude,Hand,mRNA,Han,HepG2,FFL,in_vitro,0.5,Han_branched,max,Individual,Cell_viability,Han_branched,,,
Han_branched,DOPE,,6-12,Han_branched,Crude,Hand,mRNA,Han,HepG2,FFL,in_vitro,0.5,Han_branched,max,Individual,Cell_viability,Han_branched,,,
Han_branched,DOPE,,6-14,Han_branched,Crude,Hand,mRNA,Han,HepG2,FFL,in_vitro,0.5,Han_branched,max,Individual,Cell_viability,Han_branched,,,
Han_branched,DOPE,,8-6,Han_branched,Crude,Hand,mRNA,Han,HepG2,FFL,in_vitro,0.5,Han_branched,max,Individual,Cell_viability,Han_branched,,,
Han_branched,DOPE,,8-8,Han_branched,Crude,Hand,mRNA,Han,HepG2,FFL,in_vitro,0.5,Han_branched,max,Individual,Cell_viability,Han_branched,,,
Han_branched,DOPE,,8-10,Han_branched,Crude,Hand,mRNA,Han,HepG2,FFL,in_vitro,0.5,Han_branched,max,Individual,Cell_viability,Han_branched,,,
Han_branched,DOPE,,8-12,Han_branched,Crude,Hand,mRNA,Han,HepG2,FFL,in_vitro,0.5,Han_branched,max,Individual,Cell_viability,Han_branched,,,
Han_branched,DOPE,,8-14,Han_branched,Crude,Hand,mRNA,Han,HepG2,FFL,in_vitro,0.5,Han_branched,max,Individual,Cell_viability,Han_branched,,,
Han_branched,DOPE,,10-6,Han_branched,Crude,Hand,mRNA,Han,HepG2,FFL,in_vitro,0.5,Han_branched,max,Individual,Cell_viability,Han_branched,,,
Han_branched,DOPE,,10-8,Han_branched,Crude,Hand,mRNA,Han,HepG2,FFL,in_vitro,0.5,Han_branched,max,Individual,Cell_viability,Han_branched,,,
Han_branched,DOPE,,10-10,Han_branched,Crude,Hand,mRNA,Han,HepG2,FFL,in_vitro,0.5,Han_branched,max,Individual,Cell_viability,Han_branched,,,
Han_branched,DOPE,,10-12,Han_branched,Crude,Hand,mRNA,Han,HepG2,FFL,in_vitro,0.5,Han_branched,max,Individual,Cell_viability,Han_branched,,,
Han_branched,DOPE,,10-14,Han_branched,Crude,Hand,mRNA,Han,HepG2,FFL,in_vitro,0.5,Han_branched,max,Individual,Cell_viability,Han_branched,,,
Han_branched,DOPE,,12-6,Han_branched,Crude,Hand,mRNA,Han,HepG2,FFL,in_vitro,0.5,Han_branched,max,Individual,Cell_viability,Han_branched,,,
Han_branched,DOPE,,12-8,Han_branched,Crude,Hand,mRNA,Han,HepG2,FFL,in_vitro,0.5,Han_branched,max,Individual,Cell_viability,Han_branched,,,
Han_branched,DOPE,,12-10,Han_branched,Crude,Hand,mRNA,Han,HepG2,FFL,in_vitro,0.5,Han_branched,max,Individual,Cell_viability,Han_branched,,,
Han_branched,DOPE,,12-12,Han_branched,Crude,Hand,mRNA,Han,HepG2,FFL,in_vitro,0.5,Han_branched,max,Individual,Cell_viability,Han_branched,,,
Han_branched,DOPE,,12-14,Han_branched,Crude,Hand,mRNA,Han,HepG2,FFL,in_vitro,0.5,Han_branched,max,Individual,Cell_viability,Han_branched,,,
Han_branched,DOPE,,14-6,Han_branched,Crude,Hand,mRNA,Han,HepG2,FFL,in_vitro,0.5,Han_branched,max,Individual,Cell_viability,Han_branched,,,
Han_branched,DOPE,,14-8,Han_branched,Crude,Hand,mRNA,Han,HepG2,FFL,in_vitro,0.5,Han_branched,max,Individual,Cell_viability,Han_branched,,,
Han_branched,DOPE,,14-10,Han_branched,Crude,Hand,mRNA,Han,HepG2,FFL,in_vitro,0.5,Han_branched,max,Individual,Cell_viability,Han_branched,,,
Han_branched,DOPE,,14-12,Han_branched,Crude,Hand,mRNA,Han,HepG2,FFL,in_vitro,0.5,Han_branched,max,Individual,Cell_viability,Han_branched,,,
Han_branched,DOPE,,14-14,Han_branched,Crude,Hand,mRNA,Han,HepG2,FFL,in_vitro,0.5,Han_branched,max,Individual,Cell_viability,Han_branched,,,
Han_branched,DSPC,,MC3,Han_branched,Crude,Hand,mRNA,Han,HepG2,FFL,in_vitro,0.5,Han_branched,max,Individual,Cell_viability,Han_branched,,,
Han_branched,DOPE,,6,Han_branched,Crude,Hand,mRNA,Han,HepG2,FFL,in_vitro,0.5,Han_branched,max,Individual,Cell_viability,Han_branched,,,
Han_branched,DOPE,,8,Han_branched,Crude,Hand,mRNA,Han,HepG2,FFL,in_vitro,0.5,Han_branched,max,Individual,Cell_viability,Han_branched,,,
Han_branched,DOPE,,10,Han_branched,Crude,Hand,mRNA,Han,HepG2,FFL,in_vitro,0.5,Han_branched,max,Individual,Cell_viability,Han_branched,,,
Han_branched,DOPE,,12,Han_branched,Crude,Hand,mRNA,Han,HepG2,FFL,in_vitro,0.5,Han_branched,max,Individual,Cell_viability,Han_branched,,,
Han_branched,DOPE,,14,Han_branched,Crude,Hand,mRNA,Han,HepG2,FFL,in_vitro,0.5,Han_branched,max,Individual,Cell_viability,Han_branched,,,
Han_branched,DOPE,,6-6,Han_branched,Crude,Hand,mRNA,Han,HepG2,FFL,in_vitro,0.5,Han_branched,max,Individual,Cell_viability,Han_branched,,,
Han_branched,DOPE,,6-8,Han_branched,Crude,Hand,mRNA,Han,HepG2,FFL,in_vitro,0.5,Han_branched,max,Individual,Cell_viability,Han_branched,,,
Han_branched,DOPE,,6-10,Han_branched,Crude,Hand,mRNA,Han,HepG2,FFL,in_vitro,0.5,Han_branched,max,Individual,Cell_viability,Han_branched,,,
Han_branched,DOPE,,6-12,Han_branched,Crude,Hand,mRNA,Han,HepG2,FFL,in_vitro,0.5,Han_branched,max,Individual,Cell_viability,Han_branched,,,
Han_branched,DOPE,,6-14,Han_branched,Crude,Hand,mRNA,Han,HepG2,FFL,in_vitro,0.5,Han_branched,max,Individual,Cell_viability,Han_branched,,,
Han_branched,DOPE,,8-6,Han_branched,Crude,Hand,mRNA,Han,HepG2,FFL,in_vitro,0.5,Han_branched,max,Individual,Cell_viability,Han_branched,,,
Han_branched,DOPE,,8-8,Han_branched,Crude,Hand,mRNA,Han,HepG2,FFL,in_vitro,0.5,Han_branched,max,Individual,Cell_viability,Han_branched,,,
Han_branched,DOPE,,8-10,Han_branched,Crude,Hand,mRNA,Han,HepG2,FFL,in_vitro,0.5,Han_branched,max,Individual,Cell_viability,Han_branched,,,
Han_branched,DOPE,,8-12,Han_branched,Crude,Hand,mRNA,Han,HepG2,FFL,in_vitro,0.5,Han_branched,max,Individual,Cell_viability,Han_branched,,,
Han_branched,DOPE,,8-14,Han_branched,Crude,Hand,mRNA,Han,HepG2,FFL,in_vitro,0.5,Han_branched,max,Individual,Cell_viability,Han_branched,,,
Han_branched,DOPE,,10-6,Han_branched,Crude,Hand,mRNA,Han,HepG2,FFL,in_vitro,0.5,Han_branched,max,Individual,Cell_viability,Han_branched,,,
Han_branched,DOPE,,10-8,Han_branched,Crude,Hand,mRNA,Han,HepG2,FFL,in_vitro,0.5,Han_branched,max,Individual,Cell_viability,Han_branched,,,
Han_branched,DOPE,,10-10,Han_branched,Crude,Hand,mRNA,Han,HepG2,FFL,in_vitro,0.5,Han_branched,max,Individual,Cell_viability,Han_branched,,,
Han_branched,DOPE,,10-12,Han_branched,Crude,Hand,mRNA,Han,HepG2,FFL,in_vitro,0.5,Han_branched,max,Individual,Cell_viability,Han_branched,,,
Han_branched,DOPE,,10-14,Han_branched,Crude,Hand,mRNA,Han,HepG2,FFL,in_vitro,0.5,Han_branched,max,Individual,Cell_viability,Han_branched,,,
Han_branched,DOPE,,12-6,Han_branched,Crude,Hand,mRNA,Han,HepG2,FFL,in_vitro,0.5,Han_branched,max,Individual,Cell_viability,Han_branched,,,
Han_branched,DOPE,,12-8,Han_branched,Crude,Hand,mRNA,Han,HepG2,FFL,in_vitro,0.5,Han_branched,max,Individual,Cell_viability,Han_branched,,,
Han_branched,DOPE,,12-10,Han_branched,Crude,Hand,mRNA,Han,HepG2,FFL,in_vitro,0.5,Han_branched,max,Individual,Cell_viability,Han_branched,,,
Han_branched,DOPE,,12-12,Han_branched,Crude,Hand,mRNA,Han,HepG2,FFL,in_vitro,0.5,Han_branched,max,Individual,Cell_viability,Han_branched,,,
Han_branched,DOPE,,12-14,Han_branched,Crude,Hand,mRNA,Han,HepG2,FFL,in_vitro,0.5,Han_branched,max,Individual,Cell_viability,Han_branched,,,
Han_branched,DOPE,,14-6,Han_branched,Crude,Hand,mRNA,Han,HepG2,FFL,in_vitro,0.5,Han_branched,max,Individual,Cell_viability,Han_branched,,,
Han_branched,DOPE,,14-8,Han_branched,Crude,Hand,mRNA,Han,HepG2,FFL,in_vitro,0.5,Han_branched,max,Individual,Cell_viability,Han_branched,,,
Han_branched,DOPE,,14-10,Han_branched,Crude,Hand,mRNA,Han,HepG2,FFL,in_vitro,0.5,Han_branched,max,Individual,Cell_viability,Han_branched,,,
Han_branched,DOPE,,14-12,Han_branched,Crude,Hand,mRNA,Han,HepG2,FFL,in_vitro,0.5,Han_branched,max,Individual,Cell_viability,Han_branched,,,
Han_branched,DOPE,,14-14,Han_branched,Crude,Hand,mRNA,Han,HepG2,FFL,in_vitro,0.5,Han_branched,max,Individual,Cell_viability,Han_branched,,,
Han_branched,DSPC,,MC3,Han_branched,Crude,Hand,mRNA,Han,HepG2,FFL,in_vitro,0.5,Han_branched,max,Individual,Cell_viability,Han_branched,,,
