smiles,class_0,class_1,class_2
CCCCCCCCCC(=O)Oc1cc(CNCCCN(C)CCCN)cc(OC(=O)CCCCCCCCC)c1,1.0,0.0,0.0
N(CCC(=O)OCCOC(=O)C(C)CSCCCCCCCC)(CCC(=O)OCCOC(=O)C(C)CSCCCCCCCC)CCN(C)C,1.0,0.0,0.0
[O-]S(=O)(=O)CCC[N+](C)(C)CCNC(=O)CCN(CC(O)CCCCCC)CCCN5CCN(CCCN(CC(O)CCCCCC)CC(O)CCCCCC)CC5,1.0,0.0,0.0
CCCC1CCC(c2ccc(C#CCN(CC#Cc3ccc(C4CCC(CCC)CC4)cc3)CCOC)cc2)CC1,1.0,0.0,0.0
CCCCCCCCCCCCOC(=O)CCCN(CCCC(=O)OCCCCCCCCCCCC)CC1CCC(N(CCCC(=O)OCCCCCCCCCCCC)CCCC(=O)OCCCCCCCCCCCC)C(OC2C(O)C(OC3CCC(C)(O)C(N(C)CCCC(=O)OCCCCCCCCCCCC)C3O)C(N(CCCC(=O)OCCCCCCCCCCCC)CCCC(=O)OCCCCCCCCCCCC)CC2N(CCCC(=O)OCCCCCCCCCCCC)CCCC(=O)OCCCCCCCCCCCC)O1,1.0,0.0,0.0
CCCCCCCCCCCCCCCCOC(=O)CCSCCCC(=N)Nc1ccc(OCCCCCCCCC)cc1,1.0,0.0,0.0
CCCCCCCCCCCCN(CCCCCCCCCCCC)CCCC(NC(=O)C(CCCN(CCCCCCCCCCCC)CCCCCCCCCCCC)NC(C)=O)C(N)=O,1.0,0.0,0.0
CCCCCCCCCCCCCCCCOC(=O)CCSCCCC(=N)NCC(=O)OCCCCCCCC,1.0,0.0,0.0
CCCCCCCCCCCCCCC(O)N(C)C1CC(N(C(O)CCCCCCCCCCCCCC)C(O)CCCCCCCCCCCCCC)C(O)C(OC2OC(CO)C(O)C3OC4(OC23)OC(C(CO)N(C(O)CCCCCCCCCCCCCC)C(O)CCCCCCCCCCCCCC)C(O)C(O)C4O)C1O,1.0,0.0,0.0
CCCCCCCCCCCCN(CCCCCCCCCCCC)CC(NC(C)=O)C(N)=O,1.0,0.0,0.0
CCCCCCCCCCCCCCNC(=N)CCCSCCC(=O)OCCCCCCCCCCCCCC,1.0,0.0,0.0
CCCCCCCCCCCC(O)N(C)C1CC(N(C(O)CCCCCCCCCCC)C(O)CCCCCCCCCCC)C(O)C(OC2OC(CO)C(O)C3OC4(OC23)OC(C(CO)N(C(O)CCCCCCCCCCC)C(O)CCCCCCCCCCC)C(O)C(O)C4O)C1O,1.0,0.0,0.0
CCCCCCCCCCCCCCOC(=O)CCSCCCC(=N)NCCCN(CCCCN(CCCNC(=N)CCCSCCC(=O)OCCCCCCCCCCCCCC)CCCNC(=N)CCCSCCC(=O)OCCCCCCCCCCCCCC)CCCNC(=N)CCCSCCC(=O)OCCCCCCCCCCCCCC,1.0,0.0,0.0
CCCCCCc1ccc(C#CCN(CC#Cc2ccc(CCCCCC)cc2)CCCn2ccnc2)cc1,1.0,0.0,0.0
N(CCC(=O)OCCOC(=O)C(C)CSC/C=C\CCC)(CCC(=O)OCCOC(=O)C(C)CSC/C=C\CCC)CCCN1CCN(C)CC1,1.0,0.0,0.0
CCCC1CCC(c2ccc(C#CCN(CC#Cc3ccc(C4CCC(CCC)CC4)cc3)c3ccccc3)cc2)CC1,1.0,0.0,0.0
CCCCCCCCCCCCC(O)CN(CCCCC(NC(=O)C(CCCCN(CC(O)CCCCCCCCCCCC)CC(O)CCCCCCCCCCCC)NC(=O)C(CCCCN(CC(O)CCCCCCCCCCCC)CC(O)CCCCCCCCCCCC)NC(=O)C(CCCCN(CC(O)CCCCCCCCCCCC)CC(O)CCCCCCCCCCCC)NC(C)=O)C(N)=O)CC(O)CCCCCCCCCCCC,0.0,0.0,1.0
CCCCC(C)C(=O)Oc1cc(CNCCCN(C)C)cc(OC(=O)C(C)CCCC)c1,1.0,0.0,0.0
N(CCC(=O)OCCOC(=O)C(C)CSCC/C=C/CC)(CCC(=O)OCCOC(=O)C(C)CSCC/C=C/CC)CCN(C)C,1.0,0.0,0.0
[O-]S(=O)(=O)CCC[N+](C)(C)CCNC(=O)CCN(CCC(=O)OCCCCCCCC)CCN(CCN(CCC(=O)OCCCCCCCC)CCC(=O)OCCCCCCCC)CCN(CCC(=O)OCCCCCCCC)CCC(=O)OCCCCCCCC,1.0,0.0,0.0
N(CCC(=O)OCCOC(=O)C(C)CSCCCCCCCC)(CCC(=O)OCCOC(=O)C(C)CSCCCCCCCC)CCCN(C)C,1.0,0.0,0.0
CCCCCC(C)CCC(=O)Oc1cc(CNCCCN(CC)CC)cc(OC(=O)CCC(C)CCCCC)c1,1.0,0.0,0.0
CCCCCCCCCCOC(=O)CCCN(C)C1C(O)C(OC2C(O)C(OC3OC(C(C)O)C(O)C(O)C3N(CCCC(=O)OCCCCCCCCCC)CCCC(=O)OCCCCCCCCCC)C(N(CCCC(=O)OCCCCCCCCCC)CCCC(=O)OCCCCCCCCCC)CC2N(CCCC(=O)OCCCCCCCCCC)CCCC(=O)OCCCCCCCCCC)OCC1(C)O,1.0,0.0,0.0
CCCCCCCCCCCCCCOC(=O)CCSCCCC(=N)NCCNC(=N)CCCSCCC(=O)OCCCCCCCCCCCCCC,1.0,0.0,0.0
CCCCc1ccc(C#CCN(CC#Cc2ccc(CCCC)cc2)CCO)cc1,1.0,0.0,0.0
CCCCCC(C)C(=O)Oc1cc(CNCCN2CCN(CCN)CC2)cc(OC(=O)C(C)CCCCC)c1,1.0,0.0,0.0
CCCCCCCCCCCC(O)N(C(O)CCCCCCCCCCC)C1CC(N(C(O)CCCCCCCCCCC)C(O)CCCCCCCCCCC)C(O)C(O)C1O,0.0,0.0,1.0
CCCCCCCCCOC(=O)CCSCCCC(=N)NCCCN1CCN(CCCNC(=N)CCCSCCC(=O)OCCCCCCCCC)CC1,1.0,0.0,0.0
CCCCC(CC)CCC(=O)Oc1cc(CNCCN2CCN(C)CC2)cc(OC(=O)CCC(CC)CCCC)c1,1.0,0.0,0.0
CCCCCCCCC(=O)Oc1cc(CNCCCN)cc(OC(=O)CCCCCCCC)c1,1.0,0.0,0.0
CCCCCCCCCC(=O)Oc1cc(CNCCCN)cc(OC(=O)CCCCCCCCC)c1,1.0,0.0,0.0
CCCCCCCCCCCC(O)N(C)C(C)C1CCC(N(C(O)CCCCCCCCCCC)C(O)CCCCCCCCCCC)C(OC2C(O)C(OC3OCC(C)(O)C(N(C)C(O)CCCCCCCCCCC)C3O)C(N(C(O)CCCCCCCCCCC)C(O)CCCCCCCCCCC)CC2N(C(O)CCCCCCCCCCC)C(O)CCCCCCCCCCC)O1,0.0,1.0,0.0
[O-]S(=O)(=O)CCC[N+](C)(C)CCNC(=O)CCN(CCC(=O)OCCCCCCCCCCCCCC)CCCN(C)CCCN(CCC(=O)OCCCCCCCCCCCCCC)CCC(=O)OCCCCCCCCCCCCCC,1.0,0.0,0.0
CCCCC(CC)C(=O)Oc1cc(CNCCCN(CC)CC)cc(OC(=O)C(CC)CCCC)c1,1.0,0.0,0.0
N(CCC(=O)OCCOC(=O)C(C)CSC/C=C(C)/CC/C=C(C)/CCC=C(C)C)(CCC(=O)OCCOC(=O)C(C)CSC/C=C(C)/CC/C=C(C)/CCC=C(C)C)CCN(C)C,1.0,0.0,0.0
CCCCCCOC(=O)CCCN(CCCC(=O)OCCCCCC)CC1CCC(N(CCCC(=O)OCCCCCC)CCCC(=O)OCCCCCC)C(OC2C(O)C(OC3CCC(C)(O)C(N(C)CCCC(=O)OCCCCCC)C3O)C(N(CCCC(=O)OCCCCCC)CCCC(=O)OCCCCCC)CC2N(CCCC(=O)OCCCCCC)CCCC(=O)OCCCCCC)O1,1.0,0.0,0.0
CCCCC(C)CCC(=O)Oc1cc(OC(=O)CCC(C)CCCC)c(CNCCCN(CC)CC)c(OC(=O)CCC(C)CCCC)c1,1.0,0.0,0.0
CCCCCCCCCCCCCCCCCCN(CCCCCCCCCCCCCCCCCC)CCCCC(NC(C)=O)C(N)=O,1.0,0.0,0.0
CCCCCCCCCCCCN(CCCCCCCCCCCC)CCCC(NC(=O)C(CCCN(CCCCCCCCCCCC)CCCCCCCCCCCC)NC(=O)C(CCCN(CCCCCCCCCCCC)CCCCCCCCCCCC)NC(=O)C(CCCN(CCCCCCCCCCCC)CCCCCCCCCCCC)NC(=O)C(CCCN(CCCCCCCCCCCC)CCCCCCCCCCCC)NC(C)=O)C(N)=O,1.0,0.0,0.0
[O-]S(=O)(=O)CCC[N+](C)(C)CCNC(=O)CCN(C)CCN(CCN(C)CC(O)CCCCCCCC)CCN(C)CC(O)CCCCCCCC,1.0,0.0,0.0
CCCCc1ccc(C#CCN(CC#Cc2ccc(CCCC)cc2)c2ccccc2)cc1,1.0,0.0,0.0
[O-]S(=O)(=O)CCC[N+](C)(C)CCNC(=O)CCN(CCC(=O)OCCCCCCCC)CCN(C)CCN(CCC(=O)OCCCCCCCC)CCC(=O)OCCCCCCCC,1.0,0.0,0.0
[O-]S(=O)(=O)CCC[N+](C)(C)CCNC(=O)CCN(C)CCN(CCN(C)CCC(=O)OCCCCCCCCCCCCCC)CCN(C)CCC(=O)OCCCCCCCCCCCCCC,1.0,0.0,0.0
CCCCC(CC)CCC(=O)Oc1cc(OC(=O)CCC(CC)CCCC)c(CNCCCN2CCN(CCCN)CC2)c(OC(=O)CCC(CC)CCCC)c1,1.0,0.0,0.0
CCCCCCCC(=O)Oc1cc(CNCCCN2CCN(C)CC2)cc(OC(=O)CCCCCCC)c1,1.0,0.0,0.0
N(CCC(=O)OCCOC(=O)C(C)CSC/C=C/CCC)(CCC(=O)OCCOC(=O)C(C)CSC/C=C/CCC)CCCN1CCN(CCCN(CCC(=O)OCCOC(=O)C(C)CSC/C=C/CCC)(CCC(=O)OCCOC(=O)C(C)CSC/C=C/CCC))CC1,1.0,0.0,0.0
CCCCCCCCCC(=O)Oc1cc(CNCCN(C)C)cc(OC(=O)CCCCCCCCC)c1,1.0,0.0,0.0
CCCCCCCCC(O)CN(C)C1CC(N(CC(O)CCCCCCCC)CC(O)CCCCCCCC)C(O)C(OC2OC(CO)C(O)C3OC4(OC23)OC(C(CO)N(CC(O)CCCCCCCC)CC(O)CCCCCCCC)C(O)C(O)C4O)C1O,1.0,0.0,0.0
CCCCCCCCCCCCC(O)N(CC1OC(OC2C(O)C(OC3OC(CO)C(O)C(N(C(O)CCCCCCCCCCCC)C(O)CCCCCCCCCCCC)C3O)C(N(C(O)CCCCCCCCCCCC)C(O)CCCCCCCCCCCC)CC2N(C(O)CCCCCCCCCCCC)C(O)CCCCCCCCCCCC)C(N(C(O)CCCCCCCCCCCC)C(O)CCCCCCCCCCCC)C(O)C1O)C(O)CCCCCCCCCCCC,1.0,0.0,0.0
CCCCc1ccc(C#CCN(CC#Cc2ccc(CCCC)cc2)CCCn2ccnc2)cc1,1.0,0.0,0.0
[O-]S(=O)(=O)CCC[N+](C)(C)CCNC(=O)CCN(C)CCN(CCN(C)CC(O)CCCCCC)CCN(C)CC(O)CCCCCC,1.0,0.0,0.0
CCCCCC(C)C(=O)Oc1cc(CNCCCN(C)CCCN)cc(OC(=O)C(C)CCCCC)c1,1.0,0.0,0.0
[O-]S(=O)(=O)CCC[N+](C)(C)CCNC(=O)CCN(CCC(=O)OCCCCCCCCCC)CCCN5CCN(CCCN(CCC(=O)OCCCCCCCCCC)CCC(=O)OCCCCCCCCCC)CC5,1.0,0.0,0.0
N(CCC(=O)OCCOC(=O)C(C)CSC/C=C\C/C=C\CC)(CCC(=O)OCCOC(=O)C(C)CSC/C=C\C/C=C\CC)CCCN1CCN(CCCN(CCC(=O)OCCOC(=O)C(C)CSC/C=C\C/C=C\CC)(CCC(=O)OCCOC(=O)C(C)CSC/C=C\C/C=C\CC))CC1,1.0,0.0,0.0
CCCCCCCCCCCCCCNC(=N)CCCSCCC(=O)OCCCCCCCCC,1.0,0.0,0.0
CCCCCC(C)CCC(=O)Oc1cc(CNCCCN2CCN(CCCN)CC2)cc(OC(=O)CCC(C)CCCCC)c1,1.0,0.0,0.0
CCCCCCCCCCCCCCCCNC(=N)CCCSCCC(=O)OCCCCCCCCCCCCCC,1.0,0.0,0.0
CCCCCCCCCCCCOC(=O)CCSCCCC(=N)NCCCNC(=N)CCCSCCC(=O)OCCCCCCCCCCCC,1.0,0.0,0.0
CCCCCCCCCCCCCCOC(=O)CCSCCCC(=N)NCCCCCNC(=N)CCCSCCC(=O)OCCCCCCCCCCCCCC,1.0,0.0,0.0
[O-]S(=O)(=O)CCC[N+](C)(C)CCNC(=O)CCN(CC(O)CCCCCCCCCCCCCCCC)CCCN(C)CCCN(CC(O)CCCCCCCCCCCCCCCC)CC(O)CCCCCCCCCCCCCCCC,1.0,0.0,0.0
CCCCCCCCCCCCCCCCN(CCCCCCCCCCCCCCCC)CCCCC(NC(=O)C(CCCCN(CCCCCCCCCCCCCCCC)CCCCCCCCCCCCCCCC)NC(=O)C(CCCCN(CCCCCCCCCCCCCCCC)CCCCCCCCCCCCCCCC)NC(C)=O)C(N)=O,1.0,0.0,0.0
CCCCCCCC(=O)Oc1cc(CNCCN(CC)CC)cc(OC(=O)CCCCCCC)c1,1.0,0.0,0.0
CCCCCCC(=O)Oc1cc(CNCCCN2CCN(C)CC2)cc(OC(=O)CCCCCC)c1,1.0,0.0,0.0
CCCCCCCCCCCCC(O)N(C)C(C)C1CCC(N(C(O)CCCCCCCCCCCC)C(O)CCCCCCCCCCCC)C(OC2C(O)C(OC3OCC(C)(O)C(N(C)C(O)CCCCCCCCCCCC)C3O)C(N(C(O)CCCCCCCCCCCC)C(O)CCCCCCCCCCCC)CC2N(C(O)CCCCCCCCCCCC)C(O)CCCCCCCCCCCC)O1,0.0,1.0,0.0
N(CCC(=O)OCCOC(=O)C(C)CSC/C=C\C/C=C\CC)(CCC(=O)OCCOC(=O)C(C)CSC/C=C\C/C=C\CC)CCCN(C)CCCN(CCC(=O)OCCOC(=O)C(C)CSC/C=C\C/C=C\CC)(CCC(=O)OCCOC(=O)C(C)CSC/C=C\C/C=C\CC),1.0,0.0,0.0
CCCCCC(C)C(=O)Oc1cc(OC(=O)C(C)CCCCC)c(CNCCN2CCN(C)CC2)c(OC(=O)C(C)CCCCC)c1,1.0,0.0,0.0
N(CCC(=O)OCCOC(=O)C(C)CSCCCCCC)(CCC(=O)OCCOC(=O)C(C)CSCCCCCC)CCCN1CCN(C)CC1,1.0,0.0,0.0
CCCCCCCCCCCC(=O)NCCN(CCCCC(NC(=O)C(CCCCN(CCNC(=O)CCCCCCCCCCC)CCNC(=O)CCCCCCCCCCC)NC(C)=O)C(N)=O)CCNC(=O)CCCCCCCCCCC,0.0,0.0,1.0
N(CCN(CCC(=O)OCCOC(=O)C(C)CSCCC/C=C\C)(CCC(=O)OCCOC(=O)C(C)CSCCC/C=C\C))(CCN(CCC(=O)OCCOC(=O)C(C)CSCCC/C=C\C)(CCC(=O)OCCOC(=O)C(C)CSCCC/C=C\C))CCN(CCC(=O)OCCOC(=O)C(C)CSCCC/C=C\C)(CCC(=O)OCCOC(=O)C(C)CSCCC/C=C\C),1.0,0.0,0.0
CCCCCC(C)C(=O)Oc1cc(OC(=O)C(C)CCCCC)c(CNCCN(C)CCN)c(OC(=O)C(C)CCCCC)c1,1.0,0.0,0.0
[O-]S(=O)(=O)CCC[N+](C)(C)CCNC(=O)CCN(CC(O)CCCCCCCCCCCCCC)CCN(CCN(CC(O)CCCCCCCCCCCCCC)CC(O)CCCCCCCCCCCCCC)CCN(CC(O)CCCCCCCCCCCCCC)CC(O)CCCCCCCCCCCCCC,1.0,0.0,0.0
CCCCCCC(O)CN(C)C1CC(N(CC(O)CCCCCC)CC(O)CCCCCC)C(O)C(OC2OC(CO)C(O)C3OC4(OC23)OC(C(CO)N(CC(O)CCCCCC)CC(O)CCCCCC)C(O)C(O)C4O)C1O,1.0,0.0,0.0
[O-]S(=O)(=O)CCC[N+](C)(C)CCNC(=O)CCN(CCC(=O)OCCCCCCCCCC)CCN(C)CCN(CCC(=O)OCCCCCCCCCC)CCC(=O)OCCCCCCCCCC,1.0,0.0,0.0
CCCCCCCCCCCCCCCCCCN(CCCCCCCCCCCCCCCCCC)CCCCC(NC(=O)C(CCCCN(CCCCCCCCCCCCCCCCCC)CCCCCCCCCCCCCCCCCC)NC(=O)C(CCCCN(CCCCCCCCCCCCCCCCCC)CCCCCCCCCCCCCCCCCC)NC(=O)C(CCCCN(CCCCCCCCCCCCCCCCCC)CCCCCCCCCCCCCCCCCC)NC(=O)C(CCCCN(CCCCCCCCCCCCCCCCCC)CCCCCCCCCCCCCCCCCC)NC(C)=O)C(N)=O,1.0,0.0,0.0
CCCCCCCCCCCC(=O)NCCN(CCCCC(NC(=O)C(CCCCN(CCNC(=O)CCCCCCCCCCC)CCNC(=O)CCCCCCCCCCC)NC(=O)C(CCCCN(CCNC(=O)CCCCCCCCCCC)CCNC(=O)CCCCCCCCCCC)NC(C)=O)C(N)=O)CCNC(=O)CCCCCCCCCCC,0.0,0.0,1.0
OCCN(CCC(=O)OCCOC(=O)C(C)CSCC/C=C\CC)CCCN(CCC(=O)OCCOC(=O)C(C)CSCC/C=C\CC)(CCC(=O)OCCOC(=O)C(C)CSCC/C=C\CC),1.0,0.0,0.0
[O-]S(=O)(=O)CCC[N+](C)(C)CCNC(=O)CCN(CC(O)CCCCCC)CCCN(C)CCCN(CC(O)CCCCCC)CC(O)CCCCCC,1.0,0.0,0.0
CCCCCC(C)CCC(=O)Oc1cc(CNCCN(CCN)CCN)cc(OC(=O)CCC(C)CCCCC)c1,1.0,0.0,0.0
CCCCCCCCCCC(O)CN(CCC(O)C(=O)N(CC(O)CCCCCCCCCC)C1CC(N(CC(O)CCCCCCCCCC)CC(O)CCCCCCCCCC)C(OC2OC(CN(CC(O)CCCCCCCCCC)CC(O)CCCCCCCCCC)C(O)C(O)C2O)C(O)C1OC1OC(CO)C(O)C(N(CC(O)CCCCCCCCCC)CC(O)CCCCCCCCCC)C1O)CC(O)CCCCCCCCCC,0.0,0.0,1.0
N(CCC(=O)OCCOC(=O)C(C)CSCCCCCCCC)(CCC(=O)OCCOC(=O)C(C)CSCCCCCCCC)CCCN1CCN(C)CC1,1.0,0.0,0.0
CCCCCCc1ccc(C#CCN(CC#Cc2ccc(CCCCCC)cc2)CCCN(CC#Cc2ccc(CCCCCC)cc2)CC#Cc2ccc(CCCCCC)cc2)cc1,1.0,0.0,0.0
CCCCCCCCCCCCCC(O)N(C)C(C)C1CCC(N(C(O)CCCCCCCCCCCCC)C(O)CCCCCCCCCCCCC)C(OC2C(O)C(OC3OCC(C)(O)C(N(C)C(O)CCCCCCCCCCCCC)C3O)C(N(C(O)CCCCCCCCCCCCC)C(O)CCCCCCCCCCCCC)CC2N(C(O)CCCCCCCCCCCCC)C(O)CCCCCCCCCCCCC)O1,0.0,0.0,1.0
CCCCCCc1ccc(C#CCN(CC#Cc2ccc(CCCCCC)cc2)C2CCCCC2)cc1,1.0,0.0,0.0
CCCCCCCCCCCCCCOC(=O)CCSCCCC(=N)NCCCN1CCN(CCCNC(=N)CCCSCCC(=O)OCCCCCCCCCCCCCC)CC1,1.0,0.0,0.0
CCCCCCCC(=O)Oc1cc(CNCCCN(C)CCCN)cc(OC(=O)CCCCCCC)c1,1.0,0.0,0.0
[O-]S(=O)(=O)CCC[N+](C)(C)CCNC(=O)CCN(CCC(=O)OCCCCCCCCCCCCCCCCCC)CCN(CCN(CCC(=O)OCCCCCCCCCCCCCCCCCC)CCC(=O)OCCCCCCCCCCCCCCCCCC)CCN(CCC(=O)OCCCCCCCCCCCCCCCCCC)CCC(=O)OCCCCCCCCCCCCCCCCCC,1.0,0.0,0.0
CCCCCCCCCCCCOC(=O)CCN(CCCCC(NC(=O)C(CCCCN(CCC(=O)OCCCCCCCCCCCC)CCC(=O)OCCCCCCCCCCCC)NC(C)=O)C(N)=O)CCC(=O)OCCCCCCCCCCCC,0.0,1.0,0.0
CCCCCCCCCCCCN(CCCCCCCCCCCC)CCCCC(NC(=O)C(CCCCN(CCCCCCCCCCCC)CCCCCCCCCCCC)NC(=O)C(CCCCN(CCCCCCCCCCCC)CCCCCCCCCCCC)NC(=O)C(CCCCN(CCCCCCCCCCCC)CCCCCCCCCCCC)NC(C)=O)C(N)=O,0.0,0.0,1.0
CCCCCC(C)CCC(=O)Oc1cc(CNCCCN(C)CCCN)cc(OC(=O)CCC(C)CCCCC)c1,1.0,0.0,0.0
CCCCCC(C)C(=O)Oc1cc(CNCCCN(CC)CC)cc(OC(=O)C(C)CCCCC)c1,1.0,0.0,0.0
CCCCC(CC)CCC(=O)Oc1cc(CNCCCN(C)C)cc(OC(=O)CCC(CC)CCCC)c1,1.0,0.0,0.0
OCCN(CCC(=O)OCCOC(=O)C(C)CSC/C=C(C)\CCC=C(C)C)CCCN(CCC(=O)OCCOC(=O)C(C)CSC/C=C(C)\CCC=C(C)C)(CCC(=O)OCCOC(=O)C(C)CSC/C=C(C)\CCC=C(C)C),1.0,0.0,0.0
CCCCC(CC)CCC(=O)Oc1cc(CNCCN(C)C)cc(OC(=O)CCC(CC)CCCC)c1,1.0,0.0,0.0
[O-]S(=O)(=O)CCC[N+](C)(C)CCNC(=O)CCN(CCC(=O)OCCCCCCCCCCCCCC)CCN(CCN(CCC(=O)OCCCCCCCCCCCCCC)CCC(=O)OCCCCCCCCCCCCCC)CCN(CCC(=O)OCCCCCCCCCCCCCC)CCC(=O)OCCCCCCCCCCCCCC,1.0,0.0,0.0
CCCCCCCCCC(=O)Oc1cc(CNCCN2CCN(C)CC2)cc(OC(=O)CCCCCCCCC)c1,1.0,0.0,0.0
CCCCC(CC)C(=O)Oc1cc(OC(=O)C(CC)CCCC)c(CNCCCN(CC)CC)c(OC(=O)C(CC)CCCC)c1,1.0,0.0,0.0
CCCCCCCCCCC(O)CN(CCCCC(NC(=O)C(CCCCN(CC(O)CCCCCCCCCC)CC(O)CCCCCCCCCC)NC(=O)C(CCCCN(CC(O)CCCCCCCCCC)CC(O)CCCCCCCCCC)NC(=O)C(CCCCN(CC(O)CCCCCCCCCC)CC(O)CCCCCCCCCC)NC(=O)C(CCCCN(CC(O)CCCCCCCCCC)CC(O)CCCCCCCCCC)NC(C)=O)C(N)=O)CC(O)CCCCCCCCCC,0.0,0.0,1.0
CCCCCCCCCOC(=O)CCSCCCC(=N)NCCNCCN1CCN(CCNC(=N)CCCSCCC(=O)OCCCCCCCCC)CC1,1.0,0.0,0.0
CCCCCCCC(=O)Oc1cc(CNCCN2CCN(C)CC2)cc(OC(=O)CCCCCCC)c1,1.0,0.0,0.0
CCCCCCCCCCCCCCCCN(CCCCCCCCCCCCCCCC)CCCCC(NC(=O)C(CCCCN(CCCCCCCCCCCCCCCC)CCCCCCCCCCCCCCCC)NC(=O)C(CCCCN(CCCCCCCCCCCCCCCC)CCCCCCCCCCCCCCCC)NC(=O)C(CCCCN(CCCCCCCCCCCCCCCC)CCCCCCCCCCCCCCCC)NC(C)=O)C(N)=O,1.0,0.0,0.0
N(CCC(=O)OCCOC(=O)C(C)CSCC/C=C/CC)(CCC(=O)OCCOC(=O)C(C)CSCC/C=C/CC)CCCN1CCN(CCCN(CCC(=O)OCCOC(=O)C(C)CSCC/C=C/CC)(CCC(=O)OCCOC(=O)C(C)CSCC/C=C/CC))CC1,1.0,0.0,0.0
CCCCC(CC)CCC(=O)Oc1cc(OC(=O)CCC(CC)CCCC)c(CNCCN(CC)CC)c(OC(=O)CCC(CC)CCCC)c1,1.0,0.0,0.0
N(CCC(=O)OCCOC(=O)C(C)CSCCCCCC)(CCC(=O)OCCOC(=O)C(C)CSCCCCCC)CCCN1CCN(CCCN(CCC(=O)OCCOC(=O)C(C)CSCCCCCC)(CCC(=O)OCCOC(=O)C(C)CSCCCCCC))CC1,1.0,0.0,0.0
CCCCCCCCCCCCN(CCCCCCCCCCCC)CCCC(NC(=O)C(CCCN(CCCCCCCCCCCC)CCCCCCCCCCCC)NC(=O)C(CCCN(CCCCCCCCCCCC)CCCCCCCCCCCC)NC(C)=O)C(N)=O,1.0,0.0,0.0
CCCCC(CC)C(=O)Oc1cc(CNCCCN)cc(OC(=O)C(CC)CCCC)c1,1.0,0.0,0.0
CCCCCC(C)C(=O)Oc1cc(OC(=O)C(C)CCCCC)c(CNCCCN(CC)CC)c(OC(=O)C(C)CCCCC)c1,1.0,0.0,0.0
[O-]S(=O)(=O)CCC[N+](C)(C)CCNC(=O)CCN(C)CCN(CCN(C)CC(O)CCCCCCCCCCCCCCCC)CCN(C)CC(O)CCCCCCCCCCCCCCCC,1.0,0.0,0.0
CCCCc1ccc(C#CCN(CC#Cc2ccc(CCCC)cc2)CC(=O)OC)cc1,1.0,0.0,0.0
CCCCC(C)CCC(=O)Oc1cc(OC(=O)CCC(C)CCCC)c(CNCCN(C)C)c(OC(=O)CCC(C)CCCC)c1,1.0,0.0,0.0
CCCCCCCCCCCCCC(O)N(C)C1C(O)C(OC2C(O)C(OC3OC(C(C)O)C(O)C(O)C3N(C(O)CCCCCCCCCCCCC)C(O)CCCCCCCCCCCCC)C(N(C(O)CCCCCCCCCCCCC)C(O)CCCCCCCCCCCCC)CC2N(C(O)CCCCCCCCCCCCC)C(O)CCCCCCCCCCCCC)OCC1(C)O,0.0,0.0,1.0
CCCCC(C)CCC(=O)Oc1cc(OC(=O)CCC(C)CCCC)c(CNCCN2CCN(CCN)CC2)c(OC(=O)CCC(C)CCCC)c1,1.0,0.0,0.0
N(CCC(=O)OCCOC(=O)C(C)CSCC/C=C/CC)(CCC(=O)OCCOC(=O)C(C)CSCC/C=C/CC)CCCN(C)C,1.0,0.0,0.0
CCCCCCCCCCCCCCCCOC(=O)CCSCCCC(=N)NCCCN(CCCCN(CCCNC(=N)CCCSCCC(=O)OCCCCCCCCCCCCCCCC)CCCNC(=N)CCCSCCC(=O)OCCCCCCCCCCCCCCCC)CCCNC(=N)CCCSCCC(=O)OCCCCCCCCCCCCCCCC,1.0,0.0,0.0
[O-]S(=O)(=O)CCC[N+](C)(C)CCNC(=O)CCN(CC(O)CCCCCCCCCCCCCCCC)CCCN5CCN(CCCN(CC(O)CCCCCCCCCCCCCCCC)CC(O)CCCCCCCCCCCCCCCC)CC5,1.0,0.0,0.0
CCCCCC(C)C(=O)Oc1cc(CNCCN2CCN(C)CC2)cc(OC(=O)C(C)CCCCC)c1,1.0,0.0,0.0
CCCCCCCCCOC(=O)CCSCCCC(=N)Nc1ccc(OCCCCCCCCC)cc1,1.0,0.0,0.0
CCCCCCCCCOC(=O)CCSCCCC(=N)NCCN(CCNC(=N)CCCSCCC(=O)OCCCCCCCCC)CCNC(=N)CCCSCCC(=O)OCCCCCCCCC,1.0,0.0,0.0
CCCCc1ccc(C#CCN2CCN(CC#Cc3ccc(CCCC)cc3)CC2)cc1,1.0,0.0,0.0
CCCCCCCCCCCCC(O)CN(CCCCC(NC(=O)C(CCCCN(CC(O)CCCCCCCCCCCC)CC(O)CCCCCCCCCCCC)NC(=O)C(CCCCN(CC(O)CCCCCCCCCCCC)CC(O)CCCCCCCCCCCC)NC(=O)C(CCCCN(CC(O)CCCCCCCCCCCC)CC(O)CCCCCCCCCCCC)NC(=O)C(CCCCN(CC(O)CCCCCCCCCCCC)CC(O)CCCCCCCCCCCC)NC(C)=O)C(N)=O)CC(O)CCCCCCCCCCCC,0.0,0.0,1.0
CCCCC(CC)C(=O)Oc1cc(OC(=O)C(CC)CCCC)c(CNCCN(CCN)CCN)c(OC(=O)C(CC)CCCC)c1,1.0,0.0,0.0
CCCCCCCCCCCCCCCCOC(=O)CCSCCCC(=N)NCCCNC(=N)CCCSCCC(=O)OCCCCCCCCCCCCCCCC,1.0,0.0,0.0
CCCCCCCCCCCCC(O)N(CCC(O)C(=O)NC1CC(N(C(O)CCCCCCCCCCCC)C(O)CCCCCCCCCCCC)C(OC2OC(CN(C(O)CCCCCCCCCCCC)C(O)CCCCCCCCCCCC)C(O)C(O)C2O)C(O)C1OC1OC(CO)C(O)C(N(C(O)CCCCCCCCCCCC)C(O)CCCCCCCCCCCC)C1O)C(O)CCCCCCCCCCCC,1.0,0.0,0.0
OCCN(CCC(=O)OCCOC(=O)C(C)CSCC/C=C/CC)CCCN(CCC(=O)OCCOC(=O)C(C)CSCC/C=C/CC)(CCC(=O)OCCOC(=O)C(C)CSCC/C=C/CC),1.0,0.0,0.0
CCCCC(C)C(=O)Oc1cc(OC(=O)C(C)CCCC)c(CNCCN(CCN)CCN)c(OC(=O)C(C)CCCC)c1,1.0,0.0,0.0
OCCN(CCC(=O)OCCOC(=O)C(C)CSCCC/C=C\C)CCCN(CCC(=O)OCCOC(=O)C(C)CSCCC/C=C\C)(CCC(=O)OCCOC(=O)C(C)CSCCC/C=C\C),1.0,0.0,0.0
CCCCCCCCCCCCOC(=O)CCSCCCC(=N)NCC(CCCCCC)CCCCCCCC,1.0,0.0,0.0
CCCCC(C)C(=O)Oc1cc(OC(=O)C(C)CCCC)c(CNCCN(CC)CC)c(OC(=O)C(C)CCCC)c1,1.0,0.0,0.0
CCCC1CCC(c2ccc(C#CCN(CC#Cc3ccc(C4CCC(CCC)CC4)cc3)CCN3CCCC3)cc2)CC1,1.0,0.0,0.0
CCCCCCc1ccc(C#CCN(CC#Cc2ccc(CCCCCC)cc2)CCCN(C)C)cc1,1.0,0.0,0.0
N(CCC(=O)OCCOC(=O)C(C)CSC/C=C(C)\CCC=C(C)C)(CCC(=O)OCCOC(=O)C(C)CSC/C=C(C)\CCC=C(C)C)CCCN1CCN(CCCN(CCC(=O)OCCOC(=O)C(C)CSC/C=C(C)\CCC=C(C)C)(CCC(=O)OCCOC(=O)C(C)CSC/C=C(C)\CCC=C(C)C))CC1,1.0,0.0,0.0
[O-]S(=O)(=O)CCC[N+](C)(C)CCNC(=O)CCN(CC(O)CCCCCCCCCCCCCCCC)CCN(CCN(CC(O)CCCCCCCCCCCCCCCC)CC(O)CCCCCCCCCCCCCCCC)CCN(CC(O)CCCCCCCCCCCCCCCC)CC(O)CCCCCCCCCCCCCCCC,1.0,0.0,0.0
CCCCCC(C)CCC(=O)Oc1cc(CNCCCN(C)C)cc(OC(=O)CCC(C)CCCCC)c1,1.0,0.0,0.0
CCCCc1ccc(C#CCN(CC#Cc2ccc(CCCC)cc2)CCN2CCN(C)CC2)cc1,1.0,0.0,0.0
CCCCc1ccc(C#CCN(CC#Cc2ccc(CCCC)cc2)CCOCCOCCN(CC#Cc2ccc(CCCC)cc2)CC#Cc2ccc(CCCC)cc2)cc1,1.0,0.0,0.0
N(CCN(CCC(=O)OCCOC(=O)C(C)CSCC/C=C/CC)(CCC(=O)OCCOC(=O)C(C)CSCC/C=C/CC))(CCN(CCC(=O)OCCOC(=O)C(C)CSCC/C=C/CC)(CCC(=O)OCCOC(=O)C(C)CSCC/C=C/CC))CCN(CCC(=O)OCCOC(=O)C(C)CSCC/C=C/CC)(CCC(=O)OCCOC(=O)C(C)CSCC/C=C/CC),1.0,0.0,0.0
CCCCc1ccc(C#CCN(CC#Cc2ccc(CCCC)cc2)CCCN(CC#Cc2ccc(CCCC)cc2)CC#Cc2ccc(CCCC)cc2)cc1,1.0,0.0,0.0
CCCCCCCCCCCCCCN(CCCCCCCCCCCCCC)CCCCC(NC(=O)C(CCCCN(CCCCCCCCCCCCCC)CCCCCCCCCCCCCC)NC(=O)C(CCCCN(CCCCCCCCCCCCCC)CCCCCCCCCCCCCC)NC(=O)C(CCCCN(CCCCCCCCCCCCCC)CCCCCCCCCCCCCC)NC(=O)C(CCCCN(CCCCCCCCCCCCCC)CCCCCCCCCCCCCC)NC(C)=O)C(N)=O,1.0,0.0,0.0
CCCCC(C)CCC(=O)Oc1cc(OC(=O)CCC(C)CCCC)c(CNCCCN(C)C)c(OC(=O)CCC(C)CCCC)c1,1.0,0.0,0.0
N(CCC(=O)OCCOC(=O)C(C)CSCC/C=C\CC)(CCC(=O)OCCOC(=O)C(C)CSCC/C=C\CC)CCCN1CCN(C)CC1,1.0,0.0,0.0
CCCCCCCCC(=O)Oc1cc(CNCCN(C)CCN)cc(OC(=O)CCCCCCCC)c1,1.0,0.0,0.0
[O-]S(=O)(=O)CCC[N+](C)(C)CCNC(=O)CCN(CCC(=O)OCCCCCCCCCCCC)CCN(C)CCN(CCC(=O)OCCCCCCCCCCCC)CCC(=O)OCCCCCCCCCCCC,1.0,0.0,0.0
[O-]S(=O)(=O)CCC[N+](C)(C)CCNC(=O)CCN(C)CCN(CCN(C)CCC(=O)OCCCCCCCC)CCN(C)CCC(=O)OCCCCCCCC,1.0,0.0,0.0
CCCCCCCCCCCC(O)N(CC1OC(OC2C(CO)OC(OC3C(O)C(N(C(O)CCCCCCCCCCC)C(O)CCCCCCCCCCC)CC(N(C(O)CCCCCCCCCCC)C(O)CCCCCCCCCCC)C3OC3OC(CO)C(O)C(O)C3N(C(O)CCCCCCCCCCC)C(O)CCCCCCCCCCC)C2O)C(N(C(O)CCCCCCCCCCC)C(O)CCCCCCCCCCC)C(O)C1O)C(O)CCCCCCCCCCC,1.0,0.0,0.0
CCCCCCCCCCCCCCOC(=O)CCSCCCC(=N)NCCCCCCCCCC,1.0,0.0,0.0
CCCCCCCCCCC(O)N(C)C1CC(N(C(O)CCCCCCCCCC)C(O)CCCCCCCCCC)C(O)C(OC2OC(CO)C(O)C3OC4(OC23)OC(C(CO)N(C(O)CCCCCCCCCC)C(O)CCCCCCCCCC)C(O)C(O)C4O)C1O,1.0,0.0,0.0
CCCCCCc1ccc(C#CCN(CC#Cc2ccc(CCCCCC)cc2)CCCN(CC)CC)cc1,1.0,0.0,0.0
[O-]S(=O)(=O)CCC[N+](C)(C)CCNC(=O)CCN(C)CCN(CCN(C)CC(O)CCCCCCCCCC)CCN(C)CC(O)CCCCCCCCCC,1.0,0.0,0.0
CCCCCCCCCC(=O)Oc1cc(CNCCN2CCN(CCN)CC2)cc(OC(=O)CCCCCCCCC)c1,1.0,0.0,0.0
CCCCCCCCCCCCOC(=O)CCSCCCC(=N)NCC(=O)OCCCCCCCC,1.0,0.0,0.0
CCCCCCCCCC(=O)Oc1cc(CNCCN(CC)CC)cc(OC(=O)CCCCCCCCC)c1,1.0,0.0,0.0
CCCCCCCCCCCCCCOC(=O)CCSCCCC(=N)NCCN(CCNC(=N)CCCSCCC(=O)OCCCCCCCCCCCCCC)CCNC(=N)CCCSCCC(=O)OCCCCCCCCCCCCCC,1.0,0.0,0.0
N(CCC(=O)OCCOC(=O)C(C)CSC/C=C/CCC)(CCC(=O)OCCOC(=O)C(C)CSC/C=C/CCC)CCCN(C)C,1.0,0.0,0.0
CCCC1CCC(c2ccc(C#CCN(CC#Cc3ccc(C4CCC(CCC)CC4)cc3)C3CCCCC3)cc2)CC1,1.0,0.0,0.0
CCCCCCCCOC(=O)CCCN(CCCC(=O)OCCCCCCCC)CC1CCC(N(CCCC(=O)OCCCCCCCC)CCCC(=O)OCCCCCCCC)C(OC2C(O)C(OC3CCC(C)(O)C(N(C)CCCC(=O)OCCCCCCCC)C3O)C(N(CCCC(=O)OCCCCCCCC)CCCC(=O)OCCCCCCCC)CC2N(CCCC(=O)OCCCCCCCC)CCCC(=O)OCCCCCCCC)O1,1.0,0.0,0.0
CCCCCCC(=O)Oc1cc(CNCCN2CCN(CCN)CC2)cc(OC(=O)CCCCCC)c1,1.0,0.0,0.0
CCCCc1ccc(C#CCN(CC#Cc2ccc(CCCC)cc2)CCN(CC)CC)cc1,1.0,0.0,0.0
N(CCC(=O)OCCOC(=O)C(C)CSCCC/C=C/C)(CCC(=O)OCCOC(=O)C(C)CSCCC/C=C/C)CCCN1CCN(CCCN(CCC(=O)OCCOC(=O)C(C)CSCCC/C=C/C)(CCC(=O)OCCOC(=O)C(C)CSCCC/C=C/C))CC1,1.0,0.0,0.0
CCCCC(C)CCC(=O)Oc1cc(CNCCN2CCN(C)CC2)cc(OC(=O)CCC(C)CCC)c1,1.0,0.0,0.0
CCCCC(CC)C(=O)Oc1cc(OC(=O)C(CC)CCCC)c(CNCCN2CCN(C)CC2)c(OC(=O)C(CC)CCCC)c1,1.0,0.0,0.0
CCCC1CCC(c2ccc(C#CCN(CC)CC#Cc3ccc(C4CCC(CCC)CC4)cc3)cc2)CC1,1.0,0.0,0.0
[O-]S(=O)(=O)CCC[N+](C)(C)CCNC(=O)CCN(C)CCN(CCN(C)CC(O)CCCCCCCCCCCC)CCN(C)CC(O)CCCCCCCCCCCC,1.0,0.0,0.0
CCCCC(CC)C(=O)Oc1cc(OC(=O)C(CC)CCCC)c(CNCCCN2CCN(CCCN)CC2)c(OC(=O)C(CC)CCCC)c1,1.0,0.0,0.0
[O-]S(=O)(=O)CCC[N+](C)(C)CCNC(=O)CCN(CCC(=O)OCCCCCCCCCC)CCN(CCN(CCC(=O)OCCCCCCCCCC)CCC(=O)OCCCCCCCCCC)CCN(CCC(=O)OCCCCCCCCCC)CCC(=O)OCCCCCCCCCC,1.0,0.0,0.0
CCCC1CCC(c2ccc(C#CCN(CC#Cc3ccc(C4CCC(CCC)CC4)cc3)CCCN3CCN(CCCN(CC#Cc4ccc(C5CCC(CCC)CC5)cc4)CC#Cc4ccc(C5CCC(CCC)CC5)cc4)CC3)cc2)CC1,1.0,0.0,0.0
CCCCCCCCC(O)CN(CCC(O)C(=O)N(CC(O)CCCCCCCC)C1CC(N(CC(O)CCCCCCCC)CC(O)CCCCCCCC)C(OC2OC(CN(CC(O)CCCCCCCC)CC(O)CCCCCCCC)C(O)C(O)C2O)C(O)C1OC1OC(CO)C(O)C(N(CC(O)CCCCCCCC)CC(O)CCCCCCCC)C1O)CC(O)CCCCCCCC,1.0,0.0,0.0
CCCCCCc1ccc(C#CCN(CC#Cc2ccc(CCCCCC)cc2)CCOCCOCCN(CC#Cc2ccc(CCCCCC)cc2)CC#Cc2ccc(CCCCCC)cc2)cc1,1.0,0.0,0.0
CCCCCCC(=O)Oc1cc(CNCCCN(C)CCCN)cc(OC(=O)CCCCCC)c1,1.0,0.0,0.0
CCCCCCCCCCCCCCCCOC(=O)CCSCCCC(=N)NCCCN1CCN(CCCNC(=N)CCCSCCC(=O)OCCCCCCCCCCCCCCCC)CC1,1.0,0.0,0.0
CCCC1CCC(c2ccc(C#CCN(CC#Cc3ccc(C4CCC(CCC)CC4)cc3)C3CCC(O)CC3)cc2)CC1,1.0,0.0,0.0
CCCCCC(C)C(=O)Oc1cc(CNCCCN(C)C)cc(OC(=O)C(C)CCCCC)c1,1.0,0.0,0.0
[O-]S(=O)(=O)CCC[N+](C)(C)CCNC(=O)CCN(CC(O)CCCCCCCCCCCC)CCN(CCN(CC(O)CCCCCCCCCCCC)CC(O)CCCCCCCCCCCC)CCN(CC(O)CCCCCCCCCCCC)CC(O)CCCCCCCCCCCC,1.0,0.0,0.0
CCCCCCCCCCCCCCCCOC(=O)CCSCCCC(=N)NCCCN(CCCNC(=N)CCCSCCC(=O)OCCCCCCCCCCCCCCCC)CCCNC(=N)CCCSCCC(=O)OCCCCCCCCCCCCCCCC,1.0,0.0,0.0
[O-]S(=O)(=O)CCC[N+](C)(C)CCNC(=O)CCN(CCC(=O)OCCCCCCCCCCCCCCCC)CCCN(C)CCCN(CCC(=O)OCCCCCCCCCCCCCCCC)CCC(=O)OCCCCCCCCCCCCCCCC,1.0,0.0,0.0
N(CCC(=O)OCCOC(=O)C(C)CSCCC(C)CCC=C(C)C)(CCC(=O)OCCOC(=O)C(C)CSCCC(C)CCC=C(C)C)CCCN1CCN(C)CC1,1.0,0.0,0.0
CCCCCCCCCCCCCCCCCC(=O)NNC(=N)CCCSCCC(=O)OCCCCCCCCCCCC,1.0,0.0,0.0
CCCCC(CC)C(=O)Oc1cc(CNCCCN(C)CCCN)cc(OC(=O)C(CC)CCCC)c1,1.0,0.0,0.0
CCCCCCc1ccc(C#CCN(CC#Cc2ccc(CCCCCC)cc2)CCN(CC)CC)cc1,1.0,0.0,0.0
CCCCCCCC(=O)Oc1cc(CNCCN(C)CCN)cc(OC(=O)CCCCCCC)c1,1.0,0.0,0.0
CCCCCCCC/C=C\CCCCCCCCNC(=N)CCCSCCC(=O)OCCCCCCCCCCCC,1.0,0.0,0.0
CCCCCCCCCCCCCCCC(=O)NNC(=N)CCCSCCC(=O)OCCCCCCCCC,1.0,0.0,0.0
CCCCCCCCCCCCC(O)N(C(O)CCCCCCCCCCCC)C1CC(N(C(O)CCCCCCCCCCCC)C(O)CCCCCCCCCCCC)C(O)C(O)C1O,0.0,0.0,1.0
CCCCC(CC)CCC(=O)Oc1cc(CNCCN(C)CCN)cc(OC(=O)CCC(CC)CCCC)c1,1.0,0.0,0.0
[O-]S(=O)(=O)CCC[N+](C)(C)CCNC(=O)CCN(CC(O)CCCCCCCCCCCC)CCCN(C)CCCN(CC(O)CCCCCCCCCCCC)CC(O)CCCCCCCCCCCC,1.0,0.0,0.0
CCCCC(CC)CCC(=O)Oc1cc(CNCCCN(CC)CC)cc(OC(=O)CCC(CC)CCCC)c1,1.0,0.0,0.0
CCCCCCCCC(O)CN(CCCCC(NC(=O)C(CCCCN(CC(O)CCCCCCCC)CC(O)CCCCCCCC)NC(=O)C(CCCCN(CC(O)CCCCCCCC)CC(O)CCCCCCCC)NC(C)=O)C(N)=O)CC(O)CCCCCCCC,1.0,0.0,0.0
CCCCCCCCCCCCOC(=O)CCSCCCC(=N)NCCNCCNC(=N)CCCSCCC(=O)OCCCCCCCCCCCC,1.0,0.0,0.0
CCCCCCCCCCCCCCCCC(O)N(C)C1CC(N(C(O)CCCCCCCCCCCCCCCC)C(O)CCCCCCCCCCCCCCCC)C(O)C(OC2OC(CO)C(O)C3OC4(OC23)OC(C(CO)N(C(O)CCCCCCCCCCCCCCCC)C(O)CCCCCCCCCCCCCCCC)C(O)C(O)C4O)C1O,1.0,0.0,0.0
[O-]S(=O)(=O)CCC[N+](C)(C)CCNC(=O)CCN(C(C)C)CCN(CCN(C(C)C)CCC(=O)OCCCCCCCCCCCCCCCCCC)CCN(C(C)C)CCC(=O)OCCCCCCCCCCCCCCCCCC,1.0,0.0,0.0
CCCC1CCC(c2ccc(C#CCN(CC#Cc3ccc(C4CCC(CCC)CC4)cc3)CCCN(CC)CC)cc2)CC1,1.0,0.0,0.0
CC(C)CCCCCC(O)CN(C)C1CC(N(CC(O)CCCCCC(C)C)CC(O)CCCCCC(C)C)C(O)C(OC2OC(CO)C(O)C3OC4(OC23)OC(C(CO)N(CC(O)CCCCCC(C)C)CC(O)CCCCCC(C)C)C(O)C(O)C4O)C1O,1.0,0.0,0.0
CCCCCCCCCCCCCCCCCC(=O)NNC(=N)CCCSCCC(=O)OCCCCCCCCCCCCCCCC,1.0,0.0,0.0
CCCCc1ccc(C#CCN(CC#Cc2ccc(CCCC)cc2)CCCN2CCN(CCCN(CC#Cc3ccc(CCCC)cc3)CC#Cc3ccc(CCCC)cc3)CC2)cc1,1.0,0.0,0.0
N(CCC(=O)OCCOC(=O)C(C)CSC/C=C\CCC)(CCC(=O)OCCOC(=O)C(C)CSC/C=C\CCC)CCCN(C)C,1.0,0.0,0.0
CCCCCC(C)C(=O)Oc1cc(OC(=O)C(C)CCCCC)c(CNCCCN(C)CCCN)c(OC(=O)C(C)CCCCC)c1,1.0,0.0,0.0
CCCCCCCCCCCC(O)N(CCC(O)C(=O)NC1CC(N(C(O)CCCCCCCCCCC)C(O)CCCCCCCCCCC)C(OC2OC(CN(C(O)CCCCCCCCCCC)C(O)CCCCCCCCCCC)C(O)C(O)C2O)C(O)C1OC1OC(CO)C(O)C(N(C(O)CCCCCCCCCCC)C(O)CCCCCCCCCCC)C1O)C(O)CCCCCCCCCCC,1.0,0.0,0.0
CCCCCCN(CCCCCC)CCCCC(NC(=O)C(CCCCN(CCCCCC)CCCCCC)NC(=O)C(CCCCN(CCCCCC)CCCCCC)NC(=O)C(CCCCN(CCCCCC)CCCCCC)NC(C)=O)C(N)=O,1.0,0.0,0.0
CCCCCC(C)C(=O)Oc1cc(OC(=O)C(C)CCCCC)c(CNCCN2CCN(CCN)CC2)c(OC(=O)C(C)CCCCC)c1,1.0,0.0,0.0
CCCCCCCC/C=C\CCCCCCCCNC(=N)CCCSCCC(=O)OCCCCCCCCCCCCCCCC,1.0,0.0,0.0
N(CCC(=O)OCCOC(=O)C(C)CSCCC/C=C\C)(CCC(=O)OCCOC(=O)C(C)CSCCC/C=C\C)CCCN1CCN(C)CC1,1.0,0.0,0.0
OCCN(CCC(=O)OCCOC(=O)C(C)CSC/C=C\C/C=C\CC)CCCN(CCC(=O)OCCOC(=O)C(C)CSC/C=C\C/C=C\CC)(CCC(=O)OCCOC(=O)C(C)CSC/C=C\C/C=C\CC),1.0,0.0,0.0
CCCCC(CC)C(=O)Oc1cc(CNCCCN2CCN(C)CC2)cc(OC(=O)C(CC)CCCC)c1,1.0,0.0,0.0
[O-]S(=O)(=O)CCC[N+](C)(C)CCNC(=O)CCN(C(C)C)CCN(CCN(C(C)C)CC(O)CCCCCCCC)CCN(C(C)C)CC(O)CCCCCCCC,1.0,0.0,0.0
CCCCC(CC)CCC(=O)Oc1cc(OC(=O)CCC(CC)CCCC)c(CNCCN(C)C)c(OC(=O)CCC(CC)CCCC)c1,1.0,0.0,0.0
N(CCC(=O)OCCOC(=O)C(C)CSCCC(C)CCC=C(C)C)(CCC(=O)OCCOC(=O)C(C)CSCCC(C)CCC=C(C)C)CCN(C)C,1.0,0.0,0.0
CCCCCCCCCCN(CCCCCCCCCC)CCCCC(NC(=O)C(CCCCN(CCCCCCCCCC)CCCCCCCCCC)NC(=O)C(CCCCN(CCCCCCCCCC)CCCCCCCCCC)NC(=O)C(CCCCN(CCCCCCCCCC)CCCCCCCCCC)NC(C)=O)C(N)=O,0.0,0.0,1.0
CCCCC(C)C(=O)Oc1cc(OC(=O)C(C)CCCC)c(CNCCCN(C)CCCN)c(OC(=O)C(C)CCCC)c1,1.0,0.0,0.0
CCCCCCC(=O)Oc1cc(CNCCCN)cc(OC(=O)CCCCCC)c1,1.0,0.0,0.0
CCCCC(CC)C(=O)Oc1cc(CNCCN(CCN)CCN)cc(OC(=O)C(CC)CCCC)c1,1.0,0.0,0.0
CCCCCCCCCCCCCCNC(=N)CCCSCCC(=O)OCCCCCCCCCCCC,1.0,0.0,0.0
N(CCC(=O)OCCOC(=O)C(C)CSC/C=C(C)/CC/C=C(C)/CCC=C(C)C)(CCC(=O)OCCOC(=O)C(C)CSC/C=C(C)/CC/C=C(C)/CCC=C(C)C)CCCN(C)CCCN(CCC(=O)OCCOC(=O)C(C)CSC/C=C(C)/CC/C=C(C)/CCC=C(C)C)(CCC(=O)OCCOC(=O)C(C)CSC/C=C(C)/CC/C=C(C)/CCC=C(C)C),1.0,0.0,0.0
CCCCCCCCCOC(=O)CCSCCCC(=N)NCCCN(CCCNC(=N)CCCSCCC(=O)OCCCCCCCCC)CCCNC(=N)CCCSCCC(=O)OCCCCCCCCC,1.0,0.0,0.0
CCCCCCCCCCCCCCCCOC(=O)CCSCCCC(=N)NCCNC(=N)CCCSCCC(=O)OCCCCCCCCCCCCCCCC,1.0,0.0,0.0
CCCCCCC(O)CN(CCC(O)C(=O)N(CC(O)CCCCCC)C1CC(N(CC(O)CCCCCC)CC(O)CCCCCC)C(OC2OC(CN(CC(O)CCCCCC)CC(O)CCCCCC)C(O)C(O)C2O)C(O)C1OC1OC(CO)C(O)C(N(CC(O)CCCCCC)CC(O)CCCCCC)C1O)CC(O)CCCCCC,1.0,0.0,0.0
CCCCCCCCCCC(O)CN(CCCCC(NC(C)=O)C(N)=O)CC(O)CCCCCCCCCC,1.0,0.0,0.0
CCCCCCc1ccc(C#CCN(CC#Cc2ccc(CCCCCC)cc2)c2ccccc2)cc1,1.0,0.0,0.0
OCCN(CCC(=O)OCCOC(=O)C(C)CSCCCCCC)CCCN(CCC(=O)OCCOC(=O)C(C)CSCCCCCC)(CCC(=O)OCCOC(=O)C(C)CSCCCCCC),1.0,0.0,0.0
N(CCC(=O)OCCOC(=O)C(C)CSC/C=C\C/C=C\CC)(CCC(=O)OCCOC(=O)C(C)CSC/C=C\C/C=C\CC)CCCN(C)C,1.0,0.0,0.0
CCCCCCCC(=O)Oc1cc(CNCCN(CCN)CCN)cc(OC(=O)CCCCCCC)c1,1.0,0.0,0.0
CCCCCCCCCCC(O)N(CC1OC(OC2C(OC3OC(CO)C(O)C3O)C(O)C(N(C(O)CCCCCCCCCC)C(O)CCCCCCCCCC)CC2N(C(O)CCCCCCCCCC)C(O)CCCCCCCCCC)C(N(C(O)CCCCCCCCCC)C(O)CCCCCCCCCC)C(O)C1O)C(O)CCCCCCCCCC,1.0,0.0,0.0
[O-]S(=O)(=O)CCC[N+](C)(C)CCNC(=O)CCN(CC(O)CCCCCCCCCCCC)CCN(C)CCN(CC(O)CCCCCCCCCCCC)CC(O)CCCCCCCCCCCC,1.0,0.0,0.0
CCCCCCc1ccc(C#CCC(CC#Cc2ccc(CCCCCC)cc2)CCN(CCN(CC#Cc2ccc(CCCCCC)cc2)CC#Cc2ccc(CCCCCC)cc2)CCN(CC#Cc2ccc(CCCCCC)cc2)CC#Cc2ccc(CCCCCC)cc2)cc1,1.0,0.0,0.0
CCCCCCCCCCC(O)N(C)C1C(O)C(OC2C(O)C(OC3OC(C(C)O)C(O)C(O)C3N(C(O)CCCCCCCCCC)C(O)CCCCCCCCCC)C(N(C(O)CCCCCCCCCC)C(O)CCCCCCCCCC)CC2N(C(O)CCCCCCCCCC)C(O)CCCCCCCCCC)OCC1(C)O,1.0,0.0,0.0
CCCCc1ccc(C#CCN(CC#Cc2ccc(CCCC)cc2)CCN(CC#Cc2ccc(CCCC)cc2)CC#Cc2ccc(CCCC)cc2)cc1,1.0,0.0,0.0
CCCCc1ccc(C#CCN(CC#Cc2ccc(CCCC)cc2)CCN2CCCC2)cc1,1.0,0.0,0.0
[O-]S(=O)(=O)CCC[N+](C)(C)CCNC(=O)CCN(C(C)C)CCN(CCN(C(C)C)CC(O)CCCCCCCCCCCCCC)CCN(C(C)C)CC(O)CCCCCCCCCCCCCC,1.0,0.0,0.0
CCCCCCCCC(=O)Oc1cc(CNCCN2CCN(C)CC2)cc(OC(=O)CCCCCCCC)c1,1.0,0.0,0.0
CCCCCCCCOC(=O)CCCN(CCCC(=O)OCCCCCCCC)CCC(O)C(=O)N(CCCC(=O)OCCCCCCCC)C1CC(N(CCCC(=O)OCCCCCCCC)CCCC(=O)OCCCCCCCC)C(OC2OC(CN(CCCC(=O)OCCCCCCCC)CCCC(=O)OCCCCCCCC)C(O)C(O)C2O)C(O)C1OC1OC(CO)C(O)C(N(CCCC(=O)OCCCCCCCC)CCCC(=O)OCCCCCCCC)C1O,1.0,0.0,0.0
CCCCCCCCCCN(CCCCCCCCCC)CCCCC(NC(=O)C(CCCCN(CCCCCCCCCC)CCCCCCCCCC)NC(=O)C(CCCCN(CCCCCCCCCC)CCCCCCCCCC)NC(=O)C(CCCCN(CCCCCCCCCC)CCCCCCCCCC)NC(=O)C(CCCCN(CCCCCCCCCC)CCCCCCCCCC)NC(C)=O)C(N)=O,0.0,0.0,1.0
CCCCCCc1ccc(C#CCN(C)CC#Cc2ccc(CCCCCC)cc2)cc1,1.0,0.0,0.0
CCCCCCN(CCCCCC)CCCCC(NC(=O)C(CCCCN(CCCCCC)CCCCCC)NC(=O)C(CCCCN(CCCCCC)CCCCCC)NC(=O)C(CCCCN(CCCCCC)CCCCCC)NC(=O)C(CCCCN(CCCCCC)CCCCCC)NC(C)=O)C(N)=O,1.0,0.0,0.0
CCCCCCCCC(O)CN(C)C1C(O)C(OC2C(O)C(OC3OC(C(C)O)C(O)C(O)C3N(CC(O)CCCCCCCC)CC(O)CCCCCCCC)C(N(CC(O)CCCCCCCC)CC(O)CCCCCCCC)CC2N(CC(O)CCCCCCCC)CC(O)CCCCCCCC)OCC1(C)O,1.0,0.0,0.0
CCCCCCCCCOC(=O)CCSCCCC(=N)NCCNCCNC(=N)CCCSCCC(=O)OCCCCCCCCC,1.0,0.0,0.0
CCCCCCCCCCCCC(O)CN(CC(O)CCCCCCCCCCCC)CC1CCC(N(CC(O)CCCCCCCCCCCC)CC(O)CCCCCCCCCCCC)C(OC2C(O)C(OC3CCC(C)(O)C(N(C)CC(O)CCCCCCCCCCCC)C3O)C(N(CC(O)CCCCCCCCCCCC)CC(O)CCCCCCCCCCCC)CC2N(CC(O)CCCCCCCCCCCC)CC(O)CCCCCCCCCCCC)O1,1.0,0.0,0.0
CCCCCCCCCCCCCCOC(=O)CCSCCCC(=N)NCCCN(CCCNC(=N)CCCSCCC(=O)OCCCCCCCCCCCCCC)CCCNC(=N)CCCSCCC(=O)OCCCCCCCCCCCCCC,1.0,0.0,0.0
CCCCC(CC)CCC(=O)Oc1cc(OC(=O)CCC(CC)CCCC)c(CNCCN(CCN)CCN)c(OC(=O)CCC(CC)CCCC)c1,1.0,0.0,0.0
CCCCC(C)C(=O)Oc1cc(OC(=O)C(C)CCCC)c(CNCCCN(C)C)c(OC(=O)C(C)CCCC)c1,1.0,0.0,0.0
[O-]S(=O)(=O)CCC[N+](C)(C)CCNC(=O)CCN(C)CCN(CCN(C)CCC(=O)OCCCCCCCCCCCCCCCC)CCN(C)CCC(=O)OCCCCCCCCCCCCCCCC,1.0,0.0,0.0
CCCCCCCCC(O)CN(CCCCC(NC(=O)C(CCCCN(CC(O)CCCCCCCC)CC(O)CCCCCCCC)NC(=O)C(CCCCN(CC(O)CCCCCCCC)CC(O)CCCCCCCC)NC(=O)C(CCCCN(CC(O)CCCCCCCC)CC(O)CCCCCCCC)NC(=O)C(CCCCN(CC(O)CCCCCCCC)CC(O)CCCCCCCC)NC(C)=O)C(N)=O)CC(O)CCCCCCCC,0.0,1.0,0.0
CC(C)CCCCCOC(=O)CCCN(C)C1CC(N(CCCC(=O)OCCCCCC(C)C)CCCC(=O)OCCCCCC(C)C)C(O)C(OC2OC(CO)C(O)C3OC4(OC23)OC(C(CO)N(CCCC(=O)OCCCCCC(C)C)CCCC(=O)OCCCCCC(C)C)C(O)C(O)C4O)C1O,1.0,0.0,0.0
CCCCC(CC)CCC(=O)Oc1cc(CNCCN2CCN(CCN)CC2)cc(OC(=O)CCC(CC)CCCC)c1,1.0,0.0,0.0
CCCCC(C)C(=O)Oc1cc(OC(=O)C(C)CCCC)c(CNCCCN(CC)CC)c(OC(=O)C(C)CCCC)c1,1.0,0.0,0.0
CCCCCCCCCC(=O)Oc1cc(CNCCN(CCN)CCN)cc(OC(=O)CCCCCCCCC)c1,1.0,0.0,0.0
CCCCCCCCCCCCCCCCNC(=N)CCCSCCC(=O)OCCCCCCCCCCCC,1.0,0.0,0.0
CCCCCCCCCCCC(O)N(C)C1C(O)C(OC2C(O)C(OC3OC(C(C)O)C(O)C(O)C3N(C(O)CCCCCCCCCCC)C(O)CCCCCCCCCCC)C(N(C(O)CCCCCCCCCCC)C(O)CCCCCCCCCCC)CC2N(C(O)CCCCCCCCCCC)C(O)CCCCCCCCCCC)OCC1(C)O,1.0,0.0,0.0
CCCCC(C)C(=O)Oc1cc(CNCCCN(C)CCCN)cc(OC(=O)C(C)CCCC)c1,1.0,0.0,0.0
N(CCN(CCC(=O)OCCOC(=O)C(C)CSC/C=C/CCC)(CCC(=O)OCCOC(=O)C(C)CSC/C=C/CCC))(CCN(CCC(=O)OCCOC(=O)C(C)CSC/C=C/CCC)(CCC(=O)OCCOC(=O)C(C)CSC/C=C/CCC))CCN(CCC(=O)OCCOC(=O)C(C)CSC/C=C/CCC)(CCC(=O)OCCOC(=O)C(C)CSC/C=C/CCC),1.0,0.0,0.0
CCCCCCCCCCCCCCC(O)N(C)C(C)C1CCC(N(C(O)CCCCCCCCCCCCCC)C(O)CCCCCCCCCCCCCC)C(OC2C(O)C(OC3OCC(C)(O)C(N(C)C(O)CCCCCCCCCCCCCC)C3O)C(N(C(O)CCCCCCCCCCCCCC)C(O)CCCCCCCCCCCCCC)CC2N(C(O)CCCCCCCCCCCCCC)C(O)CCCCCCCCCCCCCC)O1,0.0,0.0,1.0
N(CCC(=O)OCCOC(=O)C(C)CSC/C=C(C)\CCC=C(C)C)(CCC(=O)OCCOC(=O)C(C)CSC/C=C(C)\CCC=C(C)C)CCCN(C)CCCN(CCC(=O)OCCOC(=O)C(C)CSC/C=C(C)\CCC=C(C)C)(CCC(=O)OCCOC(=O)C(C)CSC/C=C(C)\CCC=C(C)C),1.0,0.0,0.0
CCCCCC(C)C(=O)Oc1cc(OC(=O)C(C)CCCCC)c(CNCCCN2CCN(CCCN)CC2)c(OC(=O)C(C)CCCCC)c1,1.0,0.0,0.0
CCCCCCCCCOC(=O)CCSCCCC(=N)NCC(=O)OCCCCCCCC,1.0,0.0,0.0
CCCCc1ccc(C#CCN(CC)CC#Cc2ccc(CCCC)cc2)cc1,1.0,0.0,0.0
CCCCC(C)C(=O)Oc1cc(OC(=O)C(C)CCCC)c(CNCCCN2CCN(CCCN)CC2)c(OC(=O)C(C)CCCC)c1,1.0,0.0,0.0
CCCCC(CC)CCC(=O)Oc1cc(CNCCCN)cc(OC(=O)CCC(CC)CCCC)c1,1.0,0.0,0.0
CCCCCCC(=O)Oc1cc(CNCCCN2CCN(CCCN)CC2)cc(OC(=O)CCCCCC)c1,1.0,0.0,0.0
CCCCCCN(CCCCCC)CCCCC(NC(=O)C(CCCCN(CCCCCC)CCCCCC)NC(C)=O)C(N)=O,1.0,0.0,0.0
N(CCC(=O)OCCOC(=O)C(C)CSCCCCC=C)(CCC(=O)OCCOC(=O)C(C)CSCCCCC=C)CCN(C)C,1.0,0.0,0.0
CCCC1CCC(c2ccc(C#CCN(CC#Cc3ccc(C4CCC(CCC)CC4)cc3)CCN3CCN(C)CC3)cc2)CC1,1.0,0.0,0.0
CCCCC(C)CCC(=O)Oc1cc(OC(=O)CCC(C)CCCC)c(CNCCCN(C)CCCN)c(OC(=O)CCC(C)CCCC)c1,1.0,0.0,0.0
CCCCCCCCCCN(CCCCCCCCCC)CCCCC(NC(C)=O)C(N)=O,0.0,0.0,1.0
CCCCCCc1ccc(C#CCN(CC#Cc2ccc(CCCCCC)cc2)CCOC)cc1,1.0,0.0,0.0
CCCCCCCCCCCCCCOC(=O)CCSCCCC(=N)NCC(CCCCCC)CCCCCCCC,1.0,0.0,0.0
CCCCCCCCCC(=O)Oc1cc(CNCCCN(CC)CC)cc(OC(=O)CCCCCCCCC)c1,1.0,0.0,0.0
N(CCC(=O)OCCOC(=O)C(C)CSC/C=C(C)/CC/C=C(C)/CCC=C(C)C)(CCC(=O)OCCOC(=O)C(C)CSC/C=C(C)/CC/C=C(C)/CCC=C(C)C)CCCN(C)C,1.0,0.0,0.0
CCCCCC(C)CCC(=O)Oc1cc(CNCCN(C)CCN)cc(OC(=O)CCC(C)CCCCC)c1,1.0,0.0,0.0
CCCCCCCCCC(=O)Oc1cc(CNCCN(C)CCN)cc(OC(=O)CCCCCCCCC)c1,1.0,0.0,0.0
OCCN(CCC(=O)OCCOC(=O)C(C)CSC/C=C\CCC)CCCN(CCC(=O)OCCOC(=O)C(C)CSC/C=C\CCC)(CCC(=O)OCCOC(=O)C(C)CSC/C=C\CCC),1.0,0.0,0.0
CCCCCCc1ccc(C#CCN(CC#Cc2ccc(CCCCCC)cc2)CCN2CCN(C)CC2)cc1,1.0,0.0,0.0
CCCCCCCC/C=C\CCCCCCCCNC(=N)CCCSCCC(=O)OCCCCCCCCCCCCCC,1.0,0.0,0.0
[O-]S(=O)(=O)CCC[N+](C)(C)CCNC(=O)CCN(CCC(=O)OCCCCCCCCCCCCCCCCCC)CCCN(C)CCCN(CCC(=O)OCCCCCCCCCCCCCCCCCC)CCC(=O)OCCCCCCCCCCCCCCCCCC,1.0,0.0,0.0
CCCCCC(C)CCC(=O)Oc1cc(CNCCN(C)C)cc(OC(=O)CCC(C)CCCCC)c1,1.0,0.0,0.0
N(CCC(=O)OCCOC(=O)C(C)CSCCC(C)CCC=C(C)C)(CCC(=O)OCCOC(=O)C(C)CSCCC(C)CCC=C(C)C)CCCN(C)C,1.0,0.0,0.0
OCCN(CCC(=O)OCCOC(=O)C(C)CSCCCCC=C)CCCN(CCC(=O)OCCOC(=O)C(C)CSCCCCC=C)(CCC(=O)OCCOC(=O)C(C)CSCCCCC=C),1.0,0.0,0.0
CCCCCCCCCCCCCCCCOC(=O)CCSCCCC(=N)NCCNCCNC(=N)CCCSCCC(=O)OCCCCCCCCCCCCCCCC,1.0,0.0,0.0
CCCCCCC(=O)Oc1cc(CNCCN(CC)CC)cc(OC(=O)CCCCCC)c1,1.0,0.0,0.0
CCCCCCCCCOC(=O)CCSCCCC(=N)NCCCCCNC(=N)CCCSCCC(=O)OCCCCCCCCC,1.0,0.0,0.0
[O-]S(=O)(=O)CCC[N+](C)(C)CCNC(=O)CCN(CC(O)CCCCCC)CCN(C)CCN(CC(O)CCCCCC)CC(O)CCCCCC,1.0,0.0,0.0
N(CCN(CCC(=O)OCCOC(=O)C(C)CSC/C=C(C)\CCC=C(C)C)(CCC(=O)OCCOC(=O)C(C)CSC/C=C(C)\CCC=C(C)C))(CCN(CCC(=O)OCCOC(=O)C(C)CSC/C=C(C)\CCC=C(C)C)(CCC(=O)OCCOC(=O)C(C)CSC/C=C(C)\CCC=C(C)C))CCN(CCC(=O)OCCOC(=O)C(C)CSC/C=C(C)\CCC=C(C)C)(CCC(=O)OCCOC(=O)C(C)CSC/C=C(C)\CCC=C(C)C),1.0,0.0,0.0
CCCCCCCCC(O)CN(CCCCC(NC(=O)C(CCCCN(CC(O)CCCCCCCC)CC(O)CCCCCCCC)NC(=O)C(CCCCN(CC(O)CCCCCCCC)CC(O)CCCCCCCC)NC(=O)C(CCCCN(CC(O)CCCCCCCC)CC(O)CCCCCCCC)NC(C)=O)C(N)=O)CC(O)CCCCCCCC,0.0,0.0,1.0
CCCCC(CC)C(=O)Oc1cc(OC(=O)C(CC)CCCC)c(CNCCN(C)C)c(OC(=O)C(CC)CCCC)c1,1.0,0.0,0.0
OCCN(CCC(=O)OCCOC(=O)C(C)CSCCCCCCCC)CCCN(CCC(=O)OCCOC(=O)C(C)CSCCCCCCCC)(CCC(=O)OCCOC(=O)C(C)CSCCCCCCCC),1.0,0.0,0.0
[O-]S(=O)(=O)CCC[N+](C)(C)CCNC(=O)CCN(C)CCN(CCN(C)CCC(=O)OCCCCCCCCCCCC)CCN(C)CCC(=O)OCCCCCCCCCCCC,1.0,0.0,0.0
CCCCCCCCC(=O)Oc1cc(CNCCCN(CC)CC)cc(OC(=O)CCCCCCCC)c1,1.0,0.0,0.0
CCCCC(CC)C(=O)Oc1cc(OC(=O)C(CC)CCCC)c(CNCCCN)c(OC(=O)C(CC)CCCC)c1,1.0,0.0,0.0
CCCCCC(C)C(=O)Oc1cc(OC(=O)C(C)CCCCC)c(CNCCCN2CCN(C)CC2)c(OC(=O)C(C)CCCCC)c1,1.0,0.0,0.0
CCCCCCc1ccc(C#CCN(CC)CCN(CC)CC#Cc2ccc(CCCCCC)cc2)cc1,1.0,0.0,0.0
N(CCC(=O)OCCOC(=O)C(C)CSCC/C=C/CC)(CCC(=O)OCCOC(=O)C(C)CSCC/C=C/CC)CCCN(C)CCCN(CCC(=O)OCCOC(=O)C(C)CSCC/C=C/CC)(CCC(=O)OCCOC(=O)C(C)CSCC/C=C/CC),1.0,0.0,0.0
CCCCCCCCCCCCCCOC(=O)CCSCCCC(=N)NCCCNC(=N)CCCSCCC(=O)OCCCCCCCCCCCCCC,1.0,0.0,0.0
CCCCC(CC)CCC(=O)Oc1cc(CNCCN(CCN)CCN)cc(OC(=O)CCC(CC)CCCC)c1,1.0,0.0,0.0
CCCCCCCCCCCC(=O)NCCN(CCCCC(NC(=O)C(CCCCN(CCNC(=O)CCCCCCCCCCC)CCNC(=O)CCCCCCCCCCC)NC(=O)C(CCCCN(CCNC(=O)CCCCCCCCCCC)CCNC(=O)CCCCCCCCCCC)NC(=O)C(CCCCN(CCNC(=O)CCCCCCCCCCC)CCNC(=O)CCCCCCCCCCC)NC(C)=O)C(N)=O)CCNC(=O)CCCCCCCCCCC,0.0,0.0,1.0
CCCCC(CC)CCC(=O)Oc1cc(CNCCCN2CCN(C)CC2)cc(OC(=O)CCC(CC)CCCC)c1,1.0,0.0,0.0
CCCCCCCCC(=O)Oc1cc(CNCCCN2CCN(C)CC2)cc(OC(=O)CCCCCCCC)c1,1.0,0.0,0.0
N(CCC(=O)OCCOC(=O)C(C)CSCCC/C=C\C)(CCC(=O)OCCOC(=O)C(C)CSCCC/C=C\C)CCCN(C)CCCN(CCC(=O)OCCOC(=O)C(C)CSCCC/C=C\C)(CCC(=O)OCCOC(=O)C(C)CSCCC/C=C\C),1.0,0.0,0.0
CCCCCCCCCCCCC(O)CN(CCCCC(NC(=O)C(CCCCN(CC(O)CCCCCCCCCCCC)CC(O)CCCCCCCCCCCC)NC(=O)C(CCCCN(CC(O)CCCCCCCCCCCC)CC(O)CCCCCCCCCCCC)NC(C)=O)C(N)=O)CC(O)CCCCCCCCCCCC,0.0,0.0,1.0
CCCCCCCCCCCC(=O)NCCN(CCCCC(NC(C)=O)C(N)=O)CCNC(=O)CCCCCCCCCCC,0.0,0.0,1.0
CCCCCCCCCC(=O)Oc1cc(CNCCCN(C)C)cc(OC(=O)CCCCCCCCC)c1,1.0,0.0,0.0
CCCCCCCCCCCCC(O)N(C)C1CC(N(C(O)CCCCCCCCCCCC)C(O)CCCCCCCCCCCC)C(O)C(OC2OC(CO)C(O)C3OC4(OC23)OC(C(CO)N(C(O)CCCCCCCCCCCC)C(O)CCCCCCCCCCCC)C(O)C(O)C4O)C1O,1.0,0.0,0.0
CCCCCCCCCCCCNC(=N)CCCSCCC(=O)OCCCCCCCCC,1.0,0.0,0.0
CCCCC(O)CN(CC(O)CCCC)CC1CCC(N(CC(O)CCCC)CC(O)CCCC)C(OC2C(O)C(OC3CCC(C)(O)C(N(C)CC(O)CCCC)C3O)C(N(CC(O)CCCC)CC(O)CCCC)CC2N(CC(O)CCCC)CC(O)CCCC)O1,1.0,0.0,0.0
CCCCCCCCCCCCCCOC(=O)CCSCCCC(=N)NCCNCCNC(=N)CCCSCCC(=O)OCCCCCCCCCCCCCC,1.0,0.0,0.0
CC(C)CCCCCOC(=O)CCCN(CCCC(=O)OCCCCCC(C)C)CC1CCC(N(CCCC(=O)OCCCCCC(C)C)CCCC(=O)OCCCCCC(C)C)C(OC2C(O)C(OC3CCC(C)(O)C(N(C)CCCC(=O)OCCCCCC(C)C)C3O)C(N(CCCC(=O)OCCCCCC(C)C)CCCC(=O)OCCCCCC(C)C)CC2N(CCCC(=O)OCCCCCC(C)C)CCCC(=O)OCCCCCC(C)C)O1,1.0,0.0,0.0
CCCCCCCCCCCCCCCCCCNC(=N)CCCSCCC(=O)OCCCCCCCCCCCCCCCC,1.0,0.0,0.0
CCCCC(C)C(=O)Oc1cc(CNCCN2CCN(CCN)CC2)cc(OC(=O)C(C)CCCC)c1,1.0,0.0,0.0
CCCCCCCCCCCCOC(=O)CCN(CCCCC(NC(=O)C(CCCCN(CCC(=O)OCCCCCCCCCCCC)CCC(=O)OCCCCCCCCCCCC)NC(=O)C(CCCCN(CCC(=O)OCCCCCCCCCCCC)CCC(=O)OCCCCCCCCCCCC)NC(=O)C(CCCCN(CCC(=O)OCCCCCCCCCCCC)CCC(=O)OCCCCCCCCCCCC)NC(=O)C(CCCCN(CCC(=O)OCCCCCCCCCCCC)CCC(=O)OCCCCCCCCCCCC)NC(C)=O)C(N)=O)CCC(=O)OCCCCCCCCCCCC,1.0,0.0,0.0
[O-]S(=O)(=O)CCC[N+](C)(C)CCNC(=O)CCN(C(C)C)CCN(CCN(C(C)C)CC(O)CCCCCCCCCC)CCN(C(C)C)CC(O)CCCCCCCCCC,1.0,0.0,0.0
CCCCC(C)CCC(=O)Oc1cc(OC(=O)CCC(C)CCCC)c(CNCCCN2CCN(C)CC2)c(OC(=O)CCC(C)CCCC)c1,1.0,0.0,0.0
CCCCCCCCCCCCN(CCCCCCCCCCCC)CCC(NC(=O)C(CCN(CCCCCCCCCCCC)CCCCCCCCCCCC)NC(=O)C(CCN(CCCCCCCCCCCC)CCCCCCCCCCCC)NC(=O)C(CCN(CCCCCCCCCCCC)CCCCCCCCCCCC)NC(C)=O)C(N)=O,1.0,0.0,0.0
CCCCCCCCCCNC(=N)CCCSCCC(=O)OCCCCCCCCC,1.0,0.0,0.0
CCCCCCCCCCCCCCCCN(CCCCCCCCCCCCCCCC)CCCCC(NC(C)=O)C(N)=O,0.0,0.0,1.0
[O-]S(=O)(=O)CCC[N+](C)(C)CCNC(=O)CCN(C(C)C)CCN(CCN(C(C)C)CCC(=O)OCCCCCCCCCCCC)CCN(C(C)C)CCC(=O)OCCCCCCCCCCCC,1.0,0.0,0.0
CC(C)CCCCCOC(=O)CCCN(C)C1C(O)C(OC2C(O)C(OC3OC(C(C)O)C(O)C(O)C3N(CCCC(=O)OCCCCCC(C)C)CCCC(=O)OCCCCCC(C)C)C(N(CCCC(=O)OCCCCCC(C)C)CCCC(=O)OCCCCCC(C)C)CC2N(CCCC(=O)OCCCCCC(C)C)CCCC(=O)OCCCCCC(C)C)OCC1(C)O,1.0,0.0,0.0
CCCCc1ccc(C#CCC(CC#Cc2ccc(CCCC)cc2)CCN(CCN(CC#Cc2ccc(CCCC)cc2)CC#Cc2ccc(CCCC)cc2)CCN(CC#Cc2ccc(CCCC)cc2)CC#Cc2ccc(CCCC)cc2)cc1,1.0,0.0,0.0
CCCCCCc1ccc(C#CCN(CC#Cc2ccc(CCCCCC)cc2)CCCN2CCN(CCCN(CC#Cc3ccc(CCCCCC)cc3)CC#Cc3ccc(CCCCCC)cc3)CC2)cc1,1.0,0.0,0.0
CCCCc1ccc(C#CCN(CC#Cc2ccc(CCCC)cc2)CCN(C)CCN(CC#Cc2ccc(CCCC)cc2)CC#Cc2ccc(CCCC)cc2)cc1,1.0,0.0,0.0
CCCCC(CC)CCC(=O)Oc1cc(OC(=O)CCC(CC)CCCC)c(CNCCCN(CC)CC)c(OC(=O)CCC(CC)CCCC)c1,1.0,0.0,0.0
CCCCCCCCCCCCOC(=O)CCSCCCC(=N)NCCCN(CCCNC(=N)CCCSCCC(=O)OCCCCCCCCCCCC)CCCNC(=N)CCCSCCC(=O)OCCCCCCCCCCCC,1.0,0.0,0.0
[O-]S(=O)(=O)CCC[N+](C)(C)CCNC(=O)CCN(C)CCN(CCN(C)CC(O)CCCCCCCCCCCCCC)CCN(C)CC(O)CCCCCCCCCCCCCC,1.0,0.0,0.0
CCCCCCCCCCCCCCCCCCNC(=N)CCCSCCC(=O)OCCCCCCCCC,1.0,0.0,0.0
N(CCC(=O)OCCOC(=O)C(C)CSCC/C=C\CC)(CCC(=O)OCCOC(=O)C(C)CSCC/C=C\CC)CCCN1CCN(CCCN(CCC(=O)OCCOC(=O)C(C)CSCC/C=C\CC)(CCC(=O)OCCOC(=O)C(C)CSCC/C=C\CC))CC1,1.0,0.0,0.0
CCCCCCCCCCCCOC(=O)CCSCCCC(=N)NCCCN(C)CCCNC(=N)CCCSCCC(=O)OCCCCCCCCCCCC,1.0,0.0,0.0
CCCCCCCCCCCCCCCCCCNC(=N)CCCSCCC(=O)OCCCCCCCCCCCCCC,1.0,0.0,0.0
CCCCCCCC(=O)Oc1cc(CNCCCN(C)C)cc(OC(=O)CCCCCCC)c1,1.0,0.0,0.0
CCCCCCCCN(CCCCCCCC)CCCCC(NC(=O)C(CCCCN(CCCCCCCC)CCCCCCCC)NC(=O)C(CCCCN(CCCCCCCC)CCCCCCCC)NC(=O)C(CCCCN(CCCCCCCC)CCCCCCCC)NC(=O)C(CCCCN(CCCCCCCC)CCCCCCCC)NC(C)=O)C(N)=O,0.0,0.0,1.0
CCCC1CCC(c2ccc(C#CCN(CC#Cc3ccc(C4CCC(CCC)CC4)cc3)CCN(C)CCN(CC#Cc3ccc(C4CCC(CCC)CC4)cc3)CC#Cc3ccc(C4CCC(CCC)CC4)cc3)cc2)CC1,1.0,0.0,0.0
[O-]S(=O)(=O)CCC[N+](C)(C)CCNC(=O)CCN(CC(O)CCCCCCCCCCCCCC)CCN(C)CCN(CC(O)CCCCCCCCCCCCCC)CC(O)CCCCCCCCCCCCCC,1.0,0.0,0.0
[O-]S(=O)(=O)CCC[N+](C)(C)CCNC(=O)CCN(CCC(=O)OCCCCCCCCCCCCCCCCCC)CCN(C)CCN(CCC(=O)OCCCCCCCCCCCCCCCCCC)CCC(=O)OCCCCCCCCCCCCCCCCCC,1.0,0.0,0.0
CCCCCCCCCCCCOC(=O)CCSCCCC(=N)Nc1ccc(CCCCCCCCCC)cc1,1.0,0.0,0.0
CCCCCC(C)C(=O)Oc1cc(CNCCN(C)C)cc(OC(=O)C(C)CCCCC)c1,1.0,0.0,0.0
CCCCc1ccc(C#CCN(CC#Cc2ccc(CCCC)cc2)C2CCC(O)CC2)cc1,1.0,0.0,0.0
CCCCCCCCCCCCOC(=O)CCSCCCC(=N)Nc1ccc(CCCCCCCC)cc1,1.0,0.0,0.0
CCCCCC(C)C(=O)Oc1cc(OC(=O)C(C)CCCCC)c(CNCCCN(C)C)c(OC(=O)C(C)CCCCC)c1,1.0,0.0,0.0
[O-]S(=O)(=O)CCC[N+](C)(C)CCNC(=O)CCN(CCC(=O)OCCCCCCCCCCCCCC)CCN(C)CCN(CCC(=O)OCCCCCCCCCCCCCC)CCC(=O)OCCCCCCCCCCCCCC,1.0,0.0,0.0
CCCCC(CC)CCC(=O)Oc1cc(OC(=O)CCC(CC)CCCC)c(CNCCN2CCN(CCN)CC2)c(OC(=O)CCC(CC)CCCC)c1,1.0,0.0,0.0
CCCCCCCCCC(=O)Oc1cc(CNCCCN2CCN(C)CC2)cc(OC(=O)CCCCCCCCC)c1,1.0,0.0,0.0
CCCCC(C)CCC(=O)Oc1cc(CNCCCN2CCN(C)CC2)cc(OC(=O)CCC(C)CCC)c1,1.0,0.0,0.0
CCCCc1ccc(C#CCN(CC#Cc2ccc(CCCC)cc2)CCCN2CCCC2)cc1,1.0,0.0,0.0
CCCC1CCC(c2ccc(C#CCN(CC#Cc3ccc(C4CCC(CCC)CC4)cc3)CCN3CCCCC3)cc2)CC1,1.0,0.0,0.0
[O-]S(=O)(=O)CCC[N+](C)(C)CCNC(=O)CCN(CC(O)CCCCCCCCCCCCCC)CCCN5CCN(CCCN(CC(O)CCCCCCCCCCCCCC)CC(O)CCCCCCCCCCCCCC)CC5,1.0,0.0,0.0
CCCCCCC(O)CN(C)C1C(O)C(OC2C(O)C(OC3OC(C(C)O)C(O)C(O)C3N(CC(O)CCCCCC)CC(O)CCCCCC)C(N(CC(O)CCCCCC)CC(O)CCCCCC)CC2N(CC(O)CCCCCC)CC(O)CCCCCC)OCC1(C)O,1.0,0.0,0.0
CCCCCCC(=O)Oc1cc(CNCCCN(C)C)cc(OC(=O)CCCCCC)c1,1.0,0.0,0.0
N(CCC(=O)OCCOC(=O)C(C)CSCCCCC=C)(CCC(=O)OCCOC(=O)C(C)CSCCCCC=C)CCCN(C)C,1.0,0.0,0.0
CCCCCCc1ccc(C#CCN(CC#Cc2ccc(CCCCCC)cc2)CCCN(C)CCCN(CC#Cc2ccc(CCCCCC)cc2)CC#Cc2ccc(CCCCCC)cc2)cc1,1.0,0.0,0.0
CCCCCCc1ccc(C#CCN(CC#Cc2ccc(CCCCCC)cc2)CCN2CCCCC2)cc1,1.0,0.0,0.0
CCCCCCCCCCCCOC(=O)CCN(CCCCC(NC(=O)C(CCCCN(CCC(=O)OCCCCCCCCCCCC)CCC(=O)OCCCCCCCCCCCC)NC(=O)C(CCCCN(CCC(=O)OCCCCCCCCCCCC)CCC(=O)OCCCCCCCCCCCC)NC(=O)C(CCCCN(CCC(=O)OCCCCCCCCCCCC)CCC(=O)OCCCCCCCCCCCC)NC(C)=O)C(N)=O)CCC(=O)OCCCCCCCCCCCC,0.0,1.0,0.0
CCCCC(C)CCC(=O)Oc1cc(CNCCCN(C)C)cc(OC(=O)CCC(C)CCC)c1,1.0,0.0,0.0
CCCCCCCCCCCCOC(=O)CCSCCCC(=N)NCCN(CCNC(=N)CCCSCCC(=O)OCCCCCCCCCCCC)CCNC(=N)CCCSCCC(=O)OCCCCCCCCCCCC,1.0,0.0,0.0
CCCCc1ccc(C#CCN(CC#Cc2ccc(CCCC)cc2)CCCN(CC)CC)cc1,1.0,0.0,0.0
CCCCCC(C)C(=O)Oc1cc(CNCCN(C)CCN)cc(OC(=O)C(C)CCCCC)c1,1.0,0.0,0.0
CCCCCCCCCCCCCCC(O)N(CCC(O)C(=O)NC1CC(N(C(O)CCCCCCCCCCCCCC)C(O)CCCCCCCCCCCCCC)C(OC2OC(CN(C(O)CCCCCCCCCCCCCC)C(O)CCCCCCCCCCCCCC)C(O)C(O)C2O)C(O)C1OC1OC(CO)C(O)C(N(C(O)CCCCCCCCCCCCCC)C(O)CCCCCCCCCCCCCC)C1O)C(O)CCCCCCCCCCCCCC,1.0,0.0,0.0
CCCCC(C)CCC(=O)Oc1cc(OC(=O)CCC(C)CCCC)c(CNCCN(CC)CC)c(OC(=O)CCC(C)CCCC)c1,1.0,0.0,0.0
CCCCCC(C)C(=O)Oc1cc(CNCCN(CCN)CCN)cc(OC(=O)C(C)CCCCC)c1,1.0,0.0,0.0
N(CCC(=O)OCCOC(=O)C(C)CSCCC(C)CCC=C(C)C)(CCC(=O)OCCOC(=O)C(C)CSCCC(C)CCC=C(C)C)CCCN(C)CCCN(CCC(=O)OCCOC(=O)C(C)CSCCC(C)CCC=C(C)C)(CCC(=O)OCCOC(=O)C(C)CSCCC(C)CCC=C(C)C),1.0,0.0,0.0
CCCCC(O)CN(C)C1CC(N(CC(O)CCCC)CC(O)CCCC)C(O)C(OC2OC(CO)C(O)C3OC4(OC23)OC(C(CO)N(CC(O)CCCC)CC(O)CCCC)C(O)C(O)C4O)C1O,1.0,0.0,0.0
CCCCC(C)C(=O)Oc1cc(CNCCCN2CCN(CCCN)CC2)cc(OC(=O)C(C)CCCC)c1,1.0,0.0,0.0
CCCCC(CC)CCC(=O)Oc1cc(OC(=O)CCC(CC)CCCC)c(CNCCCN2CCN(C)CC2)c(OC(=O)CCC(CC)CCCC)c1,1.0,0.0,0.0
CCCC1CCC(c2ccc(C#CCN(CC#Cc3ccc(C4CCC(CCC)CC4)cc3)CCN(C)C)cc2)CC1,1.0,0.0,0.0
CCCCCCCCCCCCCCOC(=O)CCSCCCC(=N)NCCCN(C)CCCNC(=N)CCCSCCC(=O)OCCCCCCCCCCCCCC,1.0,0.0,0.0
CCCCCCCCCCCCNC(=N)CCCSCCC(=O)OCCCCCCCCCCCC,1.0,0.0,0.0
CCCCCCCCCCCCOC(=O)CCSCCCC(=N)NCCN(C)CCNC(=N)CCCSCCC(=O)OCCCCCCCCCCCC,1.0,0.0,0.0
CCCCCCCCCCOC(=O)CCCN(CCCC(=O)OCCCCCCCCCC)CCC(O)C(=O)N(CCCC(=O)OCCCCCCCCCC)C1CC(N(CCCC(=O)OCCCCCCCCCC)CCCC(=O)OCCCCCCCCCC)C(OC2OC(CN(CCCC(=O)OCCCCCCCCCC)CCCC(=O)OCCCCCCCCCC)C(O)C(O)C2O)C(O)C1OC1OC(CO)C(O)C(N(CCCC(=O)OCCCCCCCCCC)CCCC(=O)OCCCCCCCCCC)C1O,1.0,0.0,0.0
CCCCCCCCCCCCCCCCOC(=O)CCSCCCC(=N)Nc1ccc(CCCCCCCC)cc1,1.0,0.0,0.0
CCCCCC(C)CCC(=O)Oc1cc(CNCCCN2CCN(C)CC2)cc(OC(=O)CCC(C)CCCCC)c1,1.0,0.0,0.0
CCCCCCCC(=O)Oc1cc(CNCCCN)cc(OC(=O)CCCCCCC)c1,1.0,0.0,0.0
CCCCCCCCCCCCOC(=O)CCSCCCC(=N)NCCCCCCCCCC,1.0,0.0,0.0
CCCCC(CC)CCC(=O)Oc1cc(OC(=O)CCC(CC)CCCC)c(CNCCCN(C)C)c(OC(=O)CCC(CC)CCCC)c1,1.0,0.0,0.0
N(CCC(=O)OCCOC(=O)C(C)CSCCC/C=C/C)(CCC(=O)OCCOC(=O)C(C)CSCCC/C=C/C)CCCN(C)CCCN(CCC(=O)OCCOC(=O)C(C)CSCCC/C=C/C)(CCC(=O)OCCOC(=O)C(C)CSCCC/C=C/C),1.0,0.0,0.0
CCCCCCCCCOC(=O)CCSCCCC(=N)NCCN(C)CCNC(=N)CCCSCCC(=O)OCCCCCCCCC,1.0,0.0,0.0
CCCCCCCCCCCCCCN(CCCCCCCCCCCCCC)CCCCC(NC(=O)C(CCCCN(CCCCCCCCCCCCCC)CCCCCCCCCCCCCC)NC(=O)C(CCCCN(CCCCCCCCCCCCCC)CCCCCCCCCCCCCC)NC(C)=O)C(N)=O,1.0,0.0,0.0
CCCCCCCCCCCCN(CCCCCCCCCCCC)CCCCC(NC(=O)C(CCCCN(CCCCCCCCCCCC)CCCCCCCCCCCC)NC(=O)C(CCCCN(CCCCCCCCCCCC)CCCCCCCCCCCC)NC(=O)C(CCCCN(CCCCCCCCCCCC)CCCCCCCCCCCC)NC(=O)C(CCCCN(CCCCCCCCCCCC)CCCCCCCCCCCC)NC(C)=O)C(N)=O,0.0,0.0,1.0
CCCCCCCCCCCCOC(=O)CCSCCCC(=N)NCCCCCNC(=N)CCCSCCC(=O)OCCCCCCCCCCCC,1.0,0.0,0.0
CCCC1CCC(c2ccc(C#CCN3CCN(CC#Cc4ccc(C5CCC(CCC)CC5)cc4)CC3)cc2)CC1,1.0,0.0,0.0
[O-]S(=O)(=O)CCC[N+](C)(C)CCNC(=O)CCN(CCC(=O)OCCCCCCCC)CCCN5CCN(CCCN(CCC(=O)OCCCCCCCC)CCC(=O)OCCCCCCCC)CC5,1.0,0.0,0.0
N(CCC(=O)OCCOC(=O)C(C)CSCCC/C=C\C)(CCC(=O)OCCOC(=O)C(C)CSCCC/C=C\C)CCCN1CCN(CCCN(CCC(=O)OCCOC(=O)C(C)CSCCC/C=C\C)(CCC(=O)OCCOC(=O)C(C)CSCCC/C=C\C))CC1,1.0,0.0,0.0
CCCCCCCCCOC(=O)CCSCCCC(=N)NCCNC(=N)CCCSCCC(=O)OCCCCCCCCC,1.0,0.0,0.0
CCCCCCCCCCCCC(O)CN(CCCCC(NC(=O)C(CCCCN(CC(O)CCCCCCCCCCCC)CC(O)CCCCCCCCCCCC)NC(C)=O)C(N)=O)CC(O)CCCCCCCCCCCC,1.0,0.0,0.0
[O-]S(=O)(=O)CCC[N+](C)(C)CCNC(=O)CCN(CC(O)CCCCCCCCCCCCCCCC)CCN(C)CCN(CC(O)CCCCCCCCCCCCCCCC)CC(O)CCCCCCCCCCCCCCCC,1.0,0.0,0.0
CCCCCCCCCCCCC(O)N(C)C1C(O)C(OC2C(O)C(OC3OC(C(C)O)C(O)C(O)C3N(C(O)CCCCCCCCCCCC)C(O)CCCCCCCCCCCC)C(N(C(O)CCCCCCCCCCCC)C(O)CCCCCCCCCCCC)CC2N(C(O)CCCCCCCCCCCC)C(O)CCCCCCCCCCCC)OCC1(C)O,0.0,1.0,0.0
N(CCC(=O)OCCOC(=O)C(C)CSC/C=C\CCC)(CCC(=O)OCCOC(=O)C(C)CSC/C=C\CCC)CCCN1CCN(CCCN(CCC(=O)OCCOC(=O)C(C)CSC/C=C\CCC)(CCC(=O)OCCOC(=O)C(C)CSC/C=C\CCC))CC1,1.0,0.0,0.0
CCCCCCCCCCCCCCC(O)N(C)C1C(OC2CC(O)C(N(C(O)CCCCCCCCCCCCCC)C(O)CCCCCCCCCCCCCC)C(CO)O2)OC2CC(N(C(O)CCCCCCCCCCCCCC)C(O)CCCCCCCCCCCCCC)C(OC3C(O)C(O)C(N(C(O)CCCCCCCCCCCCCC)C(O)CCCCCCCCCCCCCC)CC3N(C(O)CCCCCCCCCCCCCC)C(O)CCCCCCCCCCCCCC)OC2C1O,1.0,0.0,0.0
N(CCC(=O)OCCOC(=O)C(C)CSCCC/C=C/C)(CCC(=O)OCCOC(=O)C(C)CSCCC/C=C/C)CCN(C)C,1.0,0.0,0.0
N(CCC(=O)OCCOC(=O)C(C)CSC/C=C/CCC)(CCC(=O)OCCOC(=O)C(C)CSC/C=C/CCC)CCN(C)C,1.0,0.0,0.0
N(CCC(=O)OCCOC(=O)C(C)CSC/C=C(C)/CC/C=C(C)/CCC=C(C)C)(CCC(=O)OCCOC(=O)C(C)CSC/C=C(C)/CC/C=C(C)/CCC=C(C)C)CCCN1CCN(CCCN(CCC(=O)OCCOC(=O)C(C)CSC/C=C(C)/CC/C=C(C)/CCC=C(C)C)(CCC(=O)OCCOC(=O)C(C)CSC/C=C(C)/CC/C=C(C)/CCC=C(C)C))CC1,1.0,0.0,0.0
CCCCC(CC)CCC(=O)Oc1cc(CNCCCN(C)CCCN)cc(OC(=O)CCC(CC)CCCC)c1,1.0,0.0,0.0
CCCCCC(C)C(=O)Oc1cc(OC(=O)C(C)CCCCC)c(CNCCN(CC)CC)c(OC(=O)C(C)CCCCC)c1,1.0,0.0,0.0
CCCCCCCCCCCCCCCC(=O)NNC(=N)CCCSCCC(=O)OCCCCCCCCCCCC,1.0,0.0,0.0
OCCN(CCC(=O)OCCOC(=O)C(C)CSC/C=C/CCC)CCCN(CCC(=O)OCCOC(=O)C(C)CSC/C=C/CCC)(CCC(=O)OCCOC(=O)C(C)CSC/C=C/CCC),1.0,0.0,0.0
CCCCCCCCCCCCCCCCCCN(CCCCCCCCCCCCCCCCCC)CCCCC(NC(=O)C(CCCCN(CCCCCCCCCCCCCCCCCC)CCCCCCCCCCCCCCCCCC)NC(C)=O)C(N)=O,1.0,0.0,0.0
CCCCC(C)CCC(=O)Oc1cc(CNCCCN(CC)CC)cc(OC(=O)CCC(C)CCC)c1,1.0,0.0,0.0
CCCCCCCCCCCCCCCCOC(=O)CCSCCCC(=N)NCCCN(C)CCCNC(=N)CCCSCCC(=O)OCCCCCCCCCCCCCCCC,1.0,0.0,0.0
CCCCCCc1ccc(C#CCN(CC#Cc2ccc(CCCCCC)cc2)CCN(C)CCN(CC#Cc2ccc(CCCCCC)cc2)CC#Cc2ccc(CCCCCC)cc2)cc1,1.0,0.0,0.0
CCCCc1ccc(C#CCN(CC)CCN(CC)CC#Cc2ccc(CCCC)cc2)cc1,1.0,0.0,0.0
CCCCCC(C)C(=O)Oc1cc(OC(=O)C(C)CCCCC)c(CNCCN(CCN)CCN)c(OC(=O)C(C)CCCCC)c1,1.0,0.0,0.0
CCCC1CCC(c2ccc(C#CCN(CC#Cc3ccc(C4CCC(CCC)CC4)cc3)CCCN(C)CCCN(CC#Cc3ccc(C4CCC(CCC)CC4)cc3)CC#Cc3ccc(C4CCC(CCC)CC4)cc3)cc2)CC1,1.0,0.0,0.0
N(CCN(CCC(=O)OCCOC(=O)C(C)CSCCCCC=C)(CCC(=O)OCCOC(=O)C(C)CSCCCCC=C))(CCN(CCC(=O)OCCOC(=O)C(C)CSCCCCC=C)(CCC(=O)OCCOC(=O)C(C)CSCCCCC=C))CCN(CCC(=O)OCCOC(=O)C(C)CSCCCCC=C)(CCC(=O)OCCOC(=O)C(C)CSCCCCC=C),1.0,0.0,0.0
CCCCCCCCCCCCc1ccc(NC(=N)CCCSCCC(=O)OCCCCCCCCC)cc1,1.0,0.0,0.0
CCCCCCCCCCOC(=O)CCCN(CCCC(=O)OCCCCCCCCCC)CC1CCC(N(CCCC(=O)OCCCCCCCCCC)CCCC(=O)OCCCCCCCCCC)C(OC2C(O)C(OC3CCC(C)(O)C(N(C)CCCC(=O)OCCCCCCCCCC)C3O)C(N(CCCC(=O)OCCCCCCCCCC)CCCC(=O)OCCCCCCCCCC)CC2N(CCCC(=O)OCCCCCCCCCC)CCCC(=O)OCCCCCCCCCC)O1,1.0,0.0,0.0
CCCCCCc1ccc(C#CCN(C)CCCN(C)CC#Cc2ccc(CCCCCC)cc2)cc1,1.0,0.0,0.0
N(CCC(=O)OCCOC(=O)C(C)CSCC/C=C\CC)(CCC(=O)OCCOC(=O)C(C)CSCC/C=C\CC)CCCN(C)C,1.0,0.0,0.0
CCCCC(C)C(=O)Oc1cc(OC(=O)C(C)CCCC)c(CNCCN(C)CCN)c(OC(=O)C(C)CCCC)c1,1.0,0.0,0.0
CCCCC(C)C(=O)Oc1cc(CNCCN(C)C)cc(OC(=O)C(C)CCCC)c1,1.0,0.0,0.0
CCCCC(CC)C(=O)Oc1cc(CNCCCN2CCN(CCCN)CC2)cc(OC(=O)C(CC)CCCC)c1,1.0,0.0,0.0
CCCCCCN(CCCCCC)CCCCC(NC(=O)C(CCCCN(CCCCCC)CCCCCC)NC(=O)C(CCCCN(CCCCCC)CCCCCC)NC(C)=O)C(N)=O,1.0,0.0,0.0
CCCCCCCCCCCCN(CCCCCCCCCCCC)CCCC(NC(=O)C(CCCN(CCCCCCCCCCCC)CCCCCCCCCCCC)NC(=O)C(CCCN(CCCCCCCCCCCC)CCCCCCCCCCCC)NC(=O)C(CCCN(CCCCCCCCCCCC)CCCCCCCCCCCC)NC(C)=O)C(N)=O,1.0,0.0,0.0
CCCCCCCCCCCCN(CCCCCCCCCCCC)CC(NC(=O)C(CN(CCCCCCCCCCCC)CCCCCCCCCCCC)NC(=O)C(CN(CCCCCCCCCCCC)CCCCCCCCCCCC)NC(=O)C(CN(CCCCCCCCCCCC)CCCCCCCCCCCC)NC(=O)C(CN(CCCCCCCCCCCC)CCCCCCCCCCCC)NC(C)=O)C(N)=O,1.0,0.0,0.0
CCCCCCCCCCCCCC(O)N(C)C1CC(N(C(O)CCCCCCCCCCCCC)C(O)CCCCCCCCCCCCC)C(O)C(OC2OC(CO)C(O)C3OC4(OC23)OC(C(CO)N(C(O)CCCCCCCCCCCCC)C(O)CCCCCCCCCCCCC)C(O)C(O)C4O)C1O,1.0,0.0,0.0
CCCCCCCCC(O)CN(CCCCC(NC(=O)C(CCCCN(CC(O)CCCCCCCC)CC(O)CCCCCCCC)NC(C)=O)C(N)=O)CC(O)CCCCCCCC,1.0,0.0,0.0
CCCCCCC(=O)Oc1cc(CNCCN2CCN(C)CC2)cc(OC(=O)CCCCCC)c1,1.0,0.0,0.0
CCCCCCCCCCCCOC(=O)CCSCCCC(=N)NCCCN1CCN(CCCNC(=N)CCCSCCC(=O)OCCCCCCCCCCCC)CC1,1.0,0.0,0.0
CCCCCCCCCCCCCCCCOC(=O)CCSCCCC(=N)NCC(CCCCCC)CCCCCCCC,1.0,0.0,0.0
CCCCCCCCC(=O)Oc1cc(CNCCN2CCN(CCN)CC2)cc(OC(=O)CCCCCCCC)c1,1.0,0.0,0.0
N(CCC(=O)OCCOC(=O)C(C)CSCCCCCC)(CCC(=O)OCCOC(=O)C(C)CSCCCCCC)CCCN(C)C,1.0,0.0,0.0
CCCCCCCCCCCCN(CCCCCCCCCCCC)CC(NC(=O)C(CN(CCCCCCCCCCCC)CCCCCCCCCCCC)NC(=O)C(CN(CCCCCCCCCCCC)CCCCCCCCCCCC)NC(=O)C(CN(CCCCCCCCCCCC)CCCCCCCCCCCC)NC(C)=O)C(N)=O,0.0,1.0,0.0
CCCCCCc1ccc(C#CCN2CCN(CC#Cc3ccc(CCCCCC)cc3)CC2)cc1,1.0,0.0,0.0
N(CCN(CCC(=O)OCCOC(=O)C(C)CSC/C=C\CCC)(CCC(=O)OCCOC(=O)C(C)CSC/C=C\CCC))(CCN(CCC(=O)OCCOC(=O)C(C)CSC/C=C\CCC)(CCC(=O)OCCOC(=O)C(C)CSC/C=C\CCC))CCN(CCC(=O)OCCOC(=O)C(C)CSC/C=C\CCC)(CCC(=O)OCCOC(=O)C(C)CSC/C=C\CCC),1.0,0.0,0.0
CCCCCCCCN(CCCCCCCC)CCCCC(NC(=O)C(CCCCN(CCCCCCCC)CCCCCCCC)NC(C)=O)C(N)=O,0.0,0.0,1.0
CCCCc1ccc(C#CCN(CC#Cc2ccc(CCCC)cc2)CCCN(C)CCCN(CC#Cc2ccc(CCCC)cc2)CC#Cc2ccc(CCCC)cc2)cc1,1.0,0.0,0.0
[O-]S(=O)(=O)CCC[N+](C)(C)CCNC(=O)CCN(CC(O)CCCCCCCC)CCN(C)CCN(CC(O)CCCCCCCC)CC(O)CCCCCCCC,1.0,0.0,0.0
N(CCC(=O)OCCOC(=O)C(C)CSCC/C=C/CC)(CCC(=O)OCCOC(=O)C(C)CSCC/C=C/CC)CCCN1CCN(C)CC1,1.0,0.0,0.0
CCCCCCCCCCCCOC(=O)CCSCCCC(=N)NCCCN(CCCCN(CCCNC(=N)CCCSCCC(=O)OCCCCCCCCCCCC)CCCNC(=N)CCCSCCC(=O)OCCCCCCCCCCCC)CCCNC(=N)CCCSCCC(=O)OCCCCCCCCCCCC,1.0,0.0,0.0
CCCCCCCCCOC(=O)CCSCCCC(=N)NCCCN(CCCCN(CCCNC(=N)CCCSCCC(=O)OCCCCCCCCC)CCCNC(=N)CCCSCCC(=O)OCCCCCCCCC)CCCNC(=N)CCCSCCC(=O)OCCCCCCCCC,1.0,0.0,0.0
CCCCC(CC)CCC(=O)Oc1cc(CNCCCN2CCN(CCCN)CC2)cc(OC(=O)CCC(CC)CCCC)c1,1.0,0.0,0.0
CCCCC(C)CCC(=O)Oc1cc(CNCCN(C)C)cc(OC(=O)CCC(C)CCC)c1,1.0,0.0,0.0
N(CCC(=O)OCCOC(=O)C(C)CSC/C=C(C)\CCC=C(C)C)(CCC(=O)OCCOC(=O)C(C)CSC/C=C(C)\CCC=C(C)C)CCCN(C)C,1.0,0.0,0.0
N(CCC(=O)OCCOC(=O)C(C)CSC/C=C\C/C=C\CC)(CCC(=O)OCCOC(=O)C(C)CSC/C=C\C/C=C\CC)CCN(C)C,1.0,0.0,0.0
CCCCCCCCCCCCCCCCOC(=O)CCSCCCC(=N)Nc1ccc(CCCCCCCCCCCC)cc1,1.0,0.0,0.0
N(CCC(=O)OCCOC(=O)C(C)CSCC/C=C\CC)(CCC(=O)OCCOC(=O)C(C)CSCC/C=C\CC)CCCN(C)CCCN(CCC(=O)OCCOC(=O)C(C)CSCC/C=C\CC)(CCC(=O)OCCOC(=O)C(C)CSCC/C=C\CC),1.0,0.0,0.0
CCCCC(C)CCC(=O)Oc1cc(CNCCN(CCN)CCN)cc(OC(=O)CCC(C)CCC)c1,1.0,0.0,0.0
CCCCCCCCCCCCC(O)CN(C)C1CC(N(CC(O)CCCCCCCCCCCC)CC(O)CCCCCCCCCCCC)C(O)C(OC2OC(CO)C(O)C3OC4(OC23)OC(C(CO)N(CC(O)CCCCCCCCCCCC)CC(O)CCCCCCCCCCCC)C(O)C(O)C4O)C1O,1.0,0.0,0.0
CCCCC(CC)C(=O)Oc1cc(OC(=O)C(CC)CCCC)c(CNCCCN2CCN(C)CC2)c(OC(=O)C(CC)CCCC)c1,1.0,0.0,0.0
CCCCC(CC)C(=O)Oc1cc(CNCCN2CCN(C)CC2)cc(OC(=O)C(CC)CCCC)c1,1.0,0.0,0.0
N(CCC(=O)OCCOC(=O)C(C)CSCCC/C=C\C)(CCC(=O)OCCOC(=O)C(C)CSCCC/C=C\C)CCCN(C)C,1.0,0.0,0.0
[O-]S(=O)(=O)CCC[N+](C)(C)CCNC(=O)CCN(C(C)C)CCN(CCN(C(C)C)CCC(=O)OCCCCCCCC)CCN(C(C)C)CCC(=O)OCCCCCCCC,1.0,0.0,0.0
CCCCc1ccc(C#CCN(CC#Cc2ccc(CCCC)cc2)CCN(C)C)cc1,1.0,0.0,0.0
CCCCCCSCC(C)C(=O)OCCOC(=O)CCN(CCCN(C)CCCN(CCC(=O)OCCOC(=O)C(C)CSCCCCCC)CCC(=O)OCCOC(=O)C(C)CSCCCCCC)CCC(=O)OCCOC(=O)C(C)CSCCCCCC,1.0,0.0,0.0
CCCCCCCCSCC(C)C(=O)OCCOC(=O)CCN(CCCN(C)CCCN(CCC(=O)OCCOC(=O)C(C)CSCCCCCCCC)CCC(=O)OCCOC(=O)C(C)CSCCCCCCCC)CCC(=O)OCCOC(=O)C(C)CSCCCCCCCC,1.0,0.0,0.0
CCCCCCCCCSCC(C)C(=O)OCCOC(=O)CCN(CCCN(C)CCCN(CCC(=O)OCCOC(=O)C(C)CSCCCCCCCCC)CCC(=O)OCCOC(=O)C(C)CSCCCCCCCCC)CCC(=O)OCCOC(=O)C(C)CSCCCCCCCCC,1.0,0.0,0.0
CCCCCCCCCCCSCC(C)C(=O)OCCOC(=O)CCN(CCCN(C)CCCN(CCC(=O)OCCOC(=O)C(C)CSCCCCCCCCCCC)CCC(=O)OCCOC(=O)C(C)CSCCCCCCCCCCC)CCC(=O)OCCOC(=O)C(C)CSCCCCCCCCCCC,1.0,0.0,0.0
CCCCCCCCCCCCCCSCC(C)C(=O)OCCOC(=O)CCN(CCCN(C)CCCN(CCC(=O)OCCOC(=O)C(C)CSCCCCCCCCCCCCCC)CCC(=O)OCCOC(=O)C(C)CSCCCCCCCCCCCCCC)CCC(=O)OCCOC(=O)C(C)CSCCCCCCCCCCCCCC,0.0,1.0,0.0
CCCCCCSCC(C)C(=O)OCCOC(=O)CCN(CCCN(C)CCCN(CCC(=O)OCCOC(=O)C(C)CSCCCCCC)CCC(=O)OCCOC(=O)C(C)CSCCCCCC)CCC(=O)OCCOC(=O)C(C)CSCCCCCC,1.0,0.0,0.0
CCCCCCCCSCC(C)C(=O)OCCOC(=O)CCN(CCCN(C)CCCN(CCC(=O)OCCOC(=O)C(C)CSCCCCCCCC)CCC(=O)OCCOC(=O)C(C)CSCCCCCCCC)CCC(=O)OCCOC(=O)C(C)CSCCCCCCCC,1.0,0.0,0.0
CCCCCCCCCSCC(C)C(=O)OCCOC(=O)CCN(CCCN(C)CCCN(CCC(=O)OCCOC(=O)C(C)CSCCCCCCCCC)CCC(=O)OCCOC(=O)C(C)CSCCCCCCCCC)CCC(=O)OCCOC(=O)C(C)CSCCCCCCCCC,1.0,0.0,0.0
CCCCCCCCCCCSCC(C)C(=O)OCCOC(=O)CCN(CCCN(C)CCCN(CCC(=O)OCCOC(=O)C(C)CSCCCCCCCCCCC)CCC(=O)OCCOC(=O)C(C)CSCCCCCCCCCCC)CCC(=O)OCCOC(=O)C(C)CSCCCCCCCCCCC,1.0,0.0,0.0
CCCCCCCCCCCCCCSCC(C)C(=O)OCCOC(=O)CCN(CCCN(C)CCCN(CCC(=O)OCCOC(=O)C(C)CSCCCCCCCCCCCCCC)CCC(=O)OCCOC(=O)C(C)CSCCCCCCCCCCCCCC)CCC(=O)OCCOC(=O)C(C)CSCCCCCCCCCCCCCC,0.0,1.0,0.0
CCCCCCSCC(C)C(=O)OCCOC(=O)CCN(CCCN(C)CCCN(CCC(=O)OCCOC(=O)C(C)CSCCCCCC)CCC(=O)OCCOC(=O)C(C)CSCCCCCC)CCC(=O)OCCOC(=O)C(C)CSCCCCCC,1.0,0.0,0.0
CCCCCCCCSCC(C)C(=O)OCCOC(=O)CCN(CCCN(C)CCCN(CCC(=O)OCCOC(=O)C(C)CSCCCCCCCC)CCC(=O)OCCOC(=O)C(C)CSCCCCCCCC)CCC(=O)OCCOC(=O)C(C)CSCCCCCCCC,0.0,1.0,0.0
CCCCCCCCCSCC(C)C(=O)OCCOC(=O)CCN(CCCN(C)CCCN(CCC(=O)OCCOC(=O)C(C)CSCCCCCCCCC)CCC(=O)OCCOC(=O)C(C)CSCCCCCCCCC)CCC(=O)OCCOC(=O)C(C)CSCCCCCCCCC,0.0,1.0,0.0
CCCCCCCCCCCSCC(C)C(=O)OCCOC(=O)CCN(CCCN(C)CCCN(CCC(=O)OCCOC(=O)C(C)CSCCCCCCCCCCC)CCC(=O)OCCOC(=O)C(C)CSCCCCCCCCCCC)CCC(=O)OCCOC(=O)C(C)CSCCCCCCCCCCC,0.0,0.0,1.0
CCCCCCCCCCCCCCSCC(C)C(=O)OCCOC(=O)CCN(CCCN(C)CCCN(CCC(=O)OCCOC(=O)C(C)CSCCCCCCCCCCCCCC)CCC(=O)OCCOC(=O)C(C)CSCCCCCCCCCCCCCC)CCC(=O)OCCOC(=O)C(C)CSCCCCCCCCCCCCCC,0.0,0.0,1.0
CCCCCCSCC(C)C(=O)OCCOC(=O)CCN(CCCN(C)CCCN(CCC(=O)OCCOC(=O)C(C)CSCCCCCC)CCC(=O)OCCOC(=O)C(C)CSCCCCCC)CCC(=O)OCCOC(=O)C(C)CSCCCCCC,0.0,1.0,0.0
CCCCCCCCSCC(C)C(=O)OCCOC(=O)CCN(CCCN(C)CCCN(CCC(=O)OCCOC(=O)C(C)CSCCCCCCCC)CCC(=O)OCCOC(=O)C(C)CSCCCCCCCC)CCC(=O)OCCOC(=O)C(C)CSCCCCCCCC,0.0,0.0,1.0
CCCCCCCCCSCC(C)C(=O)OCCOC(=O)CCN(CCCN(C)CCCN(CCC(=O)OCCOC(=O)C(C)CSCCCCCCCCC)CCC(=O)OCCOC(=O)C(C)CSCCCCCCCCC)CCC(=O)OCCOC(=O)C(C)CSCCCCCCCCC,0.0,0.0,1.0
CCCCCCCCCCCSCC(C)C(=O)OCCOC(=O)CCN(CCCN(C)CCCN(CCC(=O)OCCOC(=O)C(C)CSCCCCCCCCCCC)CCC(=O)OCCOC(=O)C(C)CSCCCCCCCCCCC)CCC(=O)OCCOC(=O)C(C)CSCCCCCCCCCCC,0.0,0.0,1.0
CCCCCCCCCCCCCCSCC(C)C(=O)OCCOC(=O)CCN(CCCN(C)CCCN(CCC(=O)OCCOC(=O)C(C)CSCCCCCCCCCCCCCC)CCC(=O)OCCOC(=O)C(C)CSCCCCCCCCCCCCCC)CCC(=O)OCCOC(=O)C(C)CSCCCCCCCCCCCCCC,0.0,0.0,1.0
CCCCCCSCC(C)C(=O)OCCOC(=O)CCN(CCCN(C)CCCN(CCC(=O)OCCOC(=O)C(C)CSCCCCCC)CCC(=O)OCCOC(=O)C(C)CSCCCCCC)CCC(=O)OCCOC(=O)C(C)CSCCCCCC,1.0,0.0,0.0
CCCCCCCCSCC(C)C(=O)OCCOC(=O)CCN(CCCN(C)CCCN(CCC(=O)OCCOC(=O)C(C)CSCCCCCCCC)CCC(=O)OCCOC(=O)C(C)CSCCCCCCCC)CCC(=O)OCCOC(=O)C(C)CSCCCCCCCC,1.0,0.0,0.0
CCCCCCCCCSCC(C)C(=O)OCCOC(=O)CCN(CCCN(C)CCCN(CCC(=O)OCCOC(=O)C(C)CSCCCCCCCCC)CCC(=O)OCCOC(=O)C(C)CSCCCCCCCCC)CCC(=O)OCCOC(=O)C(C)CSCCCCCCCCC,1.0,0.0,0.0
CCCCCCCCCCCSCC(C)C(=O)OCCOC(=O)CCN(CCCN(C)CCCN(CCC(=O)OCCOC(=O)C(C)CSCCCCCCCCCCC)CCC(=O)OCCOC(=O)C(C)CSCCCCCCCCCCC)CCC(=O)OCCOC(=O)C(C)CSCCCCCCCCCCC,1.0,0.0,0.0
CCCCCCCCCCCCCCSCC(C)C(=O)OCCOC(=O)CCN(CCCN(C)CCCN(CCC(=O)OCCOC(=O)C(C)CSCCCCCCCCCCCCCC)CCC(=O)OCCOC(=O)C(C)CSCCCCCCCCCCCCCC)CCC(=O)OCCOC(=O)C(C)CSCCCCCCCCCCCCCC,1.0,0.0,0.0
CCCCCCSCC(C)C(=O)OCCOC(=O)CCN(CCCN(C)CCCN(CCC(=O)OCCOC(=O)C(C)CSCCCCCC)CCC(=O)OCCOC(=O)C(C)CSCCCCCC)CCC(=O)OCCOC(=O)C(C)CSCCCCCC,1.0,0.0,0.0
CCCCCCCCSCC(C)C(=O)OCCOC(=O)CCN(CCCN(C)CCCN(CCC(=O)OCCOC(=O)C(C)CSCCCCCCCC)CCC(=O)OCCOC(=O)C(C)CSCCCCCCCC)CCC(=O)OCCOC(=O)C(C)CSCCCCCCCC,1.0,0.0,0.0
CCCCCCCCCSCC(C)C(=O)OCCOC(=O)CCN(CCCN(C)CCCN(CCC(=O)OCCOC(=O)C(C)CSCCCCCCCCC)CCC(=O)OCCOC(=O)C(C)CSCCCCCCCCC)CCC(=O)OCCOC(=O)C(C)CSCCCCCCCCC,1.0,0.0,0.0
CCCCCCCCCCCSCC(C)C(=O)OCCOC(=O)CCN(CCCN(C)CCCN(CCC(=O)OCCOC(=O)C(C)CSCCCCCCCCCCC)CCC(=O)OCCOC(=O)C(C)CSCCCCCCCCCCC)CCC(=O)OCCOC(=O)C(C)CSCCCCCCCCCCC,1.0,0.0,0.0
CCCCCCCCCCCCCCSCC(C)C(=O)OCCOC(=O)CCN(CCCN(C)CCCN(CCC(=O)OCCOC(=O)C(C)CSCCCCCCCCCCCCCC)CCC(=O)OCCOC(=O)C(C)CSCCCCCCCCCCCCCC)CCC(=O)OCCOC(=O)C(C)CSCCCCCCCCCCCCCC,0.0,1.0,0.0
CCCCCCSCC(C)C(=O)OCCOC(=O)CCN(CCCN(C)CCCN(CCC(=O)OCCOC(=O)C(C)CSCCCCCC)CCC(=O)OCCOC(=O)C(C)CSCCCCCC)CCC(=O)OCCOC(=O)C(C)CSCCCCCC,1.0,0.0,0.0
CCCCCCCCSCC(C)C(=O)OCCOC(=O)CCN(CCCN(C)CCCN(CCC(=O)OCCOC(=O)C(C)CSCCCCCCCC)CCC(=O)OCCOC(=O)C(C)CSCCCCCCCC)CCC(=O)OCCOC(=O)C(C)CSCCCCCCCC,1.0,0.0,0.0
CCCCCCCCCSCC(C)C(=O)OCCOC(=O)CCN(CCCN(C)CCCN(CCC(=O)OCCOC(=O)C(C)CSCCCCCCCCC)CCC(=O)OCCOC(=O)C(C)CSCCCCCCCCC)CCC(=O)OCCOC(=O)C(C)CSCCCCCCCCC,1.0,0.0,0.0
CCCCCCCCCCCSCC(C)C(=O)OCCOC(=O)CCN(CCCN(C)CCCN(CCC(=O)OCCOC(=O)C(C)CSCCCCCCCCCCC)CCC(=O)OCCOC(=O)C(C)CSCCCCCCCCCCC)CCC(=O)OCCOC(=O)C(C)CSCCCCCCCCCCC,1.0,0.0,0.0
CCCCCCCCCCCCCCSCC(C)C(=O)OCCOC(=O)CCN(CCCN(C)CCCN(CCC(=O)OCCOC(=O)C(C)CSCCCCCCCCCCCCCC)CCC(=O)OCCOC(=O)C(C)CSCCCCCCCCCCCCCC)CCC(=O)OCCOC(=O)C(C)CSCCCCCCCCCCCCCC,0.0,0.0,1.0
CCCCCCSCC(C)C(=O)OCCOC(=O)CCN(CCCN(C)CCCN(CCC(=O)OCCOC(=O)C(C)CSCCCCCC)CCC(=O)OCCOC(=O)C(C)CSCCCCCC)CCC(=O)OCCOC(=O)C(C)CSCCCCCC,1.0,0.0,0.0
CCCCCCCCSCC(C)C(=O)OCCOC(=O)CCN(CCCN(C)CCCN(CCC(=O)OCCOC(=O)C(C)CSCCCCCCCC)CCC(=O)OCCOC(=O)C(C)CSCCCCCCCC)CCC(=O)OCCOC(=O)C(C)CSCCCCCCCC,0.0,0.0,1.0
CCCCCCCCCSCC(C)C(=O)OCCOC(=O)CCN(CCCN(C)CCCN(CCC(=O)OCCOC(=O)C(C)CSCCCCCCCCC)CCC(=O)OCCOC(=O)C(C)CSCCCCCCCCC)CCC(=O)OCCOC(=O)C(C)CSCCCCCCCCC,0.0,0.0,1.0
CCCCCCCCCCCSCC(C)C(=O)OCCOC(=O)CCN(CCCN(C)CCCN(CCC(=O)OCCOC(=O)C(C)CSCCCCCCCCCCC)CCC(=O)OCCOC(=O)C(C)CSCCCCCCCCCCC)CCC(=O)OCCOC(=O)C(C)CSCCCCCCCCCCC,0.0,0.0,1.0
CCCCCCCCCCCCCCSCC(C)C(=O)OCCOC(=O)CCN(CCCN(C)CCCN(CCC(=O)OCCOC(=O)C(C)CSCCCCCCCCCCCCCC)CCC(=O)OCCOC(=O)C(C)CSCCCCCCCCCCCCCC)CCC(=O)OCCOC(=O)C(C)CSCCCCCCCCCCCCCC,0.0,0.0,1.0
CCCCCCC(O)CN(CCCN(C)C)CC(O)CCCCCC,1.0,0.0,0.0
CCCCCCCCCCCCC(O)CN(CCCN(C)C)CC(O)CCCCCCCCCCCC,1.0,0.0,0.0
CCCCCCCC(=O)OC(CCCC)CN(CCCN(C)C)CC(CCCC)OC(=O)CCCCCCC,1.0,0.0,0.0
CCCCCCCCCCCC(=O)OC(CCCC)CN(CCCN(C)C)CC(CCCC)OC(=O)CCCCCCCCCCC,1.0,0.0,0.0
CCCCCCCCCCCCCC(=O)OC(CCCC)CN(CCCN(C)C)CC(CCCC)OC(=O)CCCCCCCCCCCCC,1.0,0.0,0.0
CCCCCC(=O)OC(CCCCCC)CN(CCCN(C)C)CC(CCCCCC)OC(=O)CCCCC,1.0,0.0,0.0
CCCCCCCCCC(=O)OC(CCCCCC)CN(CCCN(C)C)CC(CCCCCC)OC(=O)CCCCCCCCC,1.0,0.0,0.0
CCCCCCCCCCCC(=O)OC(CCCCCC)CN(CCCN(C)C)CC(CCCCCC)OC(=O)CCCCCCCCCCC,1.0,0.0,0.0
CCCCCC(=O)OC(CCCCCCCC)CN(CCCN(C)C)CC(CCCCCCCC)OC(=O)CCCCC,1.0,0.0,0.0
CCCCCCCC(=O)OC(CCCCCCCC)CN(CCCN(C)C)CC(CCCCCCCC)OC(=O)CCCCCCC,1.0,0.0,0.0
CCCCCCCCCC(=O)OC(CCCCCCCC)CN(CCCN(C)C)CC(CCCCCCCC)OC(=O)CCCCCCCCC,1.0,0.0,0.0
CCCCCCCCCCCC(=O)OC(CCCCCCCC)CN(CCCN(C)C)CC(CCCCCCCC)OC(=O)CCCCCCCCCCC,1.0,0.0,0.0
CCCCCCCCCCCCCC(=O)OC(CCCCCCCC)CN(CCCN(C)C)CC(CCCCCCCC)OC(=O)CCCCCCCCCCCCC,1.0,0.0,0.0
CCCCCCCC(=O)OC(CCCCCCCCCC)CN(CCCN(C)C)CC(CCCCCCCCCC)OC(=O)CCCCCCC,1.0,0.0,0.0
CCCCCCCCCCCC(=O)OC(CCCCCCCCCC)CN(CCCN(C)C)CC(CCCCCCCCCC)OC(=O)CCCCCCCCCCC,1.0,0.0,0.0
CCCCCCCCCCCCCC(=O)OC(CCCCCCCCCC)CN(CCCN(C)C)CC(CCCCCCCCCC)OC(=O)CCCCCCCCCCCCC,1.0,0.0,0.0
CCCCCC(=O)OC(CCCCCCCCCCCC)CN(CCCN(C)C)CC(CCCCCCCCCCCC)OC(=O)CCCCC,1.0,0.0,0.0
CCCCCCCC(=O)OC(CCCCCCCCCCCC)CN(CCCN(C)C)CC(CCCCCCCCCCCC)OC(=O)CCCCCCC,1.0,0.0,0.0
CCCCCCCCCC(=O)OC(CCCCCCCCCCCC)CN(CCCN(C)C)CC(CCCCCCCCCCCC)OC(=O)CCCCCCCCC,1.0,0.0,0.0
CCCCCCCCCCCCCC(=O)OC(CCCCCCCCCCCC)CN(CCCN(C)C)CC(CCCCCCCCCCCC)OC(=O)CCCCCCCCCCCCC,1.0,0.0,0.0
CCCCC/C=C\C/C=C\CCCCCCCCC(CCCCCCCC/C=C\C/C=C\CCCCC)OC(=O)CCCN(C)C,1.0,0.0,0.0
CCCCCCC(O)CN(CCCN(C)C)CC(O)CCCCCC,0.0,1.0,0.0
CCCCCCCCCCCCC(O)CN(CCCN(C)C)CC(O)CCCCCCCCCCCC,1.0,0.0,0.0
CCCCCCCC(=O)OC(CCCC)CN(CCCN(C)C)CC(CCCC)OC(=O)CCCCCCC,1.0,0.0,0.0
CCCCCCCCCCCC(=O)OC(CCCC)CN(CCCN(C)C)CC(CCCC)OC(=O)CCCCCCCCCCC,1.0,0.0,0.0
CCCCCCCCCCCCCC(=O)OC(CCCC)CN(CCCN(C)C)CC(CCCC)OC(=O)CCCCCCCCCCCCC,1.0,0.0,0.0
CCCCCC(=O)OC(CCCCCC)CN(CCCN(C)C)CC(CCCCCC)OC(=O)CCCCC,1.0,0.0,0.0
CCCCCCCCCC(=O)OC(CCCCCC)CN(CCCN(C)C)CC(CCCCCC)OC(=O)CCCCCCCCC,1.0,0.0,0.0
CCCCCCCCCCCC(=O)OC(CCCCCC)CN(CCCN(C)C)CC(CCCCCC)OC(=O)CCCCCCCCCCC,1.0,0.0,0.0
CCCCCC(=O)OC(CCCCCCCC)CN(CCCN(C)C)CC(CCCCCCCC)OC(=O)CCCCC,1.0,0.0,0.0
CCCCCCCC(=O)OC(CCCCCCCC)CN(CCCN(C)C)CC(CCCCCCCC)OC(=O)CCCCCCC,1.0,0.0,0.0
CCCCCCCCCC(=O)OC(CCCCCCCC)CN(CCCN(C)C)CC(CCCCCCCC)OC(=O)CCCCCCCCC,1.0,0.0,0.0
CCCCCCCCCCCC(=O)OC(CCCCCCCC)CN(CCCN(C)C)CC(CCCCCCCC)OC(=O)CCCCCCCCCCC,1.0,0.0,0.0
CCCCCCCCCCCCCC(=O)OC(CCCCCCCC)CN(CCCN(C)C)CC(CCCCCCCC)OC(=O)CCCCCCCCCCCCC,1.0,0.0,0.0
CCCCCCCC(=O)OC(CCCCCCCCCC)CN(CCCN(C)C)CC(CCCCCCCCCC)OC(=O)CCCCCCC,1.0,0.0,0.0
CCCCCCCCCCCC(=O)OC(CCCCCCCCCC)CN(CCCN(C)C)CC(CCCCCCCCCC)OC(=O)CCCCCCCCCCC,1.0,0.0,0.0
CCCCCCCCCCCCCC(=O)OC(CCCCCCCCCC)CN(CCCN(C)C)CC(CCCCCCCCCC)OC(=O)CCCCCCCCCCCCC,0.0,1.0,0.0
CCCCCC(=O)OC(CCCCCCCCCCCC)CN(CCCN(C)C)CC(CCCCCCCCCCCC)OC(=O)CCCCC,1.0,0.0,0.0
CCCCCCCC(=O)OC(CCCCCCCCCCCC)CN(CCCN(C)C)CC(CCCCCCCCCCCC)OC(=O)CCCCCCC,1.0,0.0,0.0
CCCCCCCCCC(=O)OC(CCCCCCCCCCCC)CN(CCCN(C)C)CC(CCCCCCCCCCCC)OC(=O)CCCCCCCCC,1.0,0.0,0.0
CCCCCCCCCCCCCC(=O)OC(CCCCCCCCCCCC)CN(CCCN(C)C)CC(CCCCCCCCCCCC)OC(=O)CCCCCCCCCCCCC,0.0,1.0,0.0
CCCCC/C=C\C/C=C\CCCCCCCCC(CCCCCCCC/C=C\C/C=C\CCCCC)OC(=O)CCCN(C)C,1.0,0.0,0.0
CCCCCCC(O)CN(CCCN(C)C)CC(O)CCCCCC,0.0,0.0,1.0
CCCCCCCCCCCCC(O)CN(CCCN(C)C)CC(O)CCCCCCCCCCCC,0.0,0.0,1.0
CCCCCCCC(=O)OC(CCCC)CN(CCCN(C)C)CC(CCCC)OC(=O)CCCCCCC,0.0,1.0,0.0
CCCCCCCCCCCC(=O)OC(CCCC)CN(CCCN(C)C)CC(CCCC)OC(=O)CCCCCCCCCCC,1.0,0.0,0.0
CCCCCCCCCCCCCC(=O)OC(CCCC)CN(CCCN(C)C)CC(CCCC)OC(=O)CCCCCCCCCCCCC,0.0,1.0,0.0
CCCCCC(=O)OC(CCCCCC)CN(CCCN(C)C)CC(CCCCCC)OC(=O)CCCCC,1.0,0.0,0.0
CCCCCCCCCC(=O)OC(CCCCCC)CN(CCCN(C)C)CC(CCCCCC)OC(=O)CCCCCCCCC,1.0,0.0,0.0
CCCCCCCCCCCC(=O)OC(CCCCCC)CN(CCCN(C)C)CC(CCCCCC)OC(=O)CCCCCCCCCCC,0.0,1.0,0.0
CCCCCC(=O)OC(CCCCCCCC)CN(CCCN(C)C)CC(CCCCCCCC)OC(=O)CCCCC,0.0,1.0,0.0
CCCCCCCC(=O)OC(CCCCCCCC)CN(CCCN(C)C)CC(CCCCCCCC)OC(=O)CCCCCCC,0.0,1.0,0.0
CCCCCCCCCC(=O)OC(CCCCCCCC)CN(CCCN(C)C)CC(CCCCCCCC)OC(=O)CCCCCCCCC,1.0,0.0,0.0
CCCCCCCCCCCC(=O)OC(CCCCCCCC)CN(CCCN(C)C)CC(CCCCCCCC)OC(=O)CCCCCCCCCCC,0.0,1.0,0.0
CCCCCCCCCCCCCC(=O)OC(CCCCCCCC)CN(CCCN(C)C)CC(CCCCCCCC)OC(=O)CCCCCCCCCCCCC,0.0,1.0,0.0
CCCCCCCC(=O)OC(CCCCCCCCCC)CN(CCCN(C)C)CC(CCCCCCCCCC)OC(=O)CCCCCCC,1.0,0.0,0.0
CCCCCCCCCCCC(=O)OC(CCCCCCCCCC)CN(CCCN(C)C)CC(CCCCCCCCCC)OC(=O)CCCCCCCCCCC,0.0,1.0,0.0
CCCCCCCCCCCCCC(=O)OC(CCCCCCCCCC)CN(CCCN(C)C)CC(CCCCCCCCCC)OC(=O)CCCCCCCCCCCCC,0.0,0.0,1.0
CCCCCC(=O)OC(CCCCCCCCCCCC)CN(CCCN(C)C)CC(CCCCCCCCCCCC)OC(=O)CCCCC,0.0,1.0,0.0
CCCCCCCC(=O)OC(CCCCCCCCCCCC)CN(CCCN(C)C)CC(CCCCCCCCCCCC)OC(=O)CCCCCCC,0.0,1.0,0.0
CCCCCCCCCC(=O)OC(CCCCCCCCCCCC)CN(CCCN(C)C)CC(CCCCCCCCCCCC)OC(=O)CCCCCCCCC,0.0,1.0,0.0
CCCCCCCCCCCCCC(=O)OC(CCCCCCCCCCCC)CN(CCCN(C)C)CC(CCCCCCCCCCCC)OC(=O)CCCCCCCCCCCCC,0.0,0.0,1.0
CCCCC/C=C\C/C=C\CCCCCCCCC(CCCCCCCC/C=C\C/C=C\CCCCC)OC(=O)CCCN(C)C,0.0,1.0,0.0
