cv_1_pred_quantified_delivery,cv_1_pred_quantified_toxicity,quantified_delivery,quantified_toxicity,smiles,Formulation_ID,Cationic_Lipid_Mass_Ratio,Phospholipid_Mass_Ratio,Cholesterol_Mass_Ratio,PEG_Lipid_Mass_Ratio,Helper_lipid_ID,Amine,Tail,Lipid_name,Library_ID,Experiment_ID,Purity,Mix_type,Cargo_type,Experimenter_ID,Model_type,Target_or_delivered_gene,Delivery_target,Route_of_administration,Experiment_weight,Goal,Batch_or_individual_or_barcoded,Value_name,screen_id,Comment,Amine_number,Full_SMILES,Amine_SMILES,Tail_length,Num_tails,Ketone,Isocyanide,Is_cyclic,Formulation,Batch_or_individual,Random_id,4CR_Lipid_name,Aldehyde,Carboxylic_acid,Amine_name,Tail_name,Linker,MolWt,Tail_count,Num tails,Common_name,Ester,Disulfide,Total_radiance,Form_comment,molecular_weight,Prediction_split_name
0.17525664,0.41255116,,0.1822129909365558,CCCCC(C)C(=O)Oc1cc(CNCCN(C)C)cc(OC(=O)C(C)CCCC)c1,,,,,,DOPE,,,5-a2-6b,Xue_CAD_LNP,Xue_CAD_LNP,Pure,Microfluidic,mRNA,lxue,,FLL,,,1.0,max,,Cell_viability,Xue_CAD_LNP,Tox,,,,,,,,,Lxue,,,,,,,,,,,,,,,,,,Xue_CAD_LNP_Xue_CAD_LNP_nan_nan
0.7870814,0.5576175,0.8820578224529305,,CCCCNC(C(CCCC(O[C@H]1C[C@@H](C)CC[C@@H]1C(C)=C)=O)(N(CCCCN(C)C)C(CCCCC(OC(CCCCCCCC)CCCCCCCC)=O)=O)CCCC(O[C@H]2C[C@@H](C)CC[C@@H]2C(C)=C)=O)=O,,,,,,DOPE,a78,,4k:a78|i02|o29+o29|cl05&o04,4CR_Ketone,IR_4CR_ketone,Pure,Microfluidic,mRNA,jwitten,Mouse,FFL,muscle,intramuscular,3.0,max,Individual,log luminescence,JW_IR_ML_4CR_ketone,,,,,,,o29+o29,i02,,4CR_Ket_Optimized,,,,,cl05&o04,,,,,,,EB-66,,,,,,IR_4CR_ketone_4CR_Ketone_muscle_intramuscular
0.25644323,0.63275224,,0.7063821752265862,CCCCCC(C)CCC(=O)Oc1cc(CNCCN(CCN)CCN)cc(OC(=O)CCC(C)CCCCC)c1,,,,,,DOPE,,,12-a2-9b,Xue_CAD_LNP,Xue_CAD_LNP,Pure,Microfluidic,mRNA,lxue,,FLL,,,1.0,max,,Cell_viability,Xue_CAD_LNP,Tox,,,,,,,,,Lxue,,,,,,,,,,,,,,,,,,Xue_CAD_LNP_Xue_CAD_LNP_nan_nan
0.26801142,0.65150744,,0.6333081570996977,CCCCCCC(=O)Oc1cc(CNCCN(C)CCN)cc(OC(=O)CCCCCC)c1,,,,,,DOPE,,,1-a2-6,Xue_CAD_LNP,Xue_CAD_LNP,Pure,Microfluidic,mRNA,lxue,,FLL,,,1.0,max,,Cell_viability,Xue_CAD_LNP,Tox,,,,,,,,,Lxue,,,,,,,,,,,,,,,,,,Xue_CAD_LNP_Xue_CAD_LNP_nan_nan
0.20864561,0.50718015,,0.1786253776435037,CCCCC(CC)CCC(=O)Oc1cc(CNCCCN2CCN(CCCN)CC2)cc(OC(=O)CCC(CC)CCCC)c1,,,,,,DOPE,,,4-a2-9b2,Xue_CAD_LNP,Xue_CAD_LNP,Pure,Microfluidic,mRNA,lxue,,FLL,,,1.0,max,,Cell_viability,Xue_CAD_LNP,Tox,,,,,,,,,Lxue,,,,,,,,,,,,,,,,,,Xue_CAD_LNP_Xue_CAD_LNP_nan_nan
0.2107256,0.48195106,,0.4410876132930523,CCCCCC(C)CCC(=O)Oc1cc(CNCCCN(C)C)cc(OC(=O)CCC(C)CCCCC)c1,,,,,,DOPE,,,6-a2-9b,Xue_CAD_LNP,Xue_CAD_LNP,Pure,Microfluidic,mRNA,lxue,,FLL,,,1.0,max,,Cell_viability,Xue_CAD_LNP,Tox,,,,,,,,,Lxue,,,,,,,,,,,,,,,,,,Xue_CAD_LNP_Xue_CAD_LNP_nan_nan
0.73886013,0.5489403,0.7443335243290973,,N(C)(C)CCCCN(C(=O)CC/C=C\C/C=C\C/C=C\C/C=C\C/C=C\C/C=C\CC)C(CCCC(=O)O[C@H]1[C@H](C(=C)C)CC[C@@H](C)C1)(CCCC(=O)O[C@H]2[C@H](C(=C)C)CC[C@@H](C)C2)C(=O)NCCCC,,,,,,DOPE,a78,,4k:a78|i02|o29+o29|c23,4CR_Ketone,IR_4CR_ketone,Pure,Hand,mRNA,jwitten,Mouse,FFL,muscle,intramuscular,3.0,max,Individual,log luminescence,JW_IR_ML_4CR_ketone,,,,,,,o29+o29,i02,,Kauffman,,,,,c23,,,,,,,FO-22,,,,,,IR_4CR_ketone_4CR_Ketone_muscle_intramuscular
0.52107173,0.39287043,0.7692307692307692,,N(C)(C)CCCCN(C(=O)CC/C=C\C/C=C\C/C=C\C/C=C\C/C=C\C/C=C\CC)C(CCCC(=O)O[C@H]1[C@H](C(=C)C)CC[C@@H](C)C1)(CCCC(=O)O[C@H]2[C@H](C(=C)C)CC[C@@H](C)C2)C(=O)NCCCC,,50.1,24.6,16.8,8.5,DOTAP,a78,,4k:a78|i02|o29+o29|c23,4CR_Ketone,IR_4CR_ketone,Pure,Hand,mRNA,jwitten,HBEC_ALI,FFL,lung_epithelium,in_vitro,2.0,max,Individual,log luminescence,JW_IR_ML_4CR_ketone,,,,,,,o29+o29,i02,,T1-5,,,,,c23,,,,,,,FO-22,,,,,,IR_4CR_ketone_4CR_Ketone_lung_epithelium_in_vitro
0.26271307,0.637343,,0.645392749244713,CCCCCCCC(=O)Oc1cc(CNCCN(C)CCN)cc(OC(=O)CCCCCCC)c1,,,,,,DOPE,,,1-a2-7,Xue_CAD_LNP,Xue_CAD_LNP,Pure,Microfluidic,mRNA,lxue,,FLL,,,1.0,max,,Cell_viability,Xue_CAD_LNP,Tox,,,,,,,,,Lxue,,,,,,,,,,,,,,,,,,Xue_CAD_LNP_Xue_CAD_LNP_nan_nan
0.6411804,0.48341888,0.8921385819981346,,N(C)(C)CCCN(C(=O)CCCCCCC/C=C\C/C=C\CCCCC)C(CCCC(=O)OCCC#CCCCCCC)(CCCC(=O)OCCC#CCCCCCC)C(=O)NCCCCCCCC/C=C\CCCCCCCC,,,,,,DOPE,a23,,4k:a23|i03|o03+o03|c21,4CR_Ketone,IR_4CR_ketone,Pure,Hand,mRNA,jwitten,Mouse,FFL,muscle,intramuscular,3.0,max,Individual,log luminescence,JW_IR_ML_4CR_ketone,,,,,,,o03+o03,i03,,Kauffman,,,,,c21,,,,,,,FO-6,,,,,,IR_4CR_ketone_4CR_Ketone_muscle_intramuscular
0.61397046,0.4776297,0.3225885187040114,,N(CC)(CC)CCCN(C(=O)CC/C=C\C/C=C\C/C=C\C/C=C\C/C=C\C/C=C\CC)C(CCCC(=O)OC(CCCCCCCC)CCCCCCCC)(CCCC(=O)OC(CCCCCCCC)CCCCCCCC)C(=O)NC12C[CH]3C[CH](C[CH](C3)C1)C2,,,,,,DOPE,a21,,4k:a21|i04|o04+o04|c23,4CR_Ketone,IR_4CR_ketone,Pure,Hand,mRNA,jwitten,Mouse,FFL,muscle,intramuscular,3.0,max,Individual,log luminescence,JW_IR_ML_4CR_ketone,,,,,,,o04+o04,i04,,Kauffman,,,,,c23,,,,,,,FO-12,,,,,,IR_4CR_ketone_4CR_Ketone_muscle_intramuscular
0.5181197,0.42938772,0.3551335829735769,,N(CC)(CC)CCCN(C(=O)CCCCCCC/C=C\C/C=C\CCCCC)C(CCCC(=O)OCCCCC#CCCCC)(CCCC(=O)OCCCCC#CCCCC)C(=O)NC12C[CH]3C[CH](C[CH](C3)C1)C2,,,,,,DOPE,a21,,4k:a21|i04|o55+o55|c21,4CR_Ketone,IR_4CR_ketone,Pure,Hand,mRNA,jwitten,Mouse,FFL,muscle,intramuscular,3.0,max,Individual,log luminescence,JW_IR_ML_4CR_ketone,,,,,,,o55+o55,i04,,Kauffman,,,,,c21,,,,,,,FO-2,,,,,,IR_4CR_ketone_4CR_Ketone_muscle_intramuscular
0.74587804,0.5170298,0.9359895038719962,,N(C)(C)CCCN(C(=O)CC/C=C\C/C=C\C/C=C\C/C=C\C/C=C\C/C=C\CC)C(CCCC(=O)OCCC#CCCCCCC)(CCCC(=O)OCCC#CCCCCCC)C(=O)NC12C[CH]3C[CH](C[CH](C3)C1)C2,,,,,,DOPE,a23,,4k:a23|i04|o03+o03|c23,4CR_Ketone,IR_4CR_ketone,Pure,Hand,mRNA,jwitten,Mouse,FFL,muscle,intramuscular,3.0,max,Individual,log luminescence,JW_IR_ML_4CR_ketone,,,,,,,o03+o03,i04,,Kauffman,,,,,c23,,,,,,,ML3-Me-DHA,,,,,,IR_4CR_ketone_4CR_Ketone_muscle_intramuscular
0.22465506,0.29257727,0.1538461538461538,,N(C)(C)CCCN(C(=O)CCCCCCC/C=C\C/C=C\CCCCC)C(CCCC(=O)OCCCCCCCC/C=C\C/C=C\CCCCC)(CCCC(=O)OCCCCCCCC/C=C\C/C=C\CCCCC)C(=O)NCCCCCCCC/C=C\CCCCCCCC,,50.1,24.6,16.8,8.5,DOTAP,a23,,4k:a23|i03|o01+o01|c21,4CR_Ketone,IR_4CR_ketone,Pure,Hand,mRNA,jwitten,HBEC_ALI,FFL,lung_epithelium,in_vitro,2.0,max,Individual,log luminescence,JW_IR_ML_4CR_ketone,,,,,,,o01+o01,i03,,T1-5,,,,,c21,,,,,,,4CR19,,,,,,IR_4CR_ketone_4CR_Ketone_lung_epithelium_in_vitro
0.53550804,0.431524,0.5287632410885386,,CCN(CC)CCCCN(C(=O)CC/C=C\C/C=C\C/C=C\C/C=C\C/C=C\C/C=C\CC)C(CCCC(=O)OCC1=CC[C@@H](C(=C)C)CC1)(CCCC(=O)OCC2=CC[C@@H](C(=C)C)CC2)C(=O)NC(C)(C)C,,,,,,DOPE,a64,,4k:a64|i01|o31+o31|c23,4CR_Ketone,IR_4CR_ketone,Pure,Hand,mRNA,jwitten,Mouse,FFL,muscle,intramuscular,3.0,max,Individual,log luminescence,JW_IR_ML_4CR_ketone,,,,,,,o31+o31,i01,,Kauffman,,,,,c23,,,,,,,FO-17,,,,,,IR_4CR_ketone_4CR_Ketone_muscle_intramuscular
0.4698161,0.34010518,0.4615384615384614,,N(C)(C)CCCN(C(=O)CCCCCCC/C=C\CCCCCCCC)C(CCCC(=O)OCCC#CCCCCCC)(CCCC(=O)OCCC#CCCCCCC)C(=O)NC12C[CH]3C[CH](C[CH](C3)C1)C2,,50.1,24.6,16.8,8.5,DOTAP,a23,,4k:a23|i04|o03+o03|c20,4CR_Ketone,IR_4CR_ketone,Pure,Hand,mRNA,jwitten,HBEC_ALI,FFL,lung_epithelium,in_vitro,2.0,max,Individual,log luminescence,JW_IR_ML_4CR_ketone,,,,,,,o03+o03,i04,,T1-5,,,,,c20,,,,,,,ML3-Me-Oleic,,,,,,IR_4CR_ketone_4CR_Ketone_lung_epithelium_in_vitro
0.6972402,0.5035704,0.6728185240951785,,N(C)(C)CCCN(C(=O)CCCCCCCC/C=C\C/C=C\C/C=C\CC)C(CCCC(=O)OCCC#CCCCCCC)(CCCC(=O)OCCC#CCCCCCC)C(=O)NC(C)(C)C,,,,,,DOPE,a23,,4k:a23|i01|o03+o03|c22,4CR_Ketone,IR_4CR_ketone,Pure,Hand,mRNA,jwitten,Mouse,FFL,muscle,intramuscular,3.0,max,Individual,log luminescence,JW_IR_ML_4CR_ketone,,,,,,,o03+o03,i01,,Kauffman,,,,,c22,,,,,,,4CR2-1,,,,,,IR_4CR_ketone_4CR_Ketone_muscle_intramuscular
0.7069443,0.52112633,0.8715428240032653,,N(C)(C)CCCN(C(=O)CCCCC(=O)OC(CCCCCCCC)CCCCCCCC)C(CCCC(=O)OCCC#CCCCCC)(CCCC(=O)OCCC#CCCCCC)C(=O)NCCCC,,,,,,DOPE,a23,,4k:a23|i02|o56+o56|cl05&o04,4CR_Ketone,IR_4CR_ketone,Pure,Hand,mRNA,jwitten,Mouse,FFL,muscle,intramuscular,3.0,max,Individual,log luminescence,JW_IR_ML_4CR_ketone,,,,,,,o56+o56,i02,,Kauffman,,,,,cl05&o04,,,,,,,FO-38,,,,,,IR_4CR_ketone_4CR_Ketone_muscle_intramuscular
0.2510499,0.605326,,0.6384063444108761,CCCCCCCCCC(=O)Oc1cc(CNCCN(C)CCN)cc(OC(=O)CCCCCCCCC)c1,,,,,,DOPE,,,1-a2-9,Xue_CAD_LNP,Xue_CAD_LNP,Pure,Microfluidic,mRNA,lxue,,FLL,,,1.0,max,,Cell_viability,Xue_CAD_LNP,Tox,,,,,,,,,Lxue,,,,,,,,,,,,,,,,,,Xue_CAD_LNP_Xue_CAD_LNP_nan_nan
0.18914962,0.438437,,0.0058534743202419,CCCCCCCCC(=O)Oc1cc(CNCCN(C)C)cc(OC(=O)CCCCCCCC)c1,,,,,,DOPE,,,5-a2-8,Xue_CAD_LNP,Xue_CAD_LNP,Pure,Microfluidic,mRNA,lxue,,FLL,,,1.0,max,,Cell_viability,Xue_CAD_LNP,Tox,,,,,,,,,Lxue,,,,,,,,,,,,,,,,,,Xue_CAD_LNP_Xue_CAD_LNP_nan_nan
0.51519215,0.4558582,0.6498085647250491,,CCN(CC)CCCCN(C(=O)CCCCC(=O)OC(CCCCCCCC)CCCCCCCC)C(CCCC(=O)OCC(CCC)CCC)(CCCC(=O)OCC(CCC)CCC)C(=O)NCCCC,,,,,,DOPE,a64,,4k:a64|i02|o47+o47|cl05&o04,4CR_Ketone,IR_4CR_ketone,Pure,Hand,mRNA,jwitten,Mouse,FFL,muscle,intramuscular,3.0,max,Individual,log luminescence,JW_IR_ML_4CR_ketone,,,,,,,o47+o47,i02,,Kauffman,,,,,cl05&o04,,,,,,,FO-28,,,,,,IR_4CR_ketone_4CR_Ketone_muscle_intramuscular
0.27499622,0.6830508,,0.7804003021148032,CCCCCCC(=O)Oc1cc(CNCCN(CCN)CCN)cc(OC(=O)CCCCCC)c1,,,,,,DOPE,,,12-a2-6,Xue_CAD_LNP,Xue_CAD_LNP,Pure,Microfluidic,mRNA,lxue,,FLL,,,1.0,max,,Cell_viability,Xue_CAD_LNP,Tox,,,,,,,,,Lxue,,,,,,,,,,,,,,,,,,Xue_CAD_LNP_Xue_CAD_LNP_nan_nan
0.54313475,0.36828747,0.2307692307692307,,N(C)(C)CCCN(C(=O)CCCCCCCC/C=C\C/C=C\C/C=C\CC)C(CCCC(=O)OCCC#CCCCCCC)(CCCC(=O)OCCC#CCCCCCC)C(=O)NC(C)(C)C,,50.1,24.6,16.8,8.5,DOTAP,a23,,4k:a23|i01|o03+o03|c22,4CR_Ketone,IR_4CR_ketone,Pure,Hand,mRNA,jwitten,HBEC_ALI,FFL,lung_epithelium,in_vitro,2.0,max,Individual,log luminescence,JW_IR_ML_4CR_ketone,,,,,,,o03+o03,i01,,T1-5,,,,,c22,,,,,,,4CR2-1,,,,,,IR_4CR_ketone_4CR_Ketone_lung_epithelium_in_vitro
0.2723209,0.2981784,0.4615384615384614,,N(C)(C)CCCN(C(=O)CCCCCCC/C=C\C/C=C\CCCCC)C(CCCC(=O)OCCCCCCCC/C=C\C/C=C\CCCCC)(CCCC(=O)OCCCCCCCC/C=C\C/C=C\CCCCC)C(=O)NC12C[CH]3C[CH](C[CH](C3)C1)C2,,50.1,24.6,16.8,8.5,DOTAP,a23,,4k:a23|i04|o01+o01|c21,4CR_Ketone,IR_4CR_ketone,Pure,Hand,mRNA,jwitten,HBEC_ALI,FFL,lung_epithelium,in_vitro,2.0,max,Individual,log luminescence,JW_IR_ML_4CR_ketone,,,,,,,o01+o01,i04,,T1-5,,,,,c21,,,,,,,4CR20,,,,,,IR_4CR_ketone_4CR_Ketone_lung_epithelium_in_vitro
0.55697626,0.42773324,0.5287632410885386,,N(C)(C)CCCCN(C(=O)CC/C=C\C/C=C\C/C=C\C/C=C\C/C=C\C/C=C\CC)C(CCCC(=O)OCC1=CC[C@@H](C(=C)C)CC1)(CCCC(=O)OCC2=CC[C@@H](C(=C)C)CC2)C(=O)NCCCC,,,,,,DOPE,a78,,4k:a78|i02|o31+o31|c23,4CR_Ketone,IR_4CR_ketone,Pure,Hand,mRNA,jwitten,Mouse,FFL,muscle,intramuscular,3.0,max,Individual,log luminescence,JW_IR_ML_4CR_ketone,,,,,,,o31+o31,i02,,Kauffman,,,,,c23,,,,,,,FO-18,,,,,,IR_4CR_ketone_4CR_Ketone_muscle_intramuscular
0.20107558,0.46560735,,0.0,CCCCC(CC)C(=O)Oc1cc(CNCCN(C)C)cc(OC(=O)C(CC)CCCC)c1,,,,,,DOPE,,,5-a2-7b2,Xue_CAD_LNP,Xue_CAD_LNP,Pure,Microfluidic,mRNA,lxue,,FLL,,,1.0,max,,Cell_viability,Xue_CAD_LNP,Tox,,,,,,,,,Lxue,,,,,,,,,,,,,,,,,,Xue_CAD_LNP_Xue_CAD_LNP_nan_nan
0.20987853,0.51073086,,0.6153700906344411,CCCCC(CC)CCC(=O)Oc1cc(CNCCCN)cc(OC(=O)CCC(CC)CCCC)c1,,,,,,DOPE,,,11-a2-9b2,Xue_CAD_LNP,Xue_CAD_LNP,Pure,Microfluidic,mRNA,lxue,,FLL,,,1.0,max,,Cell_viability,Xue_CAD_LNP,Tox,,,,,,,,,Lxue,,,,,,,,,,,,,,,,,,Xue_CAD_LNP_Xue_CAD_LNP_nan_nan
0.40478802,0.3656876,0.2307692307692307,,CCN(CC)CCCCN(C(=O)CC/C=C\C/C=C\C/C=C\C/C=C\C/C=C\C/C=C\CC)C(CCCC(=O)O[C@H]4[C@H](C(=C)C)CC[C@@H](C)C4)(CCCC(=O)O[C@H]5[C@H](C(=C)C)CC[C@@H](C)C5)C(=O)NC12C[CH]3C[CH](C[CH](C3)C1)C2,,50.1,24.6,16.8,8.5,DOTAP,a64,,4k:a64|i04|o29+o29|c23,4CR_Ketone,IR_4CR_ketone,Pure,Hand,mRNA,jwitten,HBEC_ALI,FFL,lung_epithelium,in_vitro,2.0,max,Individual,log luminescence,JW_IR_ML_4CR_ketone,,,,,,,o29+o29,i04,,T1-5,,,,,c23,,,,,,,FO-19,,,,,,IR_4CR_ketone_4CR_Ketone_lung_epithelium_in_vitro
0.23544109,0.28511822,0.1538461538461538,,CCN(CC)CCCCN(C(=O)CC/C=C\C/C=C\C/C=C\C/C=C\C/C=C\C/C=C\CC)C(CCCC(=O)OCC1=CC[C@@H](C(=C)C)CC1)(CCCC(=O)OCC2=CC[C@@H](C(=C)C)CC2)C(=O)NCCCCCCCC/C=C\CCCCCCCC,,50.1,24.6,16.8,8.5,DOTAP,a64,,4k:a64|i03|o31+o31|c23,4CR_Ketone,IR_4CR_ketone,Pure,Hand,mRNA,jwitten,HBEC_ALI,FFL,lung_epithelium,in_vitro,2.0,max,Individual,log luminescence,JW_IR_ML_4CR_ketone,,,,,,,o31+o31,i03,,T1-5,,,,,c23,,,,,,,FO-23,,,,,,IR_4CR_ketone_4CR_Ketone_lung_epithelium_in_vitro
0.66008604,0.49828184,0.4218402058290592,,N(C)(C)CCCN(C(=O)CCCCC(=O)OCC(CCC)CCC)C(CCCC(=O)OCCC#CCCCCCC)(CCCC(=O)OCCC#CCCCCCC)C(=O)NCCCC,,,,,,DOPE,a23,,4k:a23|i02|o03+o03|cl05&o47,4CR_Ketone,IR_4CR_ketone,Pure,Hand,mRNA,jwitten,Mouse,FFL,muscle,intramuscular,3.0,max,Individual,log luminescence,JW_IR_ML_4CR_ketone,,,,,,,o03+o03,i02,,Kauffman,,,,,cl05&o47,,,,,,,FO-31,,,,,,IR_4CR_ketone_4CR_Ketone_muscle_intramuscular
0.46955138,0.38870332,0.3846153846153846,,CCN(CC)CCCCN(C(=O)CC/C=C\C/C=C\C/C=C\C/C=C\C/C=C\C/C=C\CC)C(CCCC(=O)O[C@H]1[C@H](C(=C)C)CC[C@@H](C)C1)(CCCC(=O)O[C@H]2[C@H](C(=C)C)CC[C@@H](C)C2)C(=O)NCCCC,,50.1,24.6,16.8,8.5,DOTAP,a64,,4k:a64|i02|o29+o29|c23,4CR_Ketone,IR_4CR_ketone,Pure,Hand,mRNA,jwitten,HBEC_ALI,FFL,lung_epithelium,in_vitro,2.0,max,Individual,log luminescence,JW_IR_ML_4CR_ketone,,,,,,,o29+o29,i02,,T1-5,,,,,c23,,,,,,,FO-20,,,,,,IR_4CR_ketone_4CR_Ketone_lung_epithelium_in_vitro
0.21622643,0.5271642,,0.451095166163141,CCCCC(C)CCC(=O)Oc1cc(CNCCCN)cc(OC(=O)CCC(C)CCC)c1,,,,,,DOPE,,,11-a2-8b,Xue_CAD_LNP,Xue_CAD_LNP,Pure,Microfluidic,mRNA,lxue,,FLL,,,1.0,max,,Cell_viability,Xue_CAD_LNP,Tox,,,,,,,,,Lxue,,,,,,,,,,,,,,,,,,Xue_CAD_LNP_Xue_CAD_LNP_nan_nan
0.2595028,0.6149749,,0.8491314199395767,CCCCCCCCC(=O)Oc1cc(CNCCN2CCN(C)CC2)cc(OC(=O)CCCCCCCC)c1,,,,,,DOPE,,,9-a2-8,Xue_CAD_LNP,Xue_CAD_LNP,Pure,Microfluidic,mRNA,lxue,,FLL,,,1.0,max,,Cell_viability,Xue_CAD_LNP,Tox,,,,,,,,,Lxue,,,,,,,,,,,,,,,,,,Xue_CAD_LNP_Xue_CAD_LNP_nan_nan
0.2480931,0.61823934,,0.6924093655589123,CCCCC(CC)CCC(=O)Oc1cc(CNCCN(CCN)CCN)cc(OC(=O)CCC(CC)CCCC)c1,,,,,,DOPE,,,12-a2-9b2,Xue_CAD_LNP,Xue_CAD_LNP,Pure,Microfluidic,mRNA,lxue,,FLL,,,1.0,max,,Cell_viability,Xue_CAD_LNP,Tox,,,,,,,,,Lxue,,,,,,,,,,,,,,,,,,Xue_CAD_LNP_Xue_CAD_LNP_nan_nan
0.21345526,0.51984775,,0.4208836858006042,CCCCC(C)CCC(=O)Oc1cc(CNCCCN2CCN(CCCN)CC2)cc(OC(=O)CCC(C)CCC)c1,,,,,,DOPE,,,4-a2-8b,Xue_CAD_LNP,Xue_CAD_LNP,Pure,Microfluidic,mRNA,lxue,,FLL,,,1.0,max,,Cell_viability,Xue_CAD_LNP,Tox,,,,,,,,,Lxue,,,,,,,,,,,,,,,,,,Xue_CAD_LNP_Xue_CAD_LNP_nan_nan
0.21328709,0.51734596,,0.5683534743202419,CCCCC(CC)C(=O)Oc1cc(CNCCN2CCN(CCN)CC2)cc(OC(=O)C(CC)CCCC)c1,,,,,,DOPE,,,3-a2-7b2,Xue_CAD_LNP,Xue_CAD_LNP,Pure,Microfluidic,mRNA,lxue,,FLL,,,1.0,max,,Cell_viability,Xue_CAD_LNP,Tox,,,,,,,,,Lxue,,,,,,,,,,,,,,,,,,Xue_CAD_LNP_Xue_CAD_LNP_nan_nan
0.22275537,0.50990844,,0.4546827794561932,CCCCCCC(=O)Oc1cc(CNCCCN(C)C)cc(OC(=O)CCCCCC)c1,,,,,,DOPE,,,6-a2-6,Xue_CAD_LNP,Xue_CAD_LNP,Pure,Microfluidic,mRNA,lxue,,FLL,,,1.0,max,,Cell_viability,Xue_CAD_LNP,Tox,,,,,,,,,Lxue,,,,,,,,,,,,,,,,,,Xue_CAD_LNP_Xue_CAD_LNP_nan_nan
0.72107077,0.52727634,0.7087517356779109,,N(C)(C)CCCN(C(=O)CCCCC(=O)OC(CCCCCCCC)CCCCCCCC)C(CCCC(=O)OCCC#CCC)(CCCC(=O)OCCC#CCC)C(=O)NCCCC,,,,,,DOPE,a23,,4k:a23|i02|o59+o59|cl05&o04,4CR_Ketone,IR_4CR_ketone,Pure,Hand,mRNA,jwitten,Mouse,FFL,muscle,intramuscular,3.0,max,Individual,log luminescence,JW_IR_ML_4CR_ketone,,,,,,,o59+o59,i02,,Kauffman,,,,,cl05&o04,,,,,,,FO-41,,,,,,IR_4CR_ketone_4CR_Ketone_muscle_intramuscular
0.19623637,0.47697282,,0.4977341389728105,CCCCCC(C)CCC(=O)Oc1cc(CNCCN2CCN(CCN)CC2)cc(OC(=O)CCC(C)CCCCC)c1,,,,,,DOPE,,,3-a2-9b,Xue_CAD_LNP,Xue_CAD_LNP,Pure,Microfluidic,mRNA,lxue,,FLL,,,1.0,max,,Cell_viability,Xue_CAD_LNP,Tox,,,,,,,,,Lxue,,,,,,,,,,,,,,,,,,Xue_CAD_LNP_Xue_CAD_LNP_nan_nan
0.5213485,0.42973152,0.7401428418881381,,CCN(CC)CCCCN(C(=O)CC/C=C\C/C=C\C/C=C\C/C=C\C/C=C\C/C=C\CC)C(CCCC(=O)OCC1=CC[C@@H](C(=C)C)CC1)(CCCC(=O)OCC2=CC[C@@H](C(=C)C)CC2)C(=O)NCCCC,,,,,,DOPE,a64,,4k:a64|i02|o31+o31|c23,4CR_Ketone,IR_4CR_ketone,Pure,Hand,mRNA,jwitten,Mouse,FFL,muscle,intramuscular,3.0,max,Individual,log luminescence,JW_IR_ML_4CR_ketone,,,,,,,o31+o31,i02,,Kauffman,,,,,c23,,,,,,,FO-16,,,,,,IR_4CR_ketone_4CR_Ketone_muscle_intramuscular
0.25777945,0.6230877,,0.8155211480362543,CCCCCCCCC(=O)Oc1cc(CNCCN(C)CCN)cc(OC(=O)CCCCCCCC)c1,,,,,,DOPE,,,1-a2-8,Xue_CAD_LNP,Xue_CAD_LNP,Pure,Microfluidic,mRNA,lxue,,FLL,,,1.0,max,,Cell_viability,Xue_CAD_LNP,Tox,,,,,,,,,Lxue,,,,,,,,,,,,,,,,,,Xue_CAD_LNP_Xue_CAD_LNP_nan_nan
0.6738297,0.48349303,0.7411779248170633,,N(C)(C)CCCN(C(=O)CCCCCCCC/C=C\C/C=C\C/C=C\CC)C(CCCC(=O)OCCC#CCCCCCC)(CCCC(=O)OCCC#CCCCCCC)C(=O)NC12C[CH]3C[CH](C[CH](C3)C1)C2,,,,,,DOPE,a23,,4k:a23|i04|o03+o03|c22,4CR_Ketone,IR_4CR_ketone,Pure,Hand,mRNA,jwitten,Mouse,FFL,muscle,intramuscular,3.0,max,Individual,log luminescence,JW_IR_ML_4CR_ketone,,,,,,,o03+o03,i04,,Kauffman,,,,,c22,,,,,,,ML3Me,,,,,,IR_4CR_ketone_4CR_Ketone_muscle_intramuscular
0.2730996,0.33585015,0.2306189705274898,,N(C)(C)CCCN(C(=O)C)C(CCCC(=O)OCCCCCCCC/C=C\C/C=C\CCCCC)(CCCC(=O)OCCCCCCCC/C=C\C/C=C\CCCCC)C(=O)NC(C)(C)C,,,,,,DOPE,a23,,4k:a23|i01|o01+o01|c01,4CR_Ketone,IR_4CR_ketone,Pure,Hand,mRNA,jwitten,Mouse,FFL,muscle,intramuscular,3.0,max,Individual,log luminescence,JW_IR_ML_4CR_ketone,,,,,,,o01+o01,i01,,Kauffman,,,,,c01,,,,,,,4CR9,,,,,,IR_4CR_ketone_4CR_Ketone_muscle_intramuscular
0.29489586,0.33645183,0.212847653393706,,N(C)(C)CCCN(C(=O)C)C(CCCC(=O)OCCCCCCCC/C=C\C/C=C\CCCCC)(CCCC(=O)OCCCCCCCC/C=C\C/C=C\CCCCC)C(=O)NC12C[CH]3C[CH](C[CH](C3)C1)C2,,,,,,DOPE,a23,,4k:a23|i04|o01+o01|c01,4CR_Ketone,IR_4CR_ketone,Pure,Hand,mRNA,jwitten,Mouse,FFL,muscle,intramuscular,3.0,max,Individual,log luminescence,JW_IR_ML_4CR_ketone,,,,,,,o01+o01,i04,,Kauffman,,,,,c01,,,,,,,4CR18,,,,,,IR_4CR_ketone_4CR_Ketone_muscle_intramuscular
0.5031535,0.42401794,0.7401965715055752,,CCN(CC)CCCCN(C(=O)CC/C=C\C/C=C\C/C=C\C/C=C\C/C=C\C/C=C\CC)C(CCCC(=O)OCC1=CC[C@@H](C(=C)C)CC1)(CCCC(=O)OCC2=CC[C@@H](C(=C)C)CC2)C(=O)NCCCCCCCC/C=C\CCCCCCCC,,,,,,DOPE,a64,,4k:a64|i03|o31+o31|c23,4CR_Ketone,IR_4CR_ketone,Pure,Hand,mRNA,jwitten,Mouse,FFL,muscle,intramuscular,3.0,max,Individual,log luminescence,JW_IR_ML_4CR_ketone,,,,,,,o31+o31,i03,,Kauffman,,,,,c23,,,,,,,FO-23,,,,,,IR_4CR_ketone_4CR_Ketone_muscle_intramuscular
0.18441412,0.42768303,,0.8551737160120836,CCCCCC(C)CCC(=O)Oc1cc(CNCCN(C)C)cc(OC(=O)CCC(C)CCCCC)c1,,,,,,DOPE,,,5-a2-9b,Xue_CAD_LNP,Xue_CAD_LNP,Pure,Microfluidic,mRNA,lxue,,FLL,,,1.0,max,,Cell_viability,Xue_CAD_LNP,Tox,,,,,,,,,Lxue,,,,,,,,,,,,,,,,,,Xue_CAD_LNP_Xue_CAD_LNP_nan_nan
0.6216241,0.490853,0.6120832326414593,,O=C(CCCC(CCCC(OCCC#CCCCCCC)=O)(C(NCCCCCCCC/C=C\CCCCCCCC)=O)N(CCCN(C)C)C(CCCCCCCCC(OC(CCCCCCCC)CCCCCCCC)=O)=O)OCCC#CCCCCCC,,,,,,DOPE,a23,,4k:a23|i03|o03+o03|cl09&o04,4CR_Ketone,IR_4CR_ketone,Pure,Microfluidic,mRNA,jwitten,Mouse,FFL,muscle,intramuscular,3.0,max,Individual,log luminescence,JW_IR_ML_4CR_ketone,,,,,,,o03+o03,i03,,Kauffman,,,,,cl09+o04,,,,,,,FO-47,,,,,,IR_4CR_ketone_4CR_Ketone_muscle_intramuscular
0.69622463,0.507046,0.6880200066827852,,N(C)(C)CCCN(C(=O)CCC/C=C\CCCCCC)C(CCCC(=O)OCCC#CCCCCCC)(CCCC(=O)OCCC#CCCCCCC)C(=O)NCCCC,,,,,,DOPE,a23,,4k:a23|i02|o03+o03|c62,4CR_Ketone,IR_4CR_ketone,Pure,Hand,mRNA,jwitten,Mouse,FFL,muscle,intramuscular,3.0,max,Individual,log luminescence,JW_IR_ML_4CR_ketone,,,,,,,o03+o03,i02,,Kauffman,,,,,c62,,,,,,,FO-30,,,,,,IR_4CR_ketone_4CR_Ketone_muscle_intramuscular
0.22638923,0.54670614,,0.3901057401812695,CCCCC(C)C(=O)Oc1cc(CNCCCN2CCN(C)CC2)cc(OC(=O)C(C)CCCC)c1,,,,,,DOPE,,,10-a2-6b,Xue_CAD_LNP,Xue_CAD_LNP,Pure,Microfluidic,mRNA,lxue,,FLL,,,1.0,max,,Cell_viability,Xue_CAD_LNP,Tox,,,,,,,,,Lxue,,,,,,,,,,,,,,,,,,Xue_CAD_LNP_Xue_CAD_LNP_nan_nan
0.6605408,0.4753342,0.7835350715127273,,N(C)(C)CCCN(C(=O)CCCCCCC/C=C\CCCCCCCC)C(CCCC(=O)OCCC#CCCCCCC)(CCCC(=O)OCCC#CCCCCCC)C(=O)NC12C[CH]3C[CH](C[CH](C3)C1)C2,,,,,,DOPE,a23,,4k:a23|i04|o03+o03|c20,4CR_Ketone,IR_4CR_ketone,Pure,Hand,mRNA,jwitten,Mouse,FFL,muscle,intramuscular,3.0,max,Individual,log luminescence,JW_IR_ML_4CR_ketone,,,,,,,o03+o03,i04,,Kauffman,,,,,c20,,,,,,,ML3-Me-Oleic,,,,,,IR_4CR_ketone_4CR_Ketone_muscle_intramuscular
0.28359917,0.6697957,,0.6988293051359522,CCCCCCC(=O)Oc1cc(CNCCCN(C)CCCN)cc(OC(=O)CCCCCC)c1,,,,,,DOPE,,,2-a2-6,Xue_CAD_LNP,Xue_CAD_LNP,Pure,Microfluidic,mRNA,lxue,,FLL,,,1.0,max,,Cell_viability,Xue_CAD_LNP,Tox,,,,,,,,,Lxue,,,,,,,,,,,,,,,,,,Xue_CAD_LNP_Xue_CAD_LNP_nan_nan
0.51049,0.35257682,1.0,,N(C)(C)CCCN(C(=O)CC/C=C\C/C=C\C/C=C\C/C=C\C/C=C\C/C=C\CC)C(CCCC(=O)OCC(CCC)CCC)(CCCC(=O)OCC(CCC)CCC)C(=O)NC12C[CH]3C[CH](C[CH](C3)C1)C2,,50.1,24.6,16.8,8.5,DOTAP,a23,,4k:a23|i04|o47+o47|c23,4CR_Ketone,IR_4CR_ketone,Pure,Hand,mRNA,jwitten,HBEC_ALI,FFL,lung_epithelium,in_vitro,2.0,max,Individual,log luminescence,JW_IR_ML_4CR_ketone,,,,,,,o47+o47,i04,,T1-5,,,,,c23,,,,,,,FO-8-propyl,,,,,,IR_4CR_ketone_4CR_Ketone_lung_epithelium_in_vitro
0.15614891,0.23929912,0.2307692307692307,,N(C)(C)CCCN(C(=O)C)C(CCCC(=O)OCCCCCCCC/C=C\C/C=C\CCCCC)(CCCC(=O)OCCCCCCCC/C=C\C/C=C\CCCCC)C(=O)NCCCCCCCC/C=C\CCCCCCCC,,50.1,24.6,16.8,8.5,DOTAP,a23,,4k:a23|i03|o01+o01|c01,4CR_Ketone,IR_4CR_ketone,Pure,Hand,mRNA,jwitten,HBEC_ALI,FFL,lung_epithelium,in_vitro,2.0,max,Individual,log luminescence,JW_IR_ML_4CR_ketone,,,,,,,o01+o01,i03,,T1-5,,,,,c01,,,,,,,4CR15,,,,,,IR_4CR_ketone_4CR_Ketone_lung_epithelium_in_vitro
0.26943022,0.6407369,,0.2279078549848936,CCCCCCC(=O)Oc1cc(CNCCN2CCN(C)CC2)cc(OC(=O)CCCCCC)c1,,,,,,DOPE,,,9-a2-6,Xue_CAD_LNP,Xue_CAD_LNP,Pure,Microfluidic,mRNA,lxue,,FLL,,,1.0,max,,Cell_viability,Xue_CAD_LNP,Tox,,,,,,,,,Lxue,,,,,,,,,,,,,,,,,,Xue_CAD_LNP_Xue_CAD_LNP_nan_nan
0.23708594,0.56543475,,0.4380664652567964,CCCCCCCC(=O)Oc1cc(CNCCCN2CCN(C)CC2)cc(OC(=O)CCCCCCC)c1,,,,,,DOPE,,,10-a2-7,Xue_CAD_LNP,Xue_CAD_LNP,Pure,Microfluidic,mRNA,lxue,,FLL,,,1.0,max,,Cell_viability,Xue_CAD_LNP,Tox,,,,,,,,,Lxue,,,,,,,,,,,,,,,,,,Xue_CAD_LNP_Xue_CAD_LNP_nan_nan
0.6386593,0.48561674,0.9034596858969977,,N(C)(C)CCCN(C(=O)CCCCC(=O)OCC(CCCCCCCC)CCCCCC)C(CCCC(=O)OCCC#CCCCCCC)(CCCC(=O)OCCC#CCCCCCC)C(=O)NCCCC,,,,,,DOPE,a23,,4k:a23|i02|o03+o03|cl05&o40,4CR_Ketone,IR_4CR_ketone,Pure,Hand,mRNA,jwitten,Mouse,FFL,muscle,intramuscular,3.0,max,Individual,log luminescence,JW_IR_ML_4CR_ketone,,,,,,,o03+o03,i02,,Kauffman,,,,,cl05&o40,,,,,,,FO-43,,,,,,IR_4CR_ketone_4CR_Ketone_muscle_intramuscular
0.21686962,0.53953964,,0.966389728096676,CCCCCCC(=O)Oc1cc(CNCCN(CC)CC)cc(OC(=O)CCCCCC)c1,,,,,,DOPE,,,7-a2-6,Xue_CAD_LNP,Xue_CAD_LNP,Pure,Microfluidic,mRNA,lxue,,FLL,,,1.0,max,,Cell_viability,Xue_CAD_LNP,Tox,,,,,,,,,Lxue,,,,,,,,,,,,,,,,,,Xue_CAD_LNP_Xue_CAD_LNP_nan_nan
0.24935457,0.59019125,,0.7197885196374629,CCCCC(CC)C(=O)Oc1cc(CNCCCN2CCN(C)CC2)cc(OC(=O)C(CC)CCCC)c1,,,,,,DOPE,,,10-a2-7b2,Xue_CAD_LNP,Xue_CAD_LNP,Pure,Microfluidic,mRNA,lxue,,FLL,,,1.0,max,,Cell_viability,Xue_CAD_LNP,Tox,,,,,,,,,Lxue,,,,,,,,,,,,,,,,,,Xue_CAD_LNP_Xue_CAD_LNP_nan_nan
0.642151,0.49267364,0.7470597102838109,,O=C(CCCC(CCCC(OCCC#CCCCCCC)=O)(C(NCCCCCCCC/C=C\CCCCCCCC)=O)N(CCCN(C)C)C(CCCCC(OC(CCCCCCCC)CCCCCCCC)=O)=O)OCCC#CCCCCCC,,,,,,DOPE,a23,,4k:a23|i03|o03+o03|cl05&o04,4CR_Ketone,IR_4CR_ketone,Pure,Microfluidic,mRNA,jwitten,Mouse,FFL,muscle,intramuscular,3.0,max,Individual,log luminescence,JW_IR_ML_4CR_ketone,,,,,,,o03+o03,i03,,Kauffman,,,,,cl05&o04,,,,,,,FO-45,,,,,,IR_4CR_ketone_4CR_Ketone_muscle_intramuscular
0.2711874,0.33709103,0.372033805494176,,N(C)(C)CCCN(C(=O)C)C(CCCC(=O)OCCCCCCCC/C=C\CCCCCCCC)(CCCC(=O)OCCCCCCCC/C=C\CCCCCCCC)C(=O)NCCCCCCCC/C=C\CCCCCCCC,,,,,,DOPE,a23,,4k:a23|i03|o02+o02|c01,4CR_Ketone,IR_4CR_ketone,Pure,Hand,mRNA,jwitten,Mouse,FFL,muscle,intramuscular,3.0,max,Individual,log luminescence,JW_IR_ML_4CR_ketone,,,,,,,o02+o02,i03,,Kauffman,,,,,c01,,,,,,,4CR22,,,,,,IR_4CR_ketone_4CR_Ketone_muscle_intramuscular
0.20121369,0.46690434,,0.4148413897280981,CCCCC(CC)CCC(=O)Oc1cc(CNCCCN(C)C)cc(OC(=O)CCC(CC)CCCC)c1,,,,,,DOPE,,,6-a2-9b2,Xue_CAD_LNP,Xue_CAD_LNP,Pure,Microfluidic,mRNA,lxue,,FLL,,,1.0,max,,Cell_viability,Xue_CAD_LNP,Tox,,,,,,,,,Lxue,,,,,,,,,,,,,,,,,,Xue_CAD_LNP_Xue_CAD_LNP_nan_nan
0.25482786,0.60638344,,0.6459592145015093,CCCCC(CC)CCC(=O)Oc1cc(CNCCCN(C)CCCN)cc(OC(=O)CCC(CC)CCCC)c1,,,,,,DOPE,,,2-a2-9b2,Xue_CAD_LNP,Xue_CAD_LNP,Pure,Microfluidic,mRNA,lxue,,FLL,,,1.0,max,,Cell_viability,Xue_CAD_LNP,Tox,,,,,,,,,Lxue,,,,,,,,,,,,,,,,,,Xue_CAD_LNP_Xue_CAD_LNP_nan_nan
0.19114494,0.47385153,,0.3209969788519645,CCCCCC(C)C(=O)Oc1cc(CNCCCN(CC)CC)cc(OC(=O)C(C)CCCCC)c1,,,,,,DOPE,,,8-a2-7b,Xue_CAD_LNP,Xue_CAD_LNP,Pure,Microfluidic,mRNA,lxue,,FLL,,,1.0,max,,Cell_viability,Xue_CAD_LNP,Tox,,,,,,,,,Lxue,,,,,,,,,,,,,,,,,,Xue_CAD_LNP_Xue_CAD_LNP_nan_nan
0.24130368,0.59005594,,0.5122734138972799,CCCCCC(C)C(=O)Oc1cc(CNCCN(C)CCN)cc(OC(=O)C(C)CCCCC)c1,,,,,,DOPE,,,1-a2-7b,Xue_CAD_LNP,Xue_CAD_LNP,Pure,Microfluidic,mRNA,lxue,,FLL,,,1.0,max,,Cell_viability,Xue_CAD_LNP,Tox,,,,,,,,,Lxue,,,,,,,,,,,,,,,,,,Xue_CAD_LNP_Xue_CAD_LNP_nan_nan
0.252002,0.6200026,,0.7475453172205442,CCCCC(C)C(=O)Oc1cc(CNCCN(C)CCN)cc(OC(=O)C(C)CCCC)c1,,,,,,DOPE,,,1-a2-6b,Xue_CAD_LNP,Xue_CAD_LNP,Pure,Microfluidic,mRNA,lxue,,FLL,,,1.0,max,,Cell_viability,Xue_CAD_LNP,Tox,,,,,,,,,Lxue,,,,,,,,,,,,,,,,,,Xue_CAD_LNP_Xue_CAD_LNP_nan_nan
0.70694065,0.48959547,0.6950245212371674,,N(C)(C)CCCN(C(=O)CC/C=C\C/C=C\C/C=C\C/C=C\C/C=C\C/C=C\CC)C(CCCC(=O)OCC(CCC)CCC)(CCCC(=O)OCC(CCC)CCC)C(=O)NC12C[CH]3C[CH](C[CH](C3)C1)C2,,,,,,DOPE,a23,,4k:a23|i04|o47+o47|c23,4CR_Ketone,IR_4CR_ketone,Pure,Hand,mRNA,jwitten,Mouse,FFL,muscle,intramuscular,3.0,max,Individual,log luminescence,JW_IR_ML_4CR_ketone,,,,,,,o47+o47,i04,,Kauffman,,,,,c23,,,,,,,FO-8-propyl,,,,,,IR_4CR_ketone_4CR_Ketone_muscle_intramuscular
0.58409804,0.45320702,0.7489948529126471,,O=C(CCCCC(OCC(CCCCCCCCCC)CCCCCCCCCCCC)=O)N(C(CCCC(OCCC#CCCCCCC)=O)(C(NC1(C2)C[C@H](C[C@H]2C3)C[C@H]3C1)=O)CCCC(OCCC#CCCCCCC)=O)CCCN(C)C,,,,,,DOPE,a23,,4k:a23|i04|o03+o03|cl26&o42,4CR_Ketone,IR_4CR_ketone,Pure,Microfluidic,mRNA,jwitten,Mouse,FFL,muscle,intramuscular,3.0,max,Individual,log luminescence,JW_IR_ML_4CR_ketone,,,,,,,o03+o03,i04,,Kauffman,,,,,cl26&o42,,,,,,,EB-63,,,,,,IR_4CR_ketone_4CR_Ketone_muscle_intramuscular
0.657905,0.50290793,0.3049765704840144,,N(C)(C)CCCN(C(=O)CCCCC(=O)OC(CCCCCCCC)CCCCCCCC)C(CCCC(=O)OCCC#CC)(CCCC(=O)OCCC#CC)C(=O)NCCCC,,,,,,DOPE,a23,,4k:a23|i02|o60+o60|cl05&o04,4CR_Ketone,IR_4CR_ketone,Pure,Hand,mRNA,jwitten,Mouse,FFL,muscle,intramuscular,3.0,max,Individual,log luminescence,JW_IR_ML_4CR_ketone,,,,,,,o60+o60,i02,,Kauffman,,,,,cl05&o04,,,,,,,FO-42,,,,,,IR_4CR_ketone_4CR_Ketone_muscle_intramuscular
0.2638636,0.62822247,,0.742447129909365,CCCCC(C)CCC(=O)Oc1cc(CNCCCN(C)CCCN)cc(OC(=O)CCC(C)CCC)c1,,,,,,DOPE,,,2-a2-8b,Xue_CAD_LNP,Xue_CAD_LNP,Pure,Microfluidic,mRNA,lxue,,FLL,,,1.0,max,,Cell_viability,Xue_CAD_LNP,Tox,,,,,,,,,Lxue,,,,,,,,,,,,,,,,,,Xue_CAD_LNP_Xue_CAD_LNP_nan_nan
0.18837774,0.4635926,,0.4911253776435041,CCCCC(CC)CCC(=O)Oc1cc(CNCCN2CCN(CCN)CC2)cc(OC(=O)CCC(CC)CCCC)c1,,,,,,DOPE,,,3-a2-9b2,Xue_CAD_LNP,Xue_CAD_LNP,Pure,Microfluidic,mRNA,lxue,,FLL,,,1.0,max,,Cell_viability,Xue_CAD_LNP,Tox,,,,,,,,,Lxue,,,,,,,,,,,,,,,,,,Xue_CAD_LNP_Xue_CAD_LNP_nan_nan
0.27486068,0.6620273,,0.6306646525679748,CCCCC(CC)C(=O)Oc1cc(CNCCN(C)CCN)cc(OC(=O)C(CC)CCCC)c1,,,,,,DOPE,,,1-a2-7b2,Xue_CAD_LNP,Xue_CAD_LNP,Pure,Microfluidic,mRNA,lxue,,FLL,,,1.0,max,,Cell_viability,Xue_CAD_LNP,Tox,,,,,,,,,Lxue,,,,,,,,,,,,,,,,,,Xue_CAD_LNP_Xue_CAD_LNP_nan_nan
0.2430163,0.5820791,,0.5594788519637456,CCCCC(CC)CCC(=O)Oc1cc(CNCCN2CCN(C)CC2)cc(OC(=O)CCC(CC)CCCC)c1,,,,,,DOPE,,,9-a2-9b2,Xue_CAD_LNP,Xue_CAD_LNP,Pure,Microfluidic,mRNA,lxue,,FLL,,,1.0,max,,Cell_viability,Xue_CAD_LNP,Tox,,,,,,,,,Lxue,,,,,,,,,,,,,,,,,,Xue_CAD_LNP_Xue_CAD_LNP_nan_nan
0.25292307,0.5986232,,0.952039274924469,CCCCCCCCCC(=O)Oc1cc(CNCCN2CCN(C)CC2)cc(OC(=O)CCCCCCCCC)c1,,,,,,DOPE,,,9-a2-9,Xue_CAD_LNP,Xue_CAD_LNP,Pure,Microfluidic,mRNA,lxue,,FLL,,,1.0,max,,Cell_viability,Xue_CAD_LNP,Tox,,,,,,,,,Lxue,,,,,,,,,,,,,,,,,,Xue_CAD_LNP_Xue_CAD_LNP_nan_nan
0.42992812,0.34343883,0.3846153846153846,,CCN(CC)CCCCN(C(=O)CC/C=C\C/C=C\C/C=C\C/C=C\C/C=C\C/C=C\CC)C(CCCC(=O)OCC(CCC)CCC)(CCCC(=O)OCC(CCC)CCC)C(=O)NCCCC,,50.1,24.6,16.8,8.5,DOTAP,a64,,4k:a64|i02|o47+o47|c23,4CR_Ketone,IR_4CR_ketone,Pure,Hand,mRNA,jwitten,HBEC_ALI,FFL,lung_epithelium,in_vitro,2.0,max,Individual,log luminescence,JW_IR_ML_4CR_ketone,,,,,,,o47+o47,i02,,T1-5,,,,,c23,,,,,,,FO-10,,,,,,IR_4CR_ketone_4CR_Ketone_lung_epithelium_in_vitro
0.55572057,0.39055675,0.5384615384615384,,N(C)(C)CCCN(C(=O)CC/C=C\C/C=C\C/C=C\C/C=C\C/C=C\C/C=C\CC)C(CCCC(=O)OCCC#CCCCCCC)(CCCC(=O)OCCC#CCCCCCC)C(=O)NCCCC,,50.1,24.6,16.8,8.5,DOTAP,a23,,4k:a23|i02|o03+o03|c23,4CR_Ketone,IR_4CR_ketone,Pure,Hand,mRNA,jwitten,HBEC_ALI,FFL,lung_epithelium,in_vitro,2.0,max,Individual,log luminescence,JW_IR_ML_4CR_ketone,,,,,,,o03+o03,i02,,T1-5,,,,,c23,,,,,,,ML3-Me-DHA-n-butyl,,,,,,IR_4CR_ketone_4CR_Ketone_lung_epithelium_in_vitro
0.20362926,0.4973063,,0.4550604229607253,CCCCCC(C)CCC(=O)Oc1cc(CNCCCN(CC)CC)cc(OC(=O)CCC(C)CCCCC)c1,,,,,,DOPE,,,8-a2-9b,Xue_CAD_LNP,Xue_CAD_LNP,Pure,Microfluidic,mRNA,lxue,,FLL,,,1.0,max,,Cell_viability,Xue_CAD_LNP,Tox,,,,,,,,,Lxue,,,,,,,,,,,,,,,,,,Xue_CAD_LNP_Xue_CAD_LNP_nan_nan
0.21452335,0.53154474,,0.6210347432024158,CCCCCCCC(=O)Oc1cc(CNCCN(CC)CC)cc(OC(=O)CCCCCCC)c1,,,,,,DOPE,,,7-a2-7,Xue_CAD_LNP,Xue_CAD_LNP,Pure,Microfluidic,mRNA,lxue,,FLL,,,1.0,max,,Cell_viability,Xue_CAD_LNP,Tox,,,,,,,,,Lxue,,,,,,,,,,,,,,,,,,Xue_CAD_LNP_Xue_CAD_LNP_nan_nan
0.24955314,0.60322404,,0.7649169184290021,CCCCCC(C)CCC(=O)Oc1cc(CNCCN(C)CCN)cc(OC(=O)CCC(C)CCCCC)c1,,,,,,DOPE,,,1-a2-9b,Xue_CAD_LNP,Xue_CAD_LNP,Pure,Microfluidic,mRNA,lxue,,FLL,,,1.0,max,,Cell_viability,Xue_CAD_LNP,Tox,,,,,,,,,Lxue,,,,,,,,,,,,,,,,,,Xue_CAD_LNP_Xue_CAD_LNP_nan_nan
0.20103309,0.48884672,,0.4745090634441082,CCCCCCCCC(=O)Oc1cc(CNCCN2CCN(CCN)CC2)cc(OC(=O)CCCCCCCC)c1,,,,,,DOPE,,,3-a2-8,Xue_CAD_LNP,Xue_CAD_LNP,Pure,Microfluidic,mRNA,lxue,,FLL,,,1.0,max,,Cell_viability,Xue_CAD_LNP,Tox,,,,,,,,,Lxue,,,,,,,,,,,,,,,,,,Xue_CAD_LNP_Xue_CAD_LNP_nan_nan
0.21990263,0.5034546,,0.7296072507552869,CCCCCCCC(=O)Oc1cc(CNCCCN(C)C)cc(OC(=O)CCCCCCC)c1,,,,,,DOPE,,,6-a2-7,Xue_CAD_LNP,Xue_CAD_LNP,Pure,Microfluidic,mRNA,lxue,,FLL,,,1.0,max,,Cell_viability,Xue_CAD_LNP,Tox,,,,,,,,,Lxue,,,,,,,,,,,,,,,,,,Xue_CAD_LNP_Xue_CAD_LNP_nan_nan
0.21873903,0.526352,,0.4182401812688813,CCCCC(CC)CCC(=O)Oc1cc(CNCCCN2CCN(C)CC2)cc(OC(=O)CCC(CC)CCCC)c1,,,,,,DOPE,,,10-a2-9b2,Xue_CAD_LNP,Xue_CAD_LNP,Pure,Microfluidic,mRNA,lxue,,FLL,,,1.0,max,,Cell_viability,Xue_CAD_LNP,Tox,,,,,,,,,Lxue,,,,,,,,,,,,,,,,,,Xue_CAD_LNP_Xue_CAD_LNP_nan_nan
0.20517445,0.49950844,,0.4858383685800608,CCCCCCCCCC(=O)Oc1cc(CNCCCN(CC)CC)cc(OC(=O)CCCCCCCCC)c1,,,,,,DOPE,,,8-a2-9,Xue_CAD_LNP,Xue_CAD_LNP,Pure,Microfluidic,mRNA,lxue,,FLL,,,1.0,max,,Cell_viability,Xue_CAD_LNP,Tox,,,,,,,,,Lxue,,,,,,,,,,,,,,,,,,Xue_CAD_LNP_Xue_CAD_LNP_nan_nan
0.59147793,0.46192345,0.3578023325999043,,N(CC)(CC)CCCN(C(=O)CC/C=C\C/C=C\C/C=C\C/C=C\C/C=C\C/C=C\CC)C(CCCC(=O)OCCCCC#CCCCC)(CCCC(=O)OCCCCC#CCCCC)C(=O)NC12C[CH]3C[CH](C[CH](C3)C1)C2,,,,,,DOPE,a21,,4k:a21|i04|o55+o55|c23,4CR_Ketone,IR_4CR_ketone,Pure,Hand,mRNA,jwitten,Mouse,FFL,muscle,intramuscular,3.0,max,Individual,log luminescence,JW_IR_ML_4CR_ketone,,,,,,,o55+o55,i04,,Kauffman,,,,,c23,,,,,,,FO-2-DHA,,,,,,IR_4CR_ketone_4CR_Ketone_muscle_intramuscular
0.19187209,0.4734186,,0.4427870090634435,CCCCC(C)CCC(=O)Oc1cc(CNCCN2CCN(CCN)CC2)cc(OC(=O)CCC(C)CCC)c1,,,,,,DOPE,,,3-a2-8b,Xue_CAD_LNP,Xue_CAD_LNP,Pure,Microfluidic,mRNA,lxue,,FLL,,,1.0,max,,Cell_viability,Xue_CAD_LNP,Tox,,,,,,,,,Lxue,,,,,,,,,,,,,,,,,,Xue_CAD_LNP_Xue_CAD_LNP_nan_nan
0.21219096,0.522675,,0.4027567975830811,CCCCCCCCC(=O)Oc1cc(CNCCN(CC)CC)cc(OC(=O)CCCCCCCC)c1,,,,,,DOPE,,,7-a2-8,Xue_CAD_LNP,Xue_CAD_LNP,Pure,Microfluidic,mRNA,lxue,,FLL,,,1.0,max,,Cell_viability,Xue_CAD_LNP,Tox,,,,,,,,,Lxue,,,,,,,,,,,,,,,,,,Xue_CAD_LNP_Xue_CAD_LNP_nan_nan
0.22702634,0.54412234,,0.6276435045317221,CCCCCCCCC(=O)Oc1cc(CNCCCN)cc(OC(=O)CCCCCCCC)c1,,,,,,DOPE,,,11-a2-8,Xue_CAD_LNP,Xue_CAD_LNP,Pure,Microfluidic,mRNA,lxue,,FLL,,,1.0,max,,Cell_viability,Xue_CAD_LNP,Tox,,,,,,,,,Lxue,,,,,,,,,,,,,,,,,,Xue_CAD_LNP_Xue_CAD_LNP_nan_nan
0.21633142,0.5202221,,0.4284365558912382,CCCCCC(C)CCC(=O)Oc1cc(CNCCCN2CCN(CCCN)CC2)cc(OC(=O)CCC(C)CCCCC)c1,,,,,,DOPE,,,4-a2-9b,Xue_CAD_LNP,Xue_CAD_LNP,Pure,Microfluidic,mRNA,lxue,,FLL,,,1.0,max,,Cell_viability,Xue_CAD_LNP,Tox,,,,,,,,,Lxue,,,,,,,,,,,,,,,,,,Xue_CAD_LNP_Xue_CAD_LNP_nan_nan
0.20678443,0.47847873,,0.6518126888217505,CCCCC(C)CCC(=O)Oc1cc(CNCCCN(C)C)cc(OC(=O)CCC(C)CCC)c1,,,,,,DOPE,,,6-a2-8b,Xue_CAD_LNP,Xue_CAD_LNP,Pure,Microfluidic,mRNA,lxue,,FLL,,,1.0,max,,Cell_viability,Xue_CAD_LNP,Tox,,,,,,,,,Lxue,,,,,,,,,,,,,,,,,,Xue_CAD_LNP_Xue_CAD_LNP_nan_nan
0.2540779,0.61087143,,0.1115936555891245,CCCCC(C)C(=O)Oc1cc(CNCCN2CCN(C)CC2)cc(OC(=O)C(C)CCCC)c1,,,,,,DOPE,,,9-a2-6b,Xue_CAD_LNP,Xue_CAD_LNP,Pure,Microfluidic,mRNA,lxue,,FLL,,,1.0,max,,Cell_viability,Xue_CAD_LNP,Tox,,,,,,,,,Lxue,,,,,,,,,,,,,,,,,,Xue_CAD_LNP_Xue_CAD_LNP_nan_nan
0.29209688,0.35787776,0.0737346193949983,,N(C)(C)CCCN(C(=O)C)C(CCCC(=O)OCCC#CCCCCCC)(CCCC(=O)OCCC#CCCCCCC)C(=O)NC(C)(C)C,,,,,,DOPE,a23,,4k:a23|i01|o03+o03|c01,4CR_Ketone,IR_4CR_ketone,Pure,Hand,mRNA,jwitten,Mouse,FFL,muscle,intramuscular,3.0,max,Individual,log luminescence,JW_IR_ML_4CR_ketone,,,,,,,o03+o03,i01,,Kauffman,,,,,c01,,,,,,,4CR26,,,,,,IR_4CR_ketone_4CR_Ketone_muscle_intramuscular
0.54055405,0.36221367,0.7692307692307692,,N(C)(C)CCCN(C(=O)CCCCCCC/C=C\CCCCCCCC)C(CCCC(=O)OCCC#CCCCCCC)(CCCC(=O)OCCC#CCCCCCC)C(=O)NC(C)(C)C,,50.1,24.6,16.8,8.5,DOTAP,a23,,4k:a23|i01|o03+o03|c20,4CR_Ketone,IR_4CR_ketone,Pure,Hand,mRNA,jwitten,HBEC_ALI,FFL,lung_epithelium,in_vitro,2.0,max,Individual,log luminescence,JW_IR_ML_4CR_ketone,,,,,,,o03+o03,i01,,T1-5,,,,,c20,,,,,,,4CR2,,,,,,IR_4CR_ketone_4CR_Ketone_lung_epithelium_in_vitro
0.54752517,0.43438914,0.6204298747414759,,N(C)(C)CCCN(C(=O)CCCCCCC/C=C\CCCCCCCC)C(CCCC(=O)OCCCCCCCC/C=C\CCCCCCCC)(CCCC(=O)OCCCCCCCC/C=C\CCCCCCCC)C(=O)NC(C)(C)C,,,,,,DOPE,a23,,4k:a23|i01|o02+o02|c20,4CR_Ketone,IR_4CR_ketone,Pure,Hand,mRNA,jwitten,Mouse,FFL,muscle,intramuscular,3.0,max,Individual,log luminescence,JW_IR_ML_4CR_ketone,,,,,,,o02+o02,i01,,Kauffman,,,,,c20,,,,,,,4CR5,,,,,,IR_4CR_ketone_4CR_Ketone_muscle_intramuscular
0.2495175,0.6237281,,0.5883685800604234,CCCCCC(C)C(=O)Oc1cc(CNCCN(CCN)CCN)cc(OC(=O)C(C)CCCCC)c1,,,,,,DOPE,,,12-a2-7b,Xue_CAD_LNP,Xue_CAD_LNP,Pure,Microfluidic,mRNA,lxue,,FLL,,,1.0,max,,Cell_viability,Xue_CAD_LNP,Tox,,,,,,,,,Lxue,,,,,,,,,,,,,,,,,,Xue_CAD_LNP_Xue_CAD_LNP_nan_nan
0.59657043,0.47748694,0.8098074442743625,,CCN(CC)CCCCN(C(=O)CC/C=C\C/C=C\C/C=C\C/C=C\C/C=C\C/C=C\CC)C(CCCC(=O)OCC(CCC)CCC)(CCCC(=O)OCC(CCC)CCC)C(=O)NCCCC,,,,,,DOPE,a64,,4k:a64|i02|o47+o47|c23,4CR_Ketone,IR_4CR_ketone,Pure,Hand,mRNA,jwitten,Mouse,FFL,muscle,intramuscular,3.0,max,Individual,log luminescence,JW_IR_ML_4CR_ketone,,,,,,,o47+o47,i02,,Kauffman,,,,,c23,,,,,,,FO-10,,,,,,IR_4CR_ketone_4CR_Ketone_muscle_intramuscular
0.2574975,0.6111408,,0.6484138972809649,CCCCCC(C)C(=O)Oc1cc(CNCCCN(C)CCCN)cc(OC(=O)C(C)CCCCC)c1,,,,,,DOPE,,,2-a2-7b,Xue_CAD_LNP,Xue_CAD_LNP,Pure,Microfluidic,mRNA,lxue,,FLL,,,1.0,max,,Cell_viability,Xue_CAD_LNP,Tox,,,,,,,,,Lxue,,,,,,,,,,,,,,,,,,Xue_CAD_LNP_Xue_CAD_LNP_nan_nan
0.20252377,0.4949308,,0.7262084592145013,CCCCCCCC(=O)Oc1cc(CNCCN2CCN(CCN)CC2)cc(OC(=O)CCCCCCC)c1,,,,,,DOPE,,,3-a2-7,Xue_CAD_LNP,Xue_CAD_LNP,Pure,Microfluidic,mRNA,lxue,,FLL,,,1.0,max,,Cell_viability,Xue_CAD_LNP,Tox,,,,,,,,,Lxue,,,,,,,,,,,,,,,,,,Xue_CAD_LNP_Xue_CAD_LNP_nan_nan
0.2133925,0.5264036,,0.7188444108761329,CCCCCCC(=O)Oc1cc(CNCCCN(CC)CC)cc(OC(=O)CCCCCC)c1,,,,,,DOPE,,,8-a2-6,Xue_CAD_LNP,Xue_CAD_LNP,Pure,Microfluidic,mRNA,lxue,,FLL,,,1.0,max,,Cell_viability,Xue_CAD_LNP,Tox,,,,,,,,,Lxue,,,,,,,,,,,,,,,,,,Xue_CAD_LNP_Xue_CAD_LNP_nan_nan
0.29220042,0.3478263,0.4251293642726108,,N(C)(C)CCCN(C(=O)C)C(CCCC(=O)OCCCCCCCC/C=C\C/C=C\CCCCC)(CCCC(=O)OCCCCCCCC/C=C\C/C=C\CCCCC)C(=O)NCCCCCCCC/C=C\CCCCCCCC,,,,,,DOPE,a23,,4k:a23|i03|o01+o01|c01,4CR_Ketone,IR_4CR_ketone,Pure,Hand,mRNA,jwitten,Mouse,FFL,muscle,intramuscular,3.0,max,Individual,log luminescence,JW_IR_ML_4CR_ketone,,,,,,,o01+o01,i03,,Kauffman,,,,,c01,,,,,,,4CR15,,,,,,IR_4CR_ketone_4CR_Ketone_muscle_intramuscular
0.20665973,0.5022401,,0.473564954682779,CCCCCC(C)C(=O)Oc1cc(CNCCCN2CCN(CCCN)CC2)cc(OC(=O)C(C)CCCCC)c1,,,,,,DOPE,,,4-a2-7b,Xue_CAD_LNP,Xue_CAD_LNP,Pure,Microfluidic,mRNA,lxue,,FLL,,,1.0,max,,Cell_viability,Xue_CAD_LNP,Tox,,,,,,,,,Lxue,,,,,,,,,,,,,,,,,,Xue_CAD_LNP_Xue_CAD_LNP_nan_nan
0.7018915,0.49178725,0.8289795860538032,,N(C)(C)CCCN(C(=O)CCCC\C=C/C\C=C/C\C=C/CCCCC)C(CCCC(=O)OCCC#CCCCCCC)(CCCC(=O)OCCC#CCCCCCC)C(=O)NC12C[CH]3C[CH](C[CH](C3)C1)C2,,,,,,DOPE,a23,,4k:a23|i04|o03+o03|c61,4CR_Ketone,IR_4CR_ketone,Pure,Hand,mRNA,jwitten,Mouse,FFL,muscle,intramuscular,3.0,max,Individual,log luminescence,JW_IR_ML_4CR_ketone,,,,,,,o03+o03,i04,,Kauffman,,,,,c61,,,,,,,ML3-Me-GLA,,,,,,IR_4CR_ketone_4CR_Ketone_muscle_intramuscular
0.6037495,0.46021795,0.5151885092504923,,CNCCCN(C(=O)CCCCCCCC/C=C\C/C=C\C/C=C\CC)C(CCCC(=O)OCCC#CCCCCCC)(CCCC(=O)OCCC#CCCCCCC)C(=O)NC12C[CH]3C[CH](C[CH](C3)C1)C2,,,,,,DOPE,a26,,4k:a26|i04|o03+o03|c22,4CR_Ketone,IR_4CR_ketone,Pure,Hand,mRNA,jwitten,Mouse,FFL,muscle,intramuscular,3.0,max,Individual,log luminescence,JW_IR_ML_4CR_ketone,,,,,,,o03+o03,i04,,Kauffman,,,,,c22,,,,,,,ML3,,,,,,IR_4CR_ketone_4CR_Ketone_muscle_intramuscular
0.54619145,0.36842734,0.6923076923076922,,N(C)(C)CCCN(C(=O)CCCCCCC/C=C\C/C=C\CCCCC)C(CCCC(=O)OCCC#CCCCCCC)(CCCC(=O)OCCC#CCCCCCC)C(=O)NCCCC,,50.1,24.6,16.8,8.5,DOTAP,a23,,4k:a23|i02|o03+o03|c21,4CR_Ketone,IR_4CR_ketone,Pure,Hand,mRNA,jwitten,HBEC_ALI,FFL,lung_epithelium,in_vitro,2.0,max,Individual,log luminescence,JW_IR_ML_4CR_ketone,,,,,,,o03+o03,i02,,T1-5,,,,,c21,,,,,,,4CR2-4,,,,,,IR_4CR_ketone_4CR_Ketone_lung_epithelium_in_vitro
0.7265767,0.52607507,0.815226783906433,,N(C)(C)CCCN(C(=O)CCCCC(=O)OC(CCCCCCCC)CCCCCCCC)C(CCCC(=O)OCCC#CCCC)(CCCC(=O)OCCC#CCCC)C(=O)NCCCC,,,,,,DOPE,a23,,4k:a23|i02|o58+o58|cl05&o04,4CR_Ketone,IR_4CR_ketone,Pure,Hand,mRNA,jwitten,Mouse,FFL,muscle,intramuscular,3.0,max,Individual,log luminescence,JW_IR_ML_4CR_ketone,,,,,,,o58+o58,i02,,Kauffman,,,,,cl05&o04,,,,,,,FO-40,,,,,,IR_4CR_ketone_4CR_Ketone_muscle_intramuscular
0.7263973,0.53296655,0.7671398033045038,,O=C(CCCC(CCCC(OCCC#CCCCCCC)=O)(C(NCCCC)=O)N(CCCN(C)C)C(CCCC(OC(CCCCCCCC)CCCCCCCC)=O)=O)OCCC#CCCCCCC,,,,,,DOPE,a23,,4k:a23|i02|o03+o03|cl04&o04,4CR_Ketone,IR_4CR_ketone,Pure,Microfluidic,mRNA,jwitten,Mouse,FFL,muscle,intramuscular,3.0,max,Individual,log luminescence,JW_IR_ML_4CR_ketone,,,,,,,o03+o03,i02,,4CR_Ket_Optimized,,,,,cl04&o04,,,,,,,EB-75,,,,,,IR_4CR_ketone_4CR_Ketone_muscle_intramuscular
0.22711977,0.54020876,,0.4626132930513602,CCCCCC(C)CCC(=O)Oc1cc(CNCCCN2CCN(C)CC2)cc(OC(=O)CCC(C)CCCCC)c1,,,,,,DOPE,,,10-a2-9b,Xue_CAD_LNP,Xue_CAD_LNP,Pure,Microfluidic,mRNA,lxue,,FLL,,,1.0,max,,Cell_viability,Xue_CAD_LNP,Tox,,,,,,,,,Lxue,,,,,,,,,,,,,,,,,,Xue_CAD_LNP_Xue_CAD_LNP_nan_nan
0.19848529,0.49633652,,0.7029833836858005,CCCCC(C)C(=O)Oc1cc(CNCCCN(CC)CC)cc(OC(=O)C(C)CCCC)c1,,,,,,DOPE,,,8-a2-6b,Xue_CAD_LNP,Xue_CAD_LNP,Pure,Microfluidic,mRNA,lxue,,FLL,,,1.0,max,,Cell_viability,Xue_CAD_LNP,Tox,,,,,,,,,Lxue,,,,,,,,,,,,,,,,,,Xue_CAD_LNP_Xue_CAD_LNP_nan_nan
0.18990201,0.47164962,,0.423716012084592,CCCCC(C)C(=O)Oc1cc(CNCCN2CCN(CCN)CC2)cc(OC(=O)C(C)CCCC)c1,,,,,,DOPE,,,3-a2-6b,Xue_CAD_LNP,Xue_CAD_LNP,Pure,Microfluidic,mRNA,lxue,,FLL,,,1.0,max,,Cell_viability,Xue_CAD_LNP,Tox,,,,,,,,,Lxue,,,,,,,,,,,,,,,,,,Xue_CAD_LNP_Xue_CAD_LNP_nan_nan
0.5898392,0.4579011,0.7749835992329644,,CCN(CC)CCCCN(C(=O)CC/C=C\C/C=C\C/C=C\C/C=C\C/C=C\C/C=C\CC)C(CCCC(=O)OCC(CCC)CCC)(CCCC(=O)OCC(CCC)CCC)C(=O)NC12C[CH]3C[CH](C[CH](C3)C1)C2,,,,,,DOPE,a64,,4k:a64|i04|o47+o47|c23,4CR_Ketone,IR_4CR_ketone,Pure,Hand,mRNA,jwitten,Mouse,FFL,muscle,intramuscular,3.0,max,Individual,log luminescence,JW_IR_ML_4CR_ketone,,,,,,,o47+o47,i04,,Kauffman,,,,,c23,,,,,,,FO-8,,,,,,IR_4CR_ketone_4CR_Ketone_muscle_intramuscular
0.22449055,0.5417535,,0.5808157099697878,CCCCCCCC(=O)Oc1cc(CNCCCN2CCN(CCCN)CC2)cc(OC(=O)CCCCCCC)c1,,,,,,DOPE,,,4-a2-7,Xue_CAD_LNP,Xue_CAD_LNP,Pure,Microfluidic,mRNA,lxue,,FLL,,,1.0,max,,Cell_viability,Xue_CAD_LNP,Tox,,,,,,,,,Lxue,,,,,,,,,,,,,,,,,,Xue_CAD_LNP_Xue_CAD_LNP_nan_nan
0.47236592,0.3459358,0.2307692307692307,,N(C)(C)CCCN(C(=O)CCCCCCCC/C=C\C/C=C\C/C=C\CC)C(CCCC(=O)OCCC#CCCCCCC)(CCCC(=O)OCCC#CCCCCCC)C(=O)NC12C[CH]3C[CH](C[CH](C3)C1)C2,,50.1,24.6,16.8,8.5,DOTAP,a23,,4k:a23|i04|o03+o03|c22,4CR_Ketone,IR_4CR_ketone,Pure,Hand,mRNA,jwitten,HBEC_ALI,FFL,lung_epithelium,in_vitro,2.0,max,Individual,log luminescence,JW_IR_ML_4CR_ketone,,,,,,,o03+o03,i04,,T1-5,,,,,c22,,,,,,,ML3Me,,,,,,IR_4CR_ketone_4CR_Ketone_lung_epithelium_in_vitro
0.4095019,0.38394672,0.1782863594337456,,CCN(CC)CCCCN(C(=O)CCC/C=C\CCCCCC)C(CCCC(=O)OCC1=CC[C@@H](C(=C)C)CC1)(CCCC(=O)OCC2=CC[C@@H](C(=C)C)CC2)C(=O)NCCCC,,,,,,DOPE,a64,,4k:a64|i02|o31+o31|c62,4CR_Ketone,IR_4CR_ketone,Pure,Hand,mRNA,jwitten,Mouse,FFL,muscle,intramuscular,3.0,max,Individual,log luminescence,JW_IR_ML_4CR_ketone,,,,,,,o31+o31,i02,,Kauffman,,,,,c62,,,,,,,FO-33,,,,,,IR_4CR_ketone_4CR_Ketone_muscle_intramuscular
0.23589164,0.5647134,,0.7428247734138972,CCCCC(CC)C(=O)Oc1cc(CNCCCN2CCN(CCCN)CC2)cc(OC(=O)C(CC)CCCC)c1,,,,,,DOPE,,,4-a2-7b2,Xue_CAD_LNP,Xue_CAD_LNP,Pure,Microfluidic,mRNA,lxue,,FLL,,,1.0,max,,Cell_viability,Xue_CAD_LNP,Tox,,,,,,,,,Lxue,,,,,,,,,,,,,,,,,,Xue_CAD_LNP_Xue_CAD_LNP_nan_nan
0.22868443,0.54228514,,0.2541540785498485,CCCCCCCCCC(=O)Oc1cc(CNCCCN2CCN(C)CC2)cc(OC(=O)CCCCCCCCC)c1,,,,,,DOPE,,,10-a2-9,Xue_CAD_LNP,Xue_CAD_LNP,Pure,Microfluidic,mRNA,lxue,,FLL,,,1.0,max,,Cell_viability,Xue_CAD_LNP,Tox,,,,,,,,,Lxue,,,,,,,,,,,,,,,,,,Xue_CAD_LNP_Xue_CAD_LNP_nan_nan
0.5537286,0.44265288,0.5549848137349774,,N(C)(C)CCCN(C(=O)CCCCCCC/C=C\C/C=C\CCCCC)C(CCCC(=O)OCCCCCCCC/C=C\C/C=C\CCCCC)(CCCC(=O)OCCCCCCCC/C=C\C/C=C\CCCCC)C(=O)NCCCCCCCC/C=C\CCCCCCCC,,,,,,DOPE,a23,,4k:a23|i03|o01+o01|c21,4CR_Ketone,IR_4CR_ketone,Pure,Hand,mRNA,jwitten,Mouse,FFL,muscle,intramuscular,3.0,max,Individual,log luminescence,JW_IR_ML_4CR_ketone,,,,,,,o01+o01,i03,,Kauffman,,,,,c21,,,,,,,4CR19,,,,,,IR_4CR_ketone_4CR_Ketone_muscle_intramuscular
0.2756601,0.6515238,,1.0,CCCCC(CC)C(=O)Oc1cc(CNCCN2CCN(C)CC2)cc(OC(=O)C(CC)CCCC)c1,,,,,,DOPE,,,9-a2-7b2,Xue_CAD_LNP,Xue_CAD_LNP,Pure,Microfluidic,mRNA,lxue,,FLL,,,1.0,max,,Cell_viability,Xue_CAD_LNP,Tox,,,,,,,,,Lxue,,,,,,,,,,,,,,,,,,Xue_CAD_LNP_Xue_CAD_LNP_nan_nan
0.3463229,0.30277538,0.3846153846153846,,CCN(CC)CCCCN(C(=O)CC/C=C\C/C=C\C/C=C\C/C=C\C/C=C\C/C=C\CC)C(CCCC(=O)OCC1=CC[C@@H](C(=C)C)CC1)(CCCC(=O)OCC2=CC[C@@H](C(=C)C)CC2)C(=O)NCCCC,,50.1,24.6,16.8,8.5,DOTAP,a64,,4k:a64|i02|o31+o31|c23,4CR_Ketone,IR_4CR_ketone,Pure,Hand,mRNA,jwitten,HBEC_ALI,FFL,lung_epithelium,in_vitro,2.0,max,Individual,log luminescence,JW_IR_ML_4CR_ketone,,,,,,,o31+o31,i02,,T1-5,,,,,c23,,,,,,,FO-16,,,,,,IR_4CR_ketone_4CR_Ketone_lung_epithelium_in_vitro
0.60619783,0.48909158,0.4296881421327834,,CCN(CC)CCCCN(C(=O)CC/C=C\C/C=C\C/C=C\C/C=C\C/C=C\C/C=C\CC)C(CCCC(=O)OCCC#CCCCCCC)(CCCC(=O)OCCC#CCCCCCC)C(=O)NCCCCCCCC/C=C\CCCCCCCC,,,,,,DOPE,a64,,4k:a64|i03|o03+o03|c23,4CR_Ketone,IR_4CR_ketone,Pure,Hand,mRNA,jwitten,Mouse,FFL,muscle,intramuscular,3.0,max,Individual,log luminescence,JW_IR_ML_4CR_ketone,,,,,,,o03+o03,i03,,Kauffman,,,,,c23,,,,,,,FO-7,,,,,,IR_4CR_ketone_4CR_Ketone_muscle_intramuscular
0.28020352,0.31237262,0.5384615384615384,,N(C)(C)CCCN(C(=O)CCCCC(=O)OC(CCCCCCCC)CCCCCCCC)C(CCCC(=O)OCCCCCCCC/C=C\C/C=C\CCCCC)(CCCC(=O)OCCCCCCCC/C=C\C/C=C\CCCCC)C(=O)NC(C)(C)C,,50.1,24.6,16.8,8.5,DOTAP,a23,,4k:a23|i01|o01+o01|cl05&o04,4CR_Ketone,IR_4CR_ketone,Pure,Hand,mRNA,jwitten,HBEC_ALI,FFL,lung_epithelium,in_vitro,2.0,max,Individual,log luminescence,JW_IR_ML_4CR_ketone,,,,,,,o01+o01,i01,,T1-5,,,,,cl05&o04,,,,,,,4CR13,,,,,,IR_4CR_ketone_4CR_Ketone_lung_epithelium_in_vitro
0.25653046,0.64101464,,0.4586480362537758,CCCCC(C)CCC(=O)Oc1cc(CNCCN(CCN)CCN)cc(OC(=O)CCC(C)CCC)c1,,,,,,DOPE,,,12-a2-8b,Xue_CAD_LNP,Xue_CAD_LNP,Pure,Microfluidic,mRNA,lxue,,FLL,,,1.0,max,,Cell_viability,Xue_CAD_LNP,Tox,,,,,,,,,Lxue,,,,,,,,,,,,,,,,,,Xue_CAD_LNP_Xue_CAD_LNP_nan_nan
0.27775574,0.6554214,,0.6407148168428997,CCCCCCCC(=O)Oc1cc(CNCCCN(C)CCCN)cc(OC(=O)CCCCCCC)c1,,,,,,DOPE,,,2-a2-7,Xue_CAD_LNP,Xue_CAD_LNP,Pure,Microfluidic,mRNA,lxue,,FLL,,,1.0,max,,Cell_viability,Xue_CAD_LNP,Tox,,,,,,,,,Lxue,,,,,,,,,,,,,,,,,,Xue_CAD_LNP_Xue_CAD_LNP_nan_nan
0.20139936,0.5086224,,0.9975453172205428,CCCCC(C)C(=O)Oc1cc(CNCCN(CC)CC)cc(OC(=O)C(C)CCCC)c1,,,,,,DOPE,,,7-a2-6b,Xue_CAD_LNP,Xue_CAD_LNP,Pure,Microfluidic,mRNA,lxue,,FLL,,,1.0,max,,Cell_viability,Xue_CAD_LNP,Tox,,,,,,,,,Lxue,,,,,,,,,,,,,,,,,,Xue_CAD_LNP_Xue_CAD_LNP_nan_nan
0.19783503,0.49317533,,0.3876510574018115,CCCCC(CC)CCC(=O)Oc1cc(CNCCN(CC)CC)cc(OC(=O)CCC(CC)CCCC)c1,,,,,,DOPE,,,7-a2-9b2,Xue_CAD_LNP,Xue_CAD_LNP,Pure,Microfluidic,mRNA,lxue,,FLL,,,1.0,max,,Cell_viability,Xue_CAD_LNP,Tox,,,,,,,,,Lxue,,,,,,,,,,,,,,,,,,Xue_CAD_LNP_Xue_CAD_LNP_nan_nan
0.26008734,0.65378946,,0.6750377643504536,CCCCC(C)C(=O)Oc1cc(CNCCN(CCN)CCN)cc(OC(=O)C(C)CCCC)c1,,,,,,DOPE,,,12-a2-6b,Xue_CAD_LNP,Xue_CAD_LNP,Pure,Microfluidic,mRNA,lxue,,FLL,,,1.0,max,,Cell_viability,Xue_CAD_LNP,Tox,,,,,,,,,Lxue,,,,,,,,,,,,,,,,,,Xue_CAD_LNP_Xue_CAD_LNP_nan_nan
0.22709227,0.5568859,,0.4388217522658608,CCCCC(CC)C(=O)Oc1cc(CNCCN(CC)CC)cc(OC(=O)C(CC)CCCC)c1,,,,,,DOPE,,,7-a2-7b2,Xue_CAD_LNP,Xue_CAD_LNP,Pure,Microfluidic,mRNA,lxue,,FLL,,,1.0,max,,Cell_viability,Xue_CAD_LNP,Tox,,,,,,,,,Lxue,,,,,,,,,,,,,,,,,,Xue_CAD_LNP_Xue_CAD_LNP_nan_nan
0.51917875,0.43922532,0.4133132706632956,,O=C(CCCCC(OCC(CCCCCCCCCC)CCCCCCCCCCCC)=O)N(C(CCCC(OCCC#CCCCCCC)=O)(C(NC1(C2)C[C@H](C[C@H]2C3)C[C@H]3C1)=O)CCCC(OCCC#CCCCCCC)=O)CCN(C)C,,,,,,DOPE,a09,,4k:a09|i04|o03+o03|cl26&o42,4CR_Ketone,IR_4CR_ketone,Pure,Microfluidic,mRNA,jwitten,Mouse,FFL,muscle,intramuscular,3.0,max,Individual,log luminescence,JW_IR_ML_4CR_ketone,,,,,,,o03+o03,i04,,4CR_Ket_Optimized,,,,,cl26&o42,,,,,,,EB-62,,,,,,IR_4CR_ketone_4CR_Ketone_muscle_intramuscular
0.25785154,0.6348729,,0.6178247734138966,CCCCCCCCCC(=O)Oc1cc(CNCCN(CCN)CCN)cc(OC(=O)CCCCCCCCC)c1,,,,,,DOPE,,,12-a2-9,Xue_CAD_LNP,Xue_CAD_LNP,Pure,Microfluidic,mRNA,lxue,,FLL,,,1.0,max,,Cell_viability,Xue_CAD_LNP,Tox,,,,,,,,,Lxue,,,,,,,,,,,,,,,,,,Xue_CAD_LNP_Xue_CAD_LNP_nan_nan
0.52024937,0.41420463,0.7401428418881381,,CCN(CC)CCCCN(C(=O)CC/C=C\C/C=C\C/C=C\C/C=C\C/C=C\C/C=C\CC)C(CCCC(=O)OCC4=CC[C@@H](C(=C)C)CC4)(CCCC(=O)OCC5=CC[C@@H](C(=C)C)CC5)C(=O)NC12C[CH]3C[CH](C[CH](C3)C1)C2,,,,,,DOPE,a64,,4k:a64|i04|o31+o31|c23,4CR_Ketone,IR_4CR_ketone,Pure,Hand,mRNA,jwitten,Mouse,FFL,muscle,intramuscular,3.0,max,Individual,log luminescence,JW_IR_ML_4CR_ketone,,,,,,,o31+o31,i04,,Kauffman,,,,,c23,,,,,,,FO-15,,,,,,IR_4CR_ketone_4CR_Ketone_muscle_intramuscular
0.5906864,0.4635046,0.6769324618636237,,N(C)(C)CCCN(C(=O)CCCCC(=O)OC(CCCCCCCC)CCCCCCCC)C(CCCC(=O)OCCCCCCCC/C=C\C/C=C\CCCCC)(CCCC(=O)OCCCCCCCC/C=C\C/C=C\CCCCC)C(=O)NC(C)(C)C,,,,,,DOPE,a23,,4k:a23|i01|o01+o01|cl05&o04,4CR_Ketone,IR_4CR_ketone,Pure,Hand,mRNA,jwitten,Mouse,FFL,muscle,intramuscular,3.0,max,Individual,log luminescence,JW_IR_ML_4CR_ketone,,,,,,,o01+o01,i01,,Kauffman,,,,,cl05&o04,,,,,,,4CR13,,,,,,IR_4CR_ketone_4CR_Ketone_muscle_intramuscular
0.19763222,0.47888505,,0.3406344410876138,CCCCCCCCCC(=O)Oc1cc(CNCCN2CCN(CCN)CC2)cc(OC(=O)CCCCCCCCC)c1,,,,,,DOPE,,,3-a2-9,Xue_CAD_LNP,Xue_CAD_LNP,Pure,Microfluidic,mRNA,lxue,,FLL,,,1.0,max,,Cell_viability,Xue_CAD_LNP,Tox,,,,,,,,,Lxue,,,,,,,,,,,,,,,,,,Xue_CAD_LNP_Xue_CAD_LNP_nan_nan
0.21729496,0.4958902,,0.5521148036253772,CCCCCCCCC(=O)Oc1cc(CNCCCN(C)C)cc(OC(=O)CCCCCCCC)c1,,,,,,DOPE,,,6-a2-8,Xue_CAD_LNP,Xue_CAD_LNP,Pure,Microfluidic,mRNA,lxue,,FLL,,,1.0,max,,Cell_viability,Xue_CAD_LNP,Tox,,,,,,,,,Lxue,,,,,,,,,,,,,,,,,,Xue_CAD_LNP_Xue_CAD_LNP_nan_nan
0.26427194,0.62793154,,0.551737160120846,CCCCCCCC(=O)Oc1cc(CNCCN2CCN(C)CC2)cc(OC(=O)CCCCCCC)c1,,,,,,DOPE,,,9-a2-7,Xue_CAD_LNP,Xue_CAD_LNP,Pure,Microfluidic,mRNA,lxue,,FLL,,,1.0,max,,Cell_viability,Xue_CAD_LNP,Tox,,,,,,,,,Lxue,,,,,,,,,,,,,,,,,,Xue_CAD_LNP_Xue_CAD_LNP_nan_nan
0.19945464,0.49521655,,0.37273413897281,CCCCC(C)CCC(=O)Oc1cc(CNCCCN(CC)CC)cc(OC(=O)CCC(C)CCC)c1,,,,,,DOPE,,,8-a2-8b,Xue_CAD_LNP,Xue_CAD_LNP,Pure,Microfluidic,mRNA,lxue,,FLL,,,1.0,max,,Cell_viability,Xue_CAD_LNP,Tox,,,,,,,,,Lxue,,,,,,,,,,,,,,,,,,Xue_CAD_LNP_Xue_CAD_LNP_nan_nan
0.6109651,0.47208372,0.2983952515148689,,O=C(CCCCC(OCC(CCCCCCCCCC)CCCCCCCCCCCC)=O)N(C(CCCC(OCCC#CCCCCCC)=O)(C(NC1(C2)C[C@H](C[C@H]2C3)C[C@H]3C1)=O)CCCC(OCCC#CCCCCCC)=O)CCCN(C)C,,,,,,DOPE,a23,,4k:a23|i04|o03+o03|cl26&o42,4CR_Ketone,IR_4CR_ketone,Pure,Microfluidic,mRNA,jwitten,Mouse,FFL,muscle,intramuscular,3.0,max,Individual,log luminescence,JW_IR_ML_4CR_ketone,,,,,,,o03+o03,i04,,4CR_Ket_Optimized,,,,,cl26&o42,,,,,,,EB-63,,,,,,IR_4CR_ketone_4CR_Ketone_muscle_intramuscular
0.28960425,0.33407223,0.2307692307692307,,CCN(CC)CCCCN(C(=O)CC/C=C\C/C=C\C/C=C\C/C=C\C/C=C\C/C=C\CC)C(CCCC(=O)OCCC#CCCCCCC)(CCCC(=O)OCCC#CCCCCCC)C(=O)NCCCCCCCC/C=C\CCCCCCCC,,50.1,24.6,16.8,8.5,DOTAP,a64,,4k:a64|i03|o03+o03|c23,4CR_Ketone,IR_4CR_ketone,Pure,Hand,mRNA,jwitten,HBEC_ALI,FFL,lung_epithelium,in_vitro,2.0,max,Individual,log luminescence,JW_IR_ML_4CR_ketone,,,,,,,o03+o03,i03,,T1-5,,,,,c23,,,,,,,FO-7,,,,,,IR_4CR_ketone_4CR_Ketone_lung_epithelium_in_vitro
0.25110832,0.6019639,,0.6299093655589121,CCCCC(C)CCC(=O)Oc1cc(CNCCN2CCN(C)CC2)cc(OC(=O)CCC(C)CCC)c1,,,,,,DOPE,,,9-a2-8b,Xue_CAD_LNP,Xue_CAD_LNP,Pure,Microfluidic,mRNA,lxue,,FLL,,,1.0,max,,Cell_viability,Xue_CAD_LNP,Tox,,,,,,,,,Lxue,,,,,,,,,,,,,,,,,,Xue_CAD_LNP_Xue_CAD_LNP_nan_nan
0.6361681,0.47705957,0.5029034857084776,,N(C)(C)CCCCN(C(=O)CC/C=C\C/C=C\C/C=C\C/C=C\C/C=C\C/C=C\CC)C(CCCC(=O)OCC(CCC)CCC)(CCCC(=O)OCC(CCC)CCC)C(=O)NCCCC,,,,,,DOPE,a78,,4k:a78|i02|o47+o47|c23,4CR_Ketone,IR_4CR_ketone,Pure,Hand,mRNA,jwitten,Mouse,FFL,muscle,intramuscular,3.0,max,Individual,log luminescence,JW_IR_ML_4CR_ketone,,,,,,,o47+o47,i02,,Kauffman,,,,,c23,,,,,,,FO-9,,,,,,IR_4CR_ketone_4CR_Ketone_muscle_intramuscular
0.21779597,0.5221818,,0.2822885196374628,CCCCCCCCCC(=O)Oc1cc(CNCCCN2CCN(CCCN)CC2)cc(OC(=O)CCCCCCCCC)c1,,,,,,DOPE,,,4-a2-9,Xue_CAD_LNP,Xue_CAD_LNP,Pure,Microfluidic,mRNA,lxue,,FLL,,,1.0,max,,Cell_viability,Xue_CAD_LNP,Tox,,,,,,,,,Lxue,,,,,,,,,,,,,,,,,,Xue_CAD_LNP_Xue_CAD_LNP_nan_nan
0.17507881,0.41221595,,0.6463368580060422,CCCCC(CC)CCC(=O)Oc1cc(CNCCN(C)C)cc(OC(=O)CCC(CC)CCCC)c1,,,,,,DOPE,,,5-a2-9b2,Xue_CAD_LNP,Xue_CAD_LNP,Pure,Microfluidic,mRNA,lxue,,FLL,,,1.0,max,,Cell_viability,Xue_CAD_LNP,Tox,,,,,,,,,Lxue,,,,,,,,,,,,,,,,,,Xue_CAD_LNP_Xue_CAD_LNP_nan_nan
0.25158843,0.59645575,,0.9020015105740172,CCCCCC(C)CCC(=O)Oc1cc(CNCCN2CCN(C)CC2)cc(OC(=O)CCC(C)CCCCC)c1,,,,,,DOPE,,,9-a2-9b,Xue_CAD_LNP,Xue_CAD_LNP,Pure,Microfluidic,mRNA,lxue,,FLL,,,1.0,max,,Cell_viability,Xue_CAD_LNP,Tox,,,,,,,,,Lxue,,,,,,,,,,,,,,,,,,Xue_CAD_LNP_Xue_CAD_LNP_nan_nan
0.20642292,0.5009603,,0.4869712990936566,CCCCCC(C)C(=O)Oc1cc(CNCCCN)cc(OC(=O)C(C)CCCCC)c1,,,,,,DOPE,,,11-a2-7b,Xue_CAD_LNP,Xue_CAD_LNP,Pure,Microfluidic,mRNA,lxue,,FLL,,,1.0,max,,Cell_viability,Xue_CAD_LNP,Tox,,,,,,,,,Lxue,,,,,,,,,,,,,,,,,,Xue_CAD_LNP_Xue_CAD_LNP_nan_nan
0.39566255,0.38549253,0.0627595366759496,,CCN(CC)CCCCN(C(=O)CCCCC(=O)OCC(CCC)CCC)C(CCCC(=O)OCC1=CC[C@@H](C(=C)C)CC1)(CCCC(=O)OCC2=CC[C@@H](C(=C)C)CC2)C(=O)NCCCC,,,,,,DOPE,a64,,4k:a64|i02|o31+o31|cl05&o47,4CR_Ketone,IR_4CR_ketone,Pure,Hand,mRNA,jwitten,Mouse,FFL,muscle,intramuscular,3.0,max,Individual,log luminescence,JW_IR_ML_4CR_ketone,,,,,,,o31+o31,i02,,Kauffman,,,,,cl05&o47,,,,,,,FO-34,,,,,,IR_4CR_ketone_4CR_Ketone_muscle_intramuscular
0.24179119,0.57730585,,0.4994335347432017,CCCCC(CC)C(=O)Oc1cc(CNCCCN)cc(OC(=O)C(CC)CCCC)c1,,,,,,DOPE,,,11-a2-7b2,Xue_CAD_LNP,Xue_CAD_LNP,Pure,Microfluidic,mRNA,lxue,,FLL,,,1.0,max,,Cell_viability,Xue_CAD_LNP,Tox,,,,,,,,,Lxue,,,,,,,,,,,,,,,,,,Xue_CAD_LNP_Xue_CAD_LNP_nan_nan
0.7105801,0.52189094,0.7902478582078577,,N(C)(C)CCCN(C(=O)CCCCC(=O)OC(CCCCCCCC)CCCCCCCC)C(CCCC(=O)OCCC#CCCCC)(CCCC(=O)OCCC#CCCCC)C(=O)NCCCC,,,,,,DOPE,a23,,4k:a23|i02|o57+o57|cl05&o04,4CR_Ketone,IR_4CR_ketone,Pure,Hand,mRNA,jwitten,Mouse,FFL,muscle,intramuscular,3.0,max,Individual,log luminescence,JW_IR_ML_4CR_ketone,,,,,,,o57+o57,i02,,Kauffman,,,,,cl05&o04,,,,,,,FO-39,,,,,,IR_4CR_ketone_4CR_Ketone_muscle_intramuscular
0.22204524,0.533756,,0.688821752265861,CCCCCCCCC(=O)Oc1cc(CNCCCN2CCN(CCCN)CC2)cc(OC(=O)CCCCCCCC)c1,,,,,,DOPE,,,4-a2-8,Xue_CAD_LNP,Xue_CAD_LNP,Pure,Microfluidic,mRNA,lxue,,FLL,,,1.0,max,,Cell_viability,Xue_CAD_LNP,Tox,,,,,,,,,Lxue,,,,,,,,,,,,,,,,,,Xue_CAD_LNP_Xue_CAD_LNP_nan_nan
0.28973097,0.6799179,,0.7807779456193353,CCCCC(CC)C(=O)Oc1cc(CNCCCN(C)CCCN)cc(OC(=O)C(CC)CCCC)c1,,,,,,DOPE,,,2-a2-7b2,Xue_CAD_LNP,Xue_CAD_LNP,Pure,Microfluidic,mRNA,lxue,,FLL,,,1.0,max,,Cell_viability,Xue_CAD_LNP,Tox,,,,,,,,,Lxue,,,,,,,,,,,,,,,,,,Xue_CAD_LNP_Xue_CAD_LNP_nan_nan
0.5967886,0.4504546,0.9606859408176436,,CCN(CC)CCCCN(C(=O)CCCCC(=O)OC(CCCCCCCC)CCCCCCCC)C(CCCC(=O)OCC1=CC[C@@H](C(=C)C)CC1)(CCCC(=O)OCC2=CC[C@@H](C(=C)C)CC2)C(=O)NCCCC,,,,,,DOPE,a64,,4k:a64|i02|o31+o31|cl05&o04,4CR_Ketone,IR_4CR_ketone,Pure,Microfluidic,mRNA,jwitten,Mouse,FFL,muscle,intramuscular,3.0,max,Individual,log luminescence,JW_IR_ML_4CR_ketone,,,,,,,o31+o31,i02,,4CR_Ket_Optimized,,,,,cl05&o04,,,,,,,FO-35,,,,,,IR_4CR_ketone_4CR_Ketone_muscle_intramuscular
0.21409771,0.523154,,0.8347809667673707,CCCCC(C)C(=O)Oc1cc(CNCCCN2CCN(CCCN)CC2)cc(OC(=O)C(C)CCCC)c1,,,,,,DOPE,,,4-a2-6b,Xue_CAD_LNP,Xue_CAD_LNP,Pure,Microfluidic,mRNA,lxue,,FLL,,,1.0,max,,Cell_viability,Xue_CAD_LNP,Tox,,,,,,,,,Lxue,,,,,,,,,,,,,,,,,,Xue_CAD_LNP_Xue_CAD_LNP_nan_nan
0.24890557,0.60950583,,0.5734516616314187,CCCCC(C)CCC(=O)Oc1cc(CNCCN(C)CCN)cc(OC(=O)CCC(C)CCC)c1,,,,,,DOPE,,,1-a2-8b,Xue_CAD_LNP,Xue_CAD_LNP,Pure,Microfluidic,mRNA,lxue,,FLL,,,1.0,max,,Cell_viability,Xue_CAD_LNP,Tox,,,,,,,,,Lxue,,,,,,,,,,,,,,,,,,Xue_CAD_LNP_Xue_CAD_LNP_nan_nan
0.19506794,0.48286337,,0.3676359516616316,CCCCC(CC)CCC(=O)Oc1cc(CNCCCN(CC)CC)cc(OC(=O)CCC(CC)CCCC)c1,,,,,,DOPE,,,8-a2-9b2,Xue_CAD_LNP,Xue_CAD_LNP,Pure,Microfluidic,mRNA,lxue,,FLL,,,1.0,max,,Cell_viability,Xue_CAD_LNP,Tox,,,,,,,,,Lxue,,,,,,,,,,,,,,,,,,Xue_CAD_LNP_Xue_CAD_LNP_nan_nan
0.68257487,0.49522215,0.8268987092317364,,N(C)(C)CCCN(C(=O)CCCCCCC/C=C\CCCCCCCC)C(CCCC(=O)OCCC#CCCCCCC)(CCCC(=O)OCCC#CCCCCCC)C(=O)NC(C)(C)C,,,,,,DOPE,a23,,4k:a23|i01|o03+o03|c20,4CR_Ketone,IR_4CR_ketone,Pure,Hand,mRNA,jwitten,Mouse,FFL,muscle,intramuscular,3.0,max,Individual,log luminescence,JW_IR_ML_4CR_ketone,,,,,,,o03+o03,i01,,Kauffman,,,,,c20,,,,,,,4CR2-3,,,,,,IR_4CR_ketone_4CR_Ketone_muscle_intramuscular
0.46703434,0.43411314,0.2245110424270975,,CCN(CC)CCCCN(C(=O)CCCCC(=O)OCC(CCC)CCC)C(CCCC(=O)OCC(CCC)CCC)(CCCC(=O)OCC(CCC)CCC)C(=O)NCCCC,,,,,,DOPE,a64,,4k:a64|i02|o47+o47|cl05&o47,4CR_Ketone,IR_4CR_ketone,Pure,Hand,mRNA,jwitten,Mouse,FFL,muscle,intramuscular,3.0,max,Individual,log luminescence,JW_IR_ML_4CR_ketone,,,,,,,o47+o47,i02,,Kauffman,,,,,cl05&o47,,,,,,,FO-27,,,,,,IR_4CR_ketone_4CR_Ketone_muscle_intramuscular
0.2040245,0.5000125,,0.3347809667673719,CCCCCCC(=O)Oc1cc(CNCCN2CCN(CCN)CC2)cc(OC(=O)CCCCCC)c1,,,,,,DOPE,,,3-a2-6,Xue_CAD_LNP,Xue_CAD_LNP,Pure,Microfluidic,mRNA,lxue,,FLL,,,1.0,max,,Cell_viability,Xue_CAD_LNP,Tox,,,,,,,,,Lxue,,,,,,,,,,,,,,,,,,Xue_CAD_LNP_Xue_CAD_LNP_nan_nan
0.19762024,0.4534003,,0.162197885196375,CCCCCC(C)C(=O)Oc1cc(CNCCCN(C)C)cc(OC(=O)C(C)CCCCC)c1,,,,,,DOPE,,,6-a2-7b,Xue_CAD_LNP,Xue_CAD_LNP,Pure,Microfluidic,mRNA,lxue,,FLL,,,1.0,max,,Cell_viability,Xue_CAD_LNP,Tox,,,,,,,,,Lxue,,,,,,,,,,,,,,,,,,Xue_CAD_LNP_Xue_CAD_LNP_nan_nan
0.20646521,0.50795513,,0.2073262839879158,CCCCCC(C)CCC(=O)Oc1cc(CNCCN(CC)CC)cc(OC(=O)CCC(C)CCCCC)c1,,,,,,DOPE,,,7-a2-9b,Xue_CAD_LNP,Xue_CAD_LNP,Pure,Microfluidic,mRNA,lxue,,FLL,,,1.0,max,,Cell_viability,Xue_CAD_LNP,Tox,,,,,,,,,Lxue,,,,,,,,,,,,,,,,,,Xue_CAD_LNP_Xue_CAD_LNP_nan_nan
0.23267344,0.5287248,,0.7207326283987914,CCCCC(CC)C(=O)Oc1cc(CNCCCN(C)C)cc(OC(=O)C(CC)CCCC)c1,,,,,,DOPE,,,6-a2-7b2,Xue_CAD_LNP,Xue_CAD_LNP,Pure,Microfluidic,mRNA,lxue,,FLL,,,1.0,max,,Cell_viability,Xue_CAD_LNP,Tox,,,,,,,,,Lxue,,,,,,,,,,,,,,,,,,Xue_CAD_LNP_Xue_CAD_LNP_nan_nan
0.2238422,0.5446032,,0.5169939577039269,CCCCC(CC)C(=O)Oc1cc(CNCCCN(CC)CC)cc(OC(=O)C(CC)CCCC)c1,,,,,,DOPE,,,8-a2-7b2,Xue_CAD_LNP,Xue_CAD_LNP,Pure,Microfluidic,mRNA,lxue,,FLL,,,1.0,max,,Cell_viability,Xue_CAD_LNP,Tox,,,,,,,,,Lxue,,,,,,,,,,,,,,,,,,Xue_CAD_LNP_Xue_CAD_LNP_nan_nan
0.57382715,0.43807265,0.7315525206647547,,N(C)(C)CCCN(C(=O)CCCCCCC/C=C\C/C=C\CCCCC)C(CCCC(=O)OCCCCCCCC/C=C\C/C=C\CCCCC)(CCCC(=O)OCCCCCCCC/C=C\C/C=C\CCCCC)C(=O)NC12C[CH]3C[CH](C[CH](C3)C1)C2,,,,,,DOPE,a23,,4k:a23|i04|o01+o01|c21,4CR_Ketone,IR_4CR_ketone,Pure,Hand,mRNA,jwitten,Mouse,FFL,muscle,intramuscular,3.0,max,Individual,log luminescence,JW_IR_ML_4CR_ketone,,,,,,,o01+o01,i04,,Kauffman,,,,,c21,,,,,,,4CR20,,,,,,IR_4CR_ketone_4CR_Ketone_muscle_intramuscular
0.19020906,0.44277233,,0.2503776435045315,CCCCCCCC(=O)Oc1cc(CNCCN(C)C)cc(OC(=O)CCCCCCC)c1,,,,,,DOPE,,,5-a2-7,Xue_CAD_LNP,Xue_CAD_LNP,Pure,Microfluidic,mRNA,lxue,,FLL,,,1.0,max,,Cell_viability,Xue_CAD_LNP,Tox,,,,,,,,,Lxue,,,,,,,,,,,,,,,,,,Xue_CAD_LNP_Xue_CAD_LNP_nan_nan
0.26530164,0.6229705,,0.5645770392749249,CCCCCCCCCC(=O)Oc1cc(CNCCCN(C)CCCN)cc(OC(=O)CCCCCCCCC)c1,,,,,,DOPE,,,2-a2-9,Xue_CAD_LNP,Xue_CAD_LNP,Pure,Microfluidic,mRNA,lxue,,FLL,,,1.0,max,,Cell_viability,Xue_CAD_LNP,Tox,,,,,,,,,Lxue,,,,,,,,,,,,,,,,,,Xue_CAD_LNP_Xue_CAD_LNP_nan_nan
0.30860078,0.36744773,0.0,,N(C)(C)CCCN(C(=O)C)C(CCCC(=O)OCCC#CCCCCCC)(CCCC(=O)OCCC#CCCCCCC)C(=O)NCCCCCCCC/C=C\CCCCCCCC,,,,,,DOPE,a23,,4k:a23|i03|o03+o03|c01,4CR_Ketone,IR_4CR_ketone,Pure,Hand,mRNA,jwitten,Mouse,FFL,muscle,intramuscular,3.0,max,Individual,log luminescence,JW_IR_ML_4CR_ketone,,,,,,,o03+o03,i03,,Kauffman,,,,,c01,,,,,,,4CR27,,,,,,IR_4CR_ketone_4CR_Ketone_muscle_intramuscular
0.21129322,0.519377,,0.5224697885196368,CCCCCCCC(=O)Oc1cc(CNCCCN(CC)CC)cc(OC(=O)CCCCCCC)c1,,,,,,DOPE,,,8-a2-7,Xue_CAD_LNP,Xue_CAD_LNP,Pure,Microfluidic,mRNA,lxue,,FLL,,,1.0,max,,Cell_viability,Xue_CAD_LNP,Tox,,,,,,,,,Lxue,,,,,,,,,,,,,,,,,,Xue_CAD_LNP_Xue_CAD_LNP_nan_nan
0.5024464,0.35324934,0.5384615384615384,,N(C)(C)CCCN(C(=O)CCCC\C=C/C\C=C/C\C=C/CCCCC)C(CCCC(=O)OCCC#CCCCCCC)(CCCC(=O)OCCC#CCCCCCC)C(=O)NC12C[CH]3C[CH](C[CH](C3)C1)C2,,50.1,24.6,16.8,8.5,DOTAP,a23,,4k:a23|i04|o03+o03|c61,4CR_Ketone,IR_4CR_ketone,Pure,Hand,mRNA,jwitten,HBEC_ALI,FFL,lung_epithelium,in_vitro,2.0,max,Individual,log luminescence,JW_IR_ML_4CR_ketone,,,,,,,o03+o03,i04,,T1-5,,,,,c61,,,,,,,ML3-Me-GLA,,,,,,IR_4CR_ketone_4CR_Ketone_lung_epithelium_in_vitro
0.28149194,0.6918204,,0.5698640483383681,CCCCC(CC)C(=O)Oc1cc(CNCCN(CCN)CCN)cc(OC(=O)C(CC)CCCC)c1,,,,,,DOPE,,,12-a2-7b2,Xue_CAD_LNP,Xue_CAD_LNP,Pure,Microfluidic,mRNA,lxue,,FLL,,,1.0,max,,Cell_viability,Xue_CAD_LNP,Tox,,,,,,,,,Lxue,,,,,,,,,,,,,,,,,,Xue_CAD_LNP_Xue_CAD_LNP_nan_nan
0.63390064,0.48765612,0.843577982203493,,N(C)(C)CCCN(C(=O)CCCCC(=O)OC(CCCCCCCC)CCCCCCCC)C(CCCC(=O)OCCCCC#CCCCC)(CCCC(=O)OCCCCC#CCCCC)C(=O)NCCCC,,,,,,DOPE,a23,,4k:a23|i02|o55+o55|cl05&o04,4CR_Ketone,IR_4CR_ketone,Pure,Hand,mRNA,jwitten,Mouse,FFL,muscle,intramuscular,3.0,max,Individual,log luminescence,JW_IR_ML_4CR_ketone,,,,,,,o55+o55,i02,,Kauffman,,,,,cl05&o04,,,,,,,FO-37,,,,,,IR_4CR_ketone_4CR_Ketone_muscle_intramuscular
0.2916458,0.29728734,0.0,,N(C)(C)CCCN(C(=O)CCCCCCC/C=C\CCCCCCCC)C(CCCC(=O)OCCCCCCCC/C=C\CCCCCCCC)(CCCC(=O)OCCCCCCCC/C=C\CCCCCCCC)C(=O)NC(C)(C)C,,50.1,24.6,16.8,8.5,DOTAP,a23,,4k:a23|i01|o02+o02|c20,4CR_Ketone,IR_4CR_ketone,Pure,Hand,mRNA,jwitten,HBEC_ALI,FFL,lung_epithelium,in_vitro,2.0,max,Individual,log luminescence,JW_IR_ML_4CR_ketone,,,,,,,o02+o02,i01,,T1-5,,,,,c20,,,,,,,4CR5,,,,,,IR_4CR_ketone_4CR_Ketone_lung_epithelium_in_vitro
0.24055523,0.5744868,,0.6365181268882169,CCCCCCC(=O)Oc1cc(CNCCCN2CCN(C)CC2)cc(OC(=O)CCCCCC)c1,,,,,,DOPE,,,10-a2-6,Xue_CAD_LNP,Xue_CAD_LNP,Pure,Microfluidic,mRNA,lxue,,FLL,,,1.0,max,,Cell_viability,Xue_CAD_LNP,Tox,,,,,,,,,Lxue,,,,,,,,,,,,,,,,,,Xue_CAD_LNP_Xue_CAD_LNP_nan_nan
0.18608823,0.4296043,,0.1306646525679768,CCCCCCCCCC(=O)Oc1cc(CNCCN(C)C)cc(OC(=O)CCCCCCCCC)c1,,,,,,DOPE,,,5-a2-9,Xue_CAD_LNP,Xue_CAD_LNP,Pure,Microfluidic,mRNA,lxue,,FLL,,,1.0,max,,Cell_viability,Xue_CAD_LNP,Tox,,,,,,,,,Lxue,,,,,,,,,,,,,,,,,,Xue_CAD_LNP_Xue_CAD_LNP_nan_nan
0.23043862,0.55517685,,0.5188821752265862,CCCCCCCC(=O)Oc1cc(CNCCCN)cc(OC(=O)CCCCCCC)c1,,,,,,DOPE,,,11-a2-7,Xue_CAD_LNP,Xue_CAD_LNP,Pure,Microfluidic,mRNA,lxue,,FLL,,,1.0,max,,Cell_viability,Xue_CAD_LNP,Tox,,,,,,,,,Lxue,,,,,,,,,,,,,,,,,,Xue_CAD_LNP_Xue_CAD_LNP_nan_nan
0.23381338,0.5557081,,0.8557401812688815,CCCCCCCCC(=O)Oc1cc(CNCCCN2CCN(C)CC2)cc(OC(=O)CCCCCCCC)c1,,,,,,DOPE,,,10-a2-8,Xue_CAD_LNP,Xue_CAD_LNP,Pure,Microfluidic,mRNA,lxue,,FLL,,,1.0,max,,Cell_viability,Xue_CAD_LNP,Tox,,,,,,,,,Lxue,,,,,,,,,,,,,,,,,,Xue_CAD_LNP_Xue_CAD_LNP_nan_nan
0.68257487,0.4952222,0.8583909278756063,,N(C)(C)CCCN(C(=O)CCCCCCC/C=C\CCCCCCCC)C(CCCC(=O)OCCC#CCCCCCC)(CCCC(=O)OCCC#CCCCCCC)C(=O)NC(C)(C)C,,,,,,DOPE,a23,,4k:a23|i01|o03+o03|c20,4CR_Ketone,IR_4CR_ketone,Pure,Hand,mRNA,jwitten,Mouse,FFL,muscle,intramuscular,3.0,max,Individual,log luminescence,JW_IR_ML_4CR_ketone,,,,,,,o03+o03,i01,,Kauffman,,,,,c20,,,,,,,4CR2,,,,,,IR_4CR_ketone_4CR_Ketone_muscle_intramuscular
0.1782808,0.41963914,,0.422583081570997,CCCCC(C)CCC(=O)Oc1cc(CNCCN(C)C)cc(OC(=O)CCC(C)CCC)c1,,,,,,DOPE,,,5-a2-8b,Xue_CAD_LNP,Xue_CAD_LNP,Pure,Microfluidic,mRNA,lxue,,FLL,,,1.0,max,,Cell_viability,Xue_CAD_LNP,Tox,,,,,,,,,Lxue,,,,,,,,,,,,,,,,,,Xue_CAD_LNP_Xue_CAD_LNP_nan_nan
0.39998034,0.35351956,0.3846153846153846,,N(C)(C)CCCN(C(=O)CC/C=C\C/C=C\C/C=C\C/C=C\C/C=C\C/C=C\CC)C(CCCC(=O)OCCC#CCCCCCC)(CCCC(=O)OCCC#CCCCCCC)C(=O)NCCCCCCCC/C=C\CCCCCCCC,,50.1,24.6,16.8,8.5,DOTAP,a23,,4k:a23|i03|o03+o03|c23,4CR_Ketone,IR_4CR_ketone,Pure,Hand,mRNA,jwitten,HBEC_ALI,FFL,lung_epithelium,in_vitro,2.0,max,Individual,log luminescence,JW_IR_ML_4CR_ketone,,,,,,,o03+o03,i03,,T1-5,,,,,c23,,,,,,,FO-6-DHA,,,,,,IR_4CR_ketone_4CR_Ketone_lung_epithelium_in_vitro
0.6759532,0.48227257,0.8656539874087955,,N(C)(C)CCCN(C(=O)CCCCCCC/C=C\C/C=C\CCCCC)C(CCCC(=O)OCCC#CCCCCCC)(CCCC(=O)OCCC#CCCCCCC)C(=O)NC12C[CH]3C[CH](C[CH](C3)C1)C2,,,,,,DOPE,a23,,4k:a23|i04|o03+o03|c21,4CR_Ketone,IR_4CR_ketone,Pure,Hand,mRNA,jwitten,Mouse,FFL,muscle,intramuscular,3.0,max,Individual,log luminescence,JW_IR_ML_4CR_ketone,,,,,,,o03+o03,i04,,Kauffman,,,,,c21,,,,,,,ML3-Me-Linoleic,,,,,,IR_4CR_ketone_4CR_Ketone_muscle_intramuscular
0.2983045,0.28883123,0.3076923076923076,,CCN(CC)CCCCN(C(=O)CC/C=C\C/C=C\C/C=C\C/C=C\C/C=C\C/C=C\CC)C(CCCC(=O)OCC4=CC[C@@H](C(=C)C)CC4)(CCCC(=O)OCC5=CC[C@@H](C(=C)C)CC5)C(=O)NC12C[CH]3C[CH](C[CH](C3)C1)C2,,50.1,24.6,16.8,8.5,DOTAP,a64,,4k:a64|i04|o31+o31|c23,4CR_Ketone,IR_4CR_ketone,Pure,Hand,mRNA,jwitten,HBEC_ALI,FFL,lung_epithelium,in_vitro,2.0,max,Individual,log luminescence,JW_IR_ML_4CR_ketone,,,,,,,o31+o31,i04,,T1-5,,,,,c23,,,,,,,FO-15,,,,,,IR_4CR_ketone_4CR_Ketone_lung_epithelium_in_vitro
0.28744614,0.35054573,0.1271830747773668,,N(C)(C)CCCN(C(=O)C)C(CCCC(=O)OCCCCCCCC/C=C\CCCCCCCC)(CCCC(=O)OCCC#CCCCCCC)C(=O)NCCCCCCCC/C=C\CCCCCCCC,,,,,,DOPE,a23,,4k:a23|i03|o02+o03|c01,4CR_Ketone,IR_4CR_ketone,Pure,Hand,mRNA,jwitten,Mouse,FFL,muscle,intramuscular,3.0,max,Individual,log luminescence,JW_IR_ML_4CR_ketone,,,,,,,o02+o03,i03,,Kauffman,,,,,c01,,,,,,,4CR25,,,,,,IR_4CR_ketone_4CR_Ketone_muscle_intramuscular
0.64470065,0.48449647,0.8661783329272392,,N(C)(C)CCCN(C(=O)CCC/C=C\CCCCCC)C(CCCC(=O)OCCC#CCCCCCC)(CCCC(=O)OCCC#CCCCCCC)C(=O)NCCCCCCCC/C=C\CCCCCCCC,,,,,,DOPE,a23,,4k:a23|i03|o03+o03|c62,4CR_Ketone,IR_4CR_ketone,Pure,Hand,mRNA,jwitten,Mouse,FFL,muscle,intramuscular,3.0,max,Individual,log luminescence,JW_IR_ML_4CR_ketone,,,,,,,o03+o03,i03,,Kauffman,,,,,c62,,,,,,,FO-36,,,,,,IR_4CR_ketone_4CR_Ketone_muscle_intramuscular
