Formulation,Helper_lipid_ID,Comment,Lipid_name,Experiment_ID,Purity,Mix_type,Cargo_type,Experimenter_ID,Model_type,Delivery_target,Route_of_administration,Experiment_weight,Library_ID,Goal,Batch_or_individual_or_barcoded,Value_name,screen_id
Unsat_dendrimer,DOPE,"Total lipids/RNA 40:1; DOPE MW = 744, Chol = 387, C14-P2K = 2694",2A9-3T,Lee_unsat,Pure,Hand,mRNA,slee,IGROV1,FFL,in_vitro,1.0,Lee_unsat_dendrimer,max,Individual,Cell_viability,Lee_unsat
Unsat_dendrimer,DOPE,"Total lipids/RNA 40:1; DOPE MW = 744, Chol = 387, C14-P2K = 2695",2A9V-3T,Lee_unsat,Pure,Hand,mRNA,slee,IGROV1,FFL,in_vitro,1.0,Lee_unsat_dendrimer,max,Individual,Cell_viability,Lee_unsat
Unsat_dendrimer,DOPE,"Total lipids/RNA 40:1; DOPE MW = 744, Chol = 387, C14-P2K = 2696",3A4-3T,Lee_unsat,Pure,Hand,mRNA,slee,IGROV1,FFL,in_vitro,1.0,Lee_unsat_dendrimer,max,Individual,Cell_viability,Lee_unsat
Unsat_dendrimer,DOPE,"Total lipids/RNA 40:1; DOPE MW = 744, Chol = 387, C14-P2K = 2698",4A3-3T,Lee_unsat,Pure,Hand,mRNA,slee,IGROV1,FFL,in_vitro,1.0,Lee_unsat_dendrimer,max,Individual,Cell_viability,Lee_unsat
Unsat_dendrimer,DOPE,"Total lipids/RNA 40:1; DOPE MW = 744, Chol = 387, C14-P2K = 2699",6A3-3T,Lee_unsat,Pure,Hand,mRNA,slee,IGROV1,FFL,in_vitro,1.0,Lee_unsat_dendrimer,max,Individual,Cell_viability,Lee_unsat
Unsat_dendrimer,DOPE,"Total lipids/RNA 40:1; DOPE MW = 744, Chol = 387, C14-P2K = 2701",2A9-3C,Lee_unsat,Pure,Hand,mRNA,slee,IGROV1,FFL,in_vitro,1.0,Lee_unsat_dendrimer,max,Individual,Cell_viability,Lee_unsat
Unsat_dendrimer,DOPE,"Total lipids/RNA 40:1; DOPE MW = 744, Chol = 387, C14-P2K = 2702",2A9V-3C,Lee_unsat,Pure,Hand,mRNA,slee,IGROV1,FFL,in_vitro,1.0,Lee_unsat_dendrimer,max,Individual,Cell_viability,Lee_unsat
Unsat_dendrimer,DOPE,"Total lipids/RNA 40:1; DOPE MW = 744, Chol = 387, C14-P2K = 2703",3A4-3C,Lee_unsat,Pure,Hand,mRNA,slee,IGROV1,FFL,in_vitro,1.0,Lee_unsat_dendrimer,max,Individual,Cell_viability,Lee_unsat
Unsat_dendrimer,DOPE,"Total lipids/RNA 40:1; DOPE MW = 744, Chol = 387, C14-P2K = 2705",4A3-3C,Lee_unsat,Pure,Hand,mRNA,slee,IGROV1,FFL,in_vitro,1.0,Lee_unsat_dendrimer,max,Individual,Cell_viability,Lee_unsat
Unsat_dendrimer,DOPE,"Total lipids/RNA 40:1; DOPE MW = 744, Chol = 387, C14-P2K = 2706",6A3-3C,Lee_unsat,Pure,Hand,mRNA,slee,IGROV1,FFL,in_vitro,1.0,Lee_unsat_dendrimer,max,Individual,Cell_viability,Lee_unsat
Unsat_dendrimer,DOPE,"Total lipids/RNA 40:1; DOPE MW = 744, Chol = 387, C14-P2K = 2708",2A9-SC8,Lee_unsat,Pure,Hand,mRNA,slee,IGROV1,FFL,in_vitro,1.0,Lee_unsat_dendrimer,max,Individual,Cell_viability,Lee_unsat
Unsat_dendrimer,DOPE,"Total lipids/RNA 40:1; DOPE MW = 744, Chol = 387, C14-P2K = 2709",2A9V-SC8,Lee_unsat,Pure,Hand,mRNA,slee,IGROV1,FFL,in_vitro,1.0,Lee_unsat_dendrimer,max,Individual,Cell_viability,Lee_unsat
Unsat_dendrimer,DOPE,"Total lipids/RNA 40:1; DOPE MW = 744, Chol = 387, C14-P2K = 2710",3A4-SC8,Lee_unsat,Pure,Hand,mRNA,slee,IGROV1,FFL,in_vitro,1.0,Lee_unsat_dendrimer,max,Individual,Cell_viability,Lee_unsat
Unsat_dendrimer,DOPE,"Total lipids/RNA 40:1; DOPE MW = 744, Chol = 387, C14-P2K = 2712",4A3-SC8,Lee_unsat,Pure,Hand,mRNA,slee,IGROV1,FFL,in_vitro,1.0,Lee_unsat_dendrimer,max,Individual,Cell_viability,Lee_unsat
Unsat_dendrimer,DOPE,"Total lipids/RNA 40:1; DOPE MW = 744, Chol = 387, C14-P2K = 2713",6A3-SC8,Lee_unsat,Pure,Hand,mRNA,slee,IGROV1,FFL,in_vitro,1.0,Lee_unsat_dendrimer,max,Individual,Cell_viability,Lee_unsat
Unsat_dendrimer,DOPE,"Total lipids/RNA 40:1; DOPE MW = 744, Chol = 387, C14-P2K = 2715",2A9-Ne,Lee_unsat,Pure,Hand,mRNA,slee,IGROV1,FFL,in_vitro,1.0,Lee_unsat_dendrimer,max,Individual,Cell_viability,Lee_unsat
Unsat_dendrimer,DOPE,"Total lipids/RNA 40:1; DOPE MW = 744, Chol = 387, C14-P2K = 2716",2A9V-Ne,Lee_unsat,Pure,Hand,mRNA,slee,IGROV1,FFL,in_vitro,1.0,Lee_unsat_dendrimer,max,Individual,Cell_viability,Lee_unsat
Unsat_dendrimer,DOPE,"Total lipids/RNA 40:1; DOPE MW = 744, Chol = 387, C14-P2K = 2717",3A4-Ne,Lee_unsat,Pure,Hand,mRNA,slee,IGROV1,FFL,in_vitro,1.0,Lee_unsat_dendrimer,max,Individual,Cell_viability,Lee_unsat
Unsat_dendrimer,DOPE,"Total lipids/RNA 40:1; DOPE MW = 744, Chol = 387, C14-P2K = 2719",4A3-Ne,Lee_unsat,Pure,Hand,mRNA,slee,IGROV1,FFL,in_vitro,1.0,Lee_unsat_dendrimer,max,Individual,Cell_viability,Lee_unsat
Unsat_dendrimer,DOPE,"Total lipids/RNA 40:1; DOPE MW = 744, Chol = 387, C14-P2K = 2720",6A3-Ne,Lee_unsat,Pure,Hand,mRNA,slee,IGROV1,FFL,in_vitro,1.0,Lee_unsat_dendrimer,max,Individual,Cell_viability,Lee_unsat
Unsat_dendrimer,DOPE,"Total lipids/RNA 40:1; DOPE MW = 744, Chol = 387, C14-P2K = 2722",2A9-4T,Lee_unsat,Pure,Hand,mRNA,slee,IGROV1,FFL,in_vitro,1.0,Lee_unsat_dendrimer,max,Individual,Cell_viability,Lee_unsat
Unsat_dendrimer,DOPE,"Total lipids/RNA 40:1; DOPE MW = 744, Chol = 387, C14-P2K = 2723",2A9V-4T,Lee_unsat,Pure,Hand,mRNA,slee,IGROV1,FFL,in_vitro,1.0,Lee_unsat_dendrimer,max,Individual,Cell_viability,Lee_unsat
Unsat_dendrimer,DOPE,"Total lipids/RNA 40:1; DOPE MW = 744, Chol = 387, C14-P2K = 2724",3A4-4T,Lee_unsat,Pure,Hand,mRNA,slee,IGROV1,FFL,in_vitro,1.0,Lee_unsat_dendrimer,max,Individual,Cell_viability,Lee_unsat
Unsat_dendrimer,DOPE,"Total lipids/RNA 40:1; DOPE MW = 744, Chol = 387, C14-P2K = 2726",4A3-4T,Lee_unsat,Pure,Hand,mRNA,slee,IGROV1,FFL,in_vitro,1.0,Lee_unsat_dendrimer,max,Individual,Cell_viability,Lee_unsat
Unsat_dendrimer,DOPE,"Total lipids/RNA 40:1; DOPE MW = 744, Chol = 387, C14-P2K = 2727",6A3-4T,Lee_unsat,Pure,Hand,mRNA,slee,IGROV1,FFL,in_vitro,1.0,Lee_unsat_dendrimer,max,Individual,Cell_viability,Lee_unsat
Unsat_dendrimer,DOPE,"Total lipids/RNA 40:1; DOPE MW = 744, Chol = 387, C14-P2K = 2729",2A9-4C,Lee_unsat,Pure,Hand,mRNA,slee,IGROV1,FFL,in_vitro,1.0,Lee_unsat_dendrimer,max,Individual,Cell_viability,Lee_unsat
Unsat_dendrimer,DOPE,"Total lipids/RNA 40:1; DOPE MW = 744, Chol = 387, C14-P2K = 2730",2A9V-4C,Lee_unsat,Pure,Hand,mRNA,slee,IGROV1,FFL,in_vitro,1.0,Lee_unsat_dendrimer,max,Individual,Cell_viability,Lee_unsat
Unsat_dendrimer,DOPE,"Total lipids/RNA 40:1; DOPE MW = 744, Chol = 387, C14-P2K = 2731",3A4-4C,Lee_unsat,Pure,Hand,mRNA,slee,IGROV1,FFL,in_vitro,1.0,Lee_unsat_dendrimer,max,Individual,Cell_viability,Lee_unsat
Unsat_dendrimer,DOPE,"Total lipids/RNA 40:1; DOPE MW = 744, Chol = 387, C14-P2K = 2733",4A3-4C,Lee_unsat,Pure,Hand,mRNA,slee,IGROV1,FFL,in_vitro,1.0,Lee_unsat_dendrimer,max,Individual,Cell_viability,Lee_unsat
Unsat_dendrimer,DOPE,"Total lipids/RNA 40:1; DOPE MW = 744, Chol = 387, C14-P2K = 2734",6A3-4C,Lee_unsat,Pure,Hand,mRNA,slee,IGROV1,FFL,in_vitro,1.0,Lee_unsat_dendrimer,max,Individual,Cell_viability,Lee_unsat
Unsat_dendrimer,DOPE,"Total lipids/RNA 40:1; DOPE MW = 744, Chol = 387, C14-P2K = 2736",2A9-SC8,Lee_unsat,Pure,Hand,mRNA,slee,IGROV1,FFL,in_vitro,1.0,Lee_unsat_dendrimer,max,Individual,Cell_viability,Lee_unsat
Unsat_dendrimer,DOPE,"Total lipids/RNA 40:1; DOPE MW = 744, Chol = 387, C14-P2K = 2737",2A9V-SC8,Lee_unsat,Pure,Hand,mRNA,slee,IGROV1,FFL,in_vitro,1.0,Lee_unsat_dendrimer,max,Individual,Cell_viability,Lee_unsat
Unsat_dendrimer,DOPE,"Total lipids/RNA 40:1; DOPE MW = 744, Chol = 387, C14-P2K = 2738",3A4-SC8,Lee_unsat,Pure,Hand,mRNA,slee,IGROV1,FFL,in_vitro,1.0,Lee_unsat_dendrimer,max,Individual,Cell_viability,Lee_unsat
Unsat_dendrimer,DOPE,"Total lipids/RNA 40:1; DOPE MW = 744, Chol = 387, C14-P2K = 2740",4A3-SC8,Lee_unsat,Pure,Hand,mRNA,slee,IGROV1,FFL,in_vitro,1.0,Lee_unsat_dendrimer,max,Individual,Cell_viability,Lee_unsat
Unsat_dendrimer,DOPE,"Total lipids/RNA 40:1; DOPE MW = 744, Chol = 387, C14-P2K = 2741",6A3-SC8,Lee_unsat,Pure,Hand,mRNA,slee,IGROV1,FFL,in_vitro,1.0,Lee_unsat_dendrimer,max,Individual,Cell_viability,Lee_unsat
Unsat_dendrimer,DOPE,"Total lipids/RNA 40:1; DOPE MW = 744, Chol = 387, C14-P2K = 2743",2A9-Far,Lee_unsat,Pure,Hand,mRNA,slee,IGROV1,FFL,in_vitro,1.0,Lee_unsat_dendrimer,max,Individual,Cell_viability,Lee_unsat
Unsat_dendrimer,DOPE,"Total lipids/RNA 40:1; DOPE MW = 744, Chol = 387, C14-P2K = 2744",2A9V-Far,Lee_unsat,Pure,Hand,mRNA,slee,IGROV1,FFL,in_vitro,1.0,Lee_unsat_dendrimer,max,Individual,Cell_viability,Lee_unsat
Unsat_dendrimer,DOPE,"Total lipids/RNA 40:1; DOPE MW = 744, Chol = 387, C14-P2K = 2745",3A4-Far,Lee_unsat,Pure,Hand,mRNA,slee,IGROV1,FFL,in_vitro,1.0,Lee_unsat_dendrimer,max,Individual,Cell_viability,Lee_unsat
Unsat_dendrimer,DOPE,"Total lipids/RNA 40:1; DOPE MW = 744, Chol = 387, C14-P2K = 2747",4A3-Far,Lee_unsat,Pure,Hand,mRNA,slee,IGROV1,FFL,in_vitro,1.0,Lee_unsat_dendrimer,max,Individual,Cell_viability,Lee_unsat
Unsat_dendrimer,DOPE,"Total lipids/RNA 40:1; DOPE MW = 744, Chol = 387, C14-P2K = 2748",6A3-Far,Lee_unsat,Pure,Hand,mRNA,slee,IGROV1,FFL,in_vitro,1.0,Lee_unsat_dendrimer,max,Individual,Cell_viability,Lee_unsat
Unsat_dendrimer,DOPE,"Total lipids/RNA 40:1; DOPE MW = 744, Chol = 387, C14-P2K = 2750",2A9-SC6,Lee_unsat,Pure,Hand,mRNA,slee,IGROV1,FFL,in_vitro,1.0,Lee_unsat_dendrimer,max,Individual,Cell_viability,Lee_unsat
Unsat_dendrimer,DOPE,"Total lipids/RNA 40:1; DOPE MW = 744, Chol = 387, C14-P2K = 2751",2A9V-SC6,Lee_unsat,Pure,Hand,mRNA,slee,IGROV1,FFL,in_vitro,1.0,Lee_unsat_dendrimer,max,Individual,Cell_viability,Lee_unsat
Unsat_dendrimer,DOPE,"Total lipids/RNA 40:1; DOPE MW = 744, Chol = 387, C14-P2K = 2752",3A4-SC6,Lee_unsat,Pure,Hand,mRNA,slee,IGROV1,FFL,in_vitro,1.0,Lee_unsat_dendrimer,max,Individual,Cell_viability,Lee_unsat
Unsat_dendrimer,DOPE,"Total lipids/RNA 40:1; DOPE MW = 744, Chol = 387, C14-P2K = 2754",4A3-SC6,Lee_unsat,Pure,Hand,mRNA,slee,IGROV1,FFL,in_vitro,1.0,Lee_unsat_dendrimer,max,Individual,Cell_viability,Lee_unsat
Unsat_dendrimer,DOPE,"Total lipids/RNA 40:1; DOPE MW = 744, Chol = 387, C14-P2K = 2755",6A3-SC6,Lee_unsat,Pure,Hand,mRNA,slee,IGROV1,FFL,in_vitro,1.0,Lee_unsat_dendrimer,max,Individual,Cell_viability,Lee_unsat
Unsat_dendrimer,DOPE,"Total lipids/RNA 40:1; DOPE MW = 744, Chol = 387, C14-P2K = 2757",2A9-2T,Lee_unsat,Pure,Hand,mRNA,slee,IGROV1,FFL,in_vitro,1.0,Lee_unsat_dendrimer,max,Individual,Cell_viability,Lee_unsat
Unsat_dendrimer,DOPE,"Total lipids/RNA 40:1; DOPE MW = 744, Chol = 387, C14-P2K = 2758",2A9V-2T,Lee_unsat,Pure,Hand,mRNA,slee,IGROV1,FFL,in_vitro,1.0,Lee_unsat_dendrimer,max,Individual,Cell_viability,Lee_unsat
Unsat_dendrimer,DOPE,"Total lipids/RNA 40:1; DOPE MW = 744, Chol = 387, C14-P2K = 2759",3A4-2T,Lee_unsat,Pure,Hand,mRNA,slee,IGROV1,FFL,in_vitro,1.0,Lee_unsat_dendrimer,max,Individual,Cell_viability,Lee_unsat
Unsat_dendrimer,DOPE,"Total lipids/RNA 40:1; DOPE MW = 744, Chol = 387, C14-P2K = 2761",4A3-2T,Lee_unsat,Pure,Hand,mRNA,slee,IGROV1,FFL,in_vitro,1.0,Lee_unsat_dendrimer,max,Individual,Cell_viability,Lee_unsat
Unsat_dendrimer,DOPE,"Total lipids/RNA 40:1; DOPE MW = 744, Chol = 387, C14-P2K = 2762",6A3-2T,Lee_unsat,Pure,Hand,mRNA,slee,IGROV1,FFL,in_vitro,1.0,Lee_unsat_dendrimer,max,Individual,Cell_viability,Lee_unsat
Unsat_dendrimer,DOPE,"Total lipids/RNA 40:1; DOPE MW = 744, Chol = 387, C14-P2K = 2764",2A9-2C,Lee_unsat,Pure,Hand,mRNA,slee,IGROV1,FFL,in_vitro,1.0,Lee_unsat_dendrimer,max,Individual,Cell_viability,Lee_unsat
Unsat_dendrimer,DOPE,"Total lipids/RNA 40:1; DOPE MW = 744, Chol = 387, C14-P2K = 2765",2A9V-2C,Lee_unsat,Pure,Hand,mRNA,slee,IGROV1,FFL,in_vitro,1.0,Lee_unsat_dendrimer,max,Individual,Cell_viability,Lee_unsat
Unsat_dendrimer,DOPE,"Total lipids/RNA 40:1; DOPE MW = 744, Chol = 387, C14-P2K = 2766",3A4-2C,Lee_unsat,Pure,Hand,mRNA,slee,IGROV1,FFL,in_vitro,1.0,Lee_unsat_dendrimer,max,Individual,Cell_viability,Lee_unsat
Unsat_dendrimer,DOPE,"Total lipids/RNA 40:1; DOPE MW = 744, Chol = 387, C14-P2K = 2768",4A3-2C,Lee_unsat,Pure,Hand,mRNA,slee,IGROV1,FFL,in_vitro,1.0,Lee_unsat_dendrimer,max,Individual,Cell_viability,Lee_unsat
Unsat_dendrimer,DOPE,"Total lipids/RNA 40:1; DOPE MW = 744, Chol = 387, C14-P2K = 2769",6A3-2C,Lee_unsat,Pure,Hand,mRNA,slee,IGROV1,FFL,in_vitro,1.0,Lee_unsat_dendrimer,max,Individual,Cell_viability,Lee_unsat
Unsat_dendrimer,DOPE,"Total lipids/RNA 40:1; DOPE MW = 744, Chol = 387, C14-P2K = 2771",2A9-5,Lee_unsat,Pure,Hand,mRNA,slee,IGROV1,FFL,in_vitro,1.0,Lee_unsat_dendrimer,max,Individual,Cell_viability,Lee_unsat
Unsat_dendrimer,DOPE,"Total lipids/RNA 40:1; DOPE MW = 744, Chol = 387, C14-P2K = 2772",2A9V-5,Lee_unsat,Pure,Hand,mRNA,slee,IGROV1,FFL,in_vitro,1.0,Lee_unsat_dendrimer,max,Individual,Cell_viability,Lee_unsat
Unsat_dendrimer,DOPE,"Total lipids/RNA 40:1; DOPE MW = 744, Chol = 387, C14-P2K = 2773",3A4-5,Lee_unsat,Pure,Hand,mRNA,slee,IGROV1,FFL,in_vitro,1.0,Lee_unsat_dendrimer,max,Individual,Cell_viability,Lee_unsat
Unsat_dendrimer,DOPE,"Total lipids/RNA 40:1; DOPE MW = 744, Chol = 387, C14-P2K = 2775",4A3-5,Lee_unsat,Pure,Hand,mRNA,slee,IGROV1,FFL,in_vitro,1.0,Lee_unsat_dendrimer,max,Individual,Cell_viability,Lee_unsat
Unsat_dendrimer,DOPE,"Total lipids/RNA 40:1; DOPE MW = 744, Chol = 387, C14-P2K = 2776",6A3-5,Lee_unsat,Pure,Hand,mRNA,slee,IGROV1,FFL,in_vitro,1.0,Lee_unsat_dendrimer,max,Individual,Cell_viability,Lee_unsat
Unsat_dendrimer,DOPE,"Total lipids/RNA 40:1; DOPE MW = 744, Chol = 387, C14-P2K = 2778",2A9-Cit,Lee_unsat,Pure,Hand,mRNA,slee,IGROV1,FFL,in_vitro,1.0,Lee_unsat_dendrimer,max,Individual,Cell_viability,Lee_unsat
Unsat_dendrimer,DOPE,"Total lipids/RNA 40:1; DOPE MW = 744, Chol = 387, C14-P2K = 2779",2A9V-Cit,Lee_unsat,Pure,Hand,mRNA,slee,IGROV1,FFL,in_vitro,1.0,Lee_unsat_dendrimer,max,Individual,Cell_viability,Lee_unsat
Unsat_dendrimer,DOPE,"Total lipids/RNA 40:1; DOPE MW = 744, Chol = 387, C14-P2K = 2780",3A4-Cit,Lee_unsat,Pure,Hand,mRNA,slee,IGROV1,FFL,in_vitro,1.0,Lee_unsat_dendrimer,max,Individual,Cell_viability,Lee_unsat
Unsat_dendrimer,DOPE,"Total lipids/RNA 40:1; DOPE MW = 744, Chol = 387, C14-P2K = 2782",4A3-Cit,Lee_unsat,Pure,Hand,mRNA,slee,IGROV1,FFL,in_vitro,1.0,Lee_unsat_dendrimer,max,Individual,Cell_viability,Lee_unsat
Unsat_dendrimer,DOPE,"Total lipids/RNA 40:1; DOPE MW = 744, Chol = 387, C14-P2K = 2783",6A3-Cit,Lee_unsat,Pure,Hand,mRNA,slee,IGROV1,FFL,in_vitro,1.0,Lee_unsat_dendrimer,max,Individual,Cell_viability,Lee_unsat
Lxue,DOPE,Tox,3-a2-6,Xue_CAD_LNP,Pure,Microfluidic,mRNA,lxue,HeLa,FLL,in_vitro,1.0,Xue_CAD_LNP,max,Barcoded,Cell_viability,Xue_CAD_LNP
Lxue,DOPE,Tox,3-a2-6b,Xue_CAD_LNP,Pure,Microfluidic,mRNA,lxue,HeLa,FLL,in_vitro,1.0,Xue_CAD_LNP,max,Barcoded,Cell_viability,Xue_CAD_LNP
Lxue,DOPE,Tox,3-a2-7,Xue_CAD_LNP,Pure,Microfluidic,mRNA,lxue,HeLa,FLL,in_vitro,1.0,Xue_CAD_LNP,max,Barcoded,Cell_viability,Xue_CAD_LNP
Lxue,DOPE,Tox,3-a2-7b,Xue_CAD_LNP,Pure,Microfluidic,mRNA,lxue,HeLa,FLL,in_vitro,1.0,Xue_CAD_LNP,max,Barcoded,Cell_viability,Xue_CAD_LNP
Lxue,DOPE,Tox,3-a2-7b2,Xue_CAD_LNP,Pure,Microfluidic,mRNA,lxue,HeLa,FLL,in_vitro,1.0,Xue_CAD_LNP,max,Barcoded,Cell_viability,Xue_CAD_LNP
Lxue,DOPE,Tox,3-a2-8,Xue_CAD_LNP,Pure,Microfluidic,mRNA,lxue,HeLa,FLL,in_vitro,1.0,Xue_CAD_LNP,max,Barcoded,Cell_viability,Xue_CAD_LNP
Lxue,DOPE,Tox,3-a2-8b,Xue_CAD_LNP,Pure,Microfluidic,mRNA,lxue,HeLa,FLL,in_vitro,1.0,Xue_CAD_LNP,max,Barcoded,Cell_viability,Xue_CAD_LNP
Lxue,DOPE,Tox,3-a2-9,Xue_CAD_LNP,Pure,Microfluidic,mRNA,lxue,HeLa,FLL,in_vitro,1.0,Xue_CAD_LNP,max,Barcoded,Cell_viability,Xue_CAD_LNP
Lxue,DOPE,Tox,3-a2-9b,Xue_CAD_LNP,Pure,Microfluidic,mRNA,lxue,HeLa,FLL,in_vitro,1.0,Xue_CAD_LNP,max,Barcoded,Cell_viability,Xue_CAD_LNP
Lxue,DOPE,Tox,3-a2-9b2,Xue_CAD_LNP,Pure,Microfluidic,mRNA,lxue,HeLa,FLL,in_vitro,1.0,Xue_CAD_LNP,max,Barcoded,Cell_viability,Xue_CAD_LNP
Lxue,DOPE,Tox,3-a3-6b,Xue_CAD_LNP,Pure,Microfluidic,mRNA,lxue,HeLa,FLL,in_vitro,1.0,Xue_CAD_LNP,max,Barcoded,Cell_viability,Xue_CAD_LNP
Lxue,DOPE,Tox,3-a3-7b,Xue_CAD_LNP,Pure,Microfluidic,mRNA,lxue,HeLa,FLL,in_vitro,1.0,Xue_CAD_LNP,max,Barcoded,Cell_viability,Xue_CAD_LNP
Lxue,DOPE,Tox,3-a3-7b2,Xue_CAD_LNP,Pure,Microfluidic,mRNA,lxue,HeLa,FLL,in_vitro,1.0,Xue_CAD_LNP,max,Barcoded,Cell_viability,Xue_CAD_LNP
Lxue,DOPE,Tox,3-a3-8b,Xue_CAD_LNP,Pure,Microfluidic,mRNA,lxue,HeLa,FLL,in_vitro,1.0,Xue_CAD_LNP,max,Barcoded,Cell_viability,Xue_CAD_LNP
Lxue,DOPE,Tox,3-a3-9b2,Xue_CAD_LNP,Pure,Microfluidic,mRNA,lxue,HeLa,FLL,in_vitro,1.0,Xue_CAD_LNP,max,Barcoded,Cell_viability,Xue_CAD_LNP
Lxue,DOPE,Tox,9-a2-6,Xue_CAD_LNP,Pure,Microfluidic,mRNA,lxue,HeLa,FLL,in_vitro,1.0,Xue_CAD_LNP,max,Barcoded,Cell_viability,Xue_CAD_LNP
Lxue,DOPE,Tox,9-a2-6b,Xue_CAD_LNP,Pure,Microfluidic,mRNA,lxue,HeLa,FLL,in_vitro,1.0,Xue_CAD_LNP,max,Barcoded,Cell_viability,Xue_CAD_LNP
Lxue,DOPE,Tox,9-a2-7,Xue_CAD_LNP,Pure,Microfluidic,mRNA,lxue,HeLa,FLL,in_vitro,1.0,Xue_CAD_LNP,max,Barcoded,Cell_viability,Xue_CAD_LNP
Lxue,DOPE,Tox,9-a2-7b,Xue_CAD_LNP,Pure,Microfluidic,mRNA,lxue,HeLa,FLL,in_vitro,1.0,Xue_CAD_LNP,max,Barcoded,Cell_viability,Xue_CAD_LNP
Lxue,DOPE,Tox,9-a2-7b2,Xue_CAD_LNP,Pure,Microfluidic,mRNA,lxue,HeLa,FLL,in_vitro,1.0,Xue_CAD_LNP,max,Barcoded,Cell_viability,Xue_CAD_LNP
Lxue,DOPE,Tox,9-a2-8,Xue_CAD_LNP,Pure,Microfluidic,mRNA,lxue,HeLa,FLL,in_vitro,1.0,Xue_CAD_LNP,max,Barcoded,Cell_viability,Xue_CAD_LNP
Lxue,DOPE,Tox,9-a2-8b,Xue_CAD_LNP,Pure,Microfluidic,mRNA,lxue,HeLa,FLL,in_vitro,1.0,Xue_CAD_LNP,max,Barcoded,Cell_viability,Xue_CAD_LNP
Lxue,DOPE,Tox,9-a2-9,Xue_CAD_LNP,Pure,Microfluidic,mRNA,lxue,HeLa,FLL,in_vitro,1.0,Xue_CAD_LNP,max,Barcoded,Cell_viability,Xue_CAD_LNP
Lxue,DOPE,Tox,9-a2-9b,Xue_CAD_LNP,Pure,Microfluidic,mRNA,lxue,HeLa,FLL,in_vitro,1.0,Xue_CAD_LNP,max,Barcoded,Cell_viability,Xue_CAD_LNP
Lxue,DOPE,Tox,9-a2-9b2,Xue_CAD_LNP,Pure,Microfluidic,mRNA,lxue,HeLa,FLL,in_vitro,1.0,Xue_CAD_LNP,max,Barcoded,Cell_viability,Xue_CAD_LNP
Lxue,DOPE,Tox,9-a3-6b,Xue_CAD_LNP,Pure,Microfluidic,mRNA,lxue,HeLa,FLL,in_vitro,1.0,Xue_CAD_LNP,max,Barcoded,Cell_viability,Xue_CAD_LNP
Lxue,DOPE,Tox,9-a3-7b,Xue_CAD_LNP,Pure,Microfluidic,mRNA,lxue,HeLa,FLL,in_vitro,1.0,Xue_CAD_LNP,max,Barcoded,Cell_viability,Xue_CAD_LNP
Lxue,DOPE,Tox,9-a3-7b2,Xue_CAD_LNP,Pure,Microfluidic,mRNA,lxue,HeLa,FLL,in_vitro,1.0,Xue_CAD_LNP,max,Barcoded,Cell_viability,Xue_CAD_LNP
Lxue,DOPE,Tox,9-a3-8b,Xue_CAD_LNP,Pure,Microfluidic,mRNA,lxue,HeLa,FLL,in_vitro,1.0,Xue_CAD_LNP,max,Barcoded,Cell_viability,Xue_CAD_LNP
Lxue,DOPE,Tox,9-a3-9b2,Xue_CAD_LNP,Pure,Microfluidic,mRNA,lxue,HeLa,FLL,in_vitro,1.0,Xue_CAD_LNP,max,Barcoded,Cell_viability,Xue_CAD_LNP
Han_a3,DOPE,,A13-2,Han_a3,Crude,Hand,mRNA,Han,HepG2,FFL,in_vitro,1.0,Han_a3,max,Individual,Cell_viability,Han_a3
Han_a3,DOPE,,B13-2,Han_a3,Crude,Hand,mRNA,Han,HepG2,FFL,in_vitro,1.0,Han_a3,max,Individual,Cell_viability,Han_a3
Han_a3,DOPE,,A17-2,Han_a3,Crude,Hand,mRNA,Han,HepG2,FFL,in_vitro,1.0,Han_a3,max,Individual,Cell_viability,Han_a3
Han_a3,DOPE,,B17-2,Han_a3,Crude,Hand,mRNA,Han,HepG2,FFL,in_vitro,1.0,Han_a3,max,Individual,Cell_viability,Han_a3
Han_a3,DOPE,,A21-2,Han_a3,Crude,Hand,mRNA,Han,HepG2,FFL,in_vitro,1.0,Han_a3,max,Individual,Cell_viability,Han_a3
Han_a3,DOPE,,B21-2,Han_a3,Crude,Hand,mRNA,Han,HepG2,FFL,in_vitro,1.0,Han_a3,max,Individual,Cell_viability,Han_a3
Han_a3,DOPE,,A25-4,Han_a3,Crude,Hand,mRNA,Han,HepG2,FFL,in_vitro,1.0,Han_a3,max,Individual,Cell_viability,Han_a3
Han_a3,DOPE,,B25-4,Han_a3,Crude,Hand,mRNA,Han,HepG2,FFL,in_vitro,1.0,Han_a3,max,Individual,Cell_viability,Han_a3
Han_a3,DOPE,,A29-6,Han_a3,Crude,Hand,mRNA,Han,HepG2,FFL,in_vitro,1.0,Han_a3,max,Individual,Cell_viability,Han_a3
Han_a3,DOPE,,B29-6,Han_a3,Crude,Hand,mRNA,Han,HepG2,FFL,in_vitro,1.0,Han_a3,max,Individual,Cell_viability,Han_a3
Han_a3,DOPE,,C15-2,Han_a3,Crude,Hand,mRNA,Han,HepG2,FFL,in_vitro,1.0,Han_a3,max,Individual,Cell_viability,Han_a3
Han_a3,DOPE,,C19-2,Han_a3,Crude,Hand,mRNA,Han,HepG2,FFL,in_vitro,1.0,Han_a3,max,Individual,Cell_viability,Han_a3
Han_a3,DOPE,,C23-3,Han_a3,Crude,Hand,mRNA,Han,HepG2,FFL,in_vitro,1.0,Han_a3,max,Individual,Cell_viability,Han_a3
Han_a3,DOPE,,C27-4,Han_a3,Crude,Hand,mRNA,Han,HepG2,FFL,in_vitro,1.0,Han_a3,max,Individual,Cell_viability,Han_a3
Lxue,DOPE,Tox,4-a2-6,Xue_CAD_LNP,Pure,Microfluidic,mRNA,lxue,HeLa,FLL,in_vitro,1.0,Xue_CAD_LNP,max,Barcoded,Cell_viability,Xue_CAD_LNP
Lxue,DOPE,Tox,4-a2-6b,Xue_CAD_LNP,Pure,Microfluidic,mRNA,lxue,HeLa,FLL,in_vitro,1.0,Xue_CAD_LNP,max,Barcoded,Cell_viability,Xue_CAD_LNP
Lxue,DOPE,Tox,4-a2-7,Xue_CAD_LNP,Pure,Microfluidic,mRNA,lxue,HeLa,FLL,in_vitro,1.0,Xue_CAD_LNP,max,Barcoded,Cell_viability,Xue_CAD_LNP
Lxue,DOPE,Tox,4-a2-7b,Xue_CAD_LNP,Pure,Microfluidic,mRNA,lxue,HeLa,FLL,in_vitro,1.0,Xue_CAD_LNP,max,Barcoded,Cell_viability,Xue_CAD_LNP
Lxue,DOPE,Tox,4-a2-7b2,Xue_CAD_LNP,Pure,Microfluidic,mRNA,lxue,HeLa,FLL,in_vitro,1.0,Xue_CAD_LNP,max,Barcoded,Cell_viability,Xue_CAD_LNP
Lxue,DOPE,Tox,4-a2-8,Xue_CAD_LNP,Pure,Microfluidic,mRNA,lxue,HeLa,FLL,in_vitro,1.0,Xue_CAD_LNP,max,Barcoded,Cell_viability,Xue_CAD_LNP
Lxue,DOPE,Tox,4-a2-8b,Xue_CAD_LNP,Pure,Microfluidic,mRNA,lxue,HeLa,FLL,in_vitro,1.0,Xue_CAD_LNP,max,Barcoded,Cell_viability,Xue_CAD_LNP
Lxue,DOPE,Tox,4-a2-9,Xue_CAD_LNP,Pure,Microfluidic,mRNA,lxue,HeLa,FLL,in_vitro,1.0,Xue_CAD_LNP,max,Barcoded,Cell_viability,Xue_CAD_LNP
Lxue,DOPE,Tox,4-a2-9b,Xue_CAD_LNP,Pure,Microfluidic,mRNA,lxue,HeLa,FLL,in_vitro,1.0,Xue_CAD_LNP,max,Barcoded,Cell_viability,Xue_CAD_LNP
Lxue,DOPE,Tox,4-a2-9b2,Xue_CAD_LNP,Pure,Microfluidic,mRNA,lxue,HeLa,FLL,in_vitro,1.0,Xue_CAD_LNP,max,Barcoded,Cell_viability,Xue_CAD_LNP
Lxue,DOPE,Tox,4-a3-6b,Xue_CAD_LNP,Pure,Microfluidic,mRNA,lxue,HeLa,FLL,in_vitro,1.0,Xue_CAD_LNP,max,Barcoded,Cell_viability,Xue_CAD_LNP
Lxue,DOPE,Tox,4-a3-7b,Xue_CAD_LNP,Pure,Microfluidic,mRNA,lxue,HeLa,FLL,in_vitro,1.0,Xue_CAD_LNP,max,Barcoded,Cell_viability,Xue_CAD_LNP
Lxue,DOPE,Tox,4-a3-7b2,Xue_CAD_LNP,Pure,Microfluidic,mRNA,lxue,HeLa,FLL,in_vitro,1.0,Xue_CAD_LNP,max,Barcoded,Cell_viability,Xue_CAD_LNP
Lxue,DOPE,Tox,4-a3-8b,Xue_CAD_LNP,Pure,Microfluidic,mRNA,lxue,HeLa,FLL,in_vitro,1.0,Xue_CAD_LNP,max,Barcoded,Cell_viability,Xue_CAD_LNP
Lxue,DOPE,Tox,4-a3-9b2,Xue_CAD_LNP,Pure,Microfluidic,mRNA,lxue,HeLa,FLL,in_vitro,1.0,Xue_CAD_LNP,max,Barcoded,Cell_viability,Xue_CAD_LNP
Lxue,DOPE,Tox,10-a2-6,Xue_CAD_LNP,Pure,Microfluidic,mRNA,lxue,HeLa,FLL,in_vitro,1.0,Xue_CAD_LNP,max,Barcoded,Cell_viability,Xue_CAD_LNP
Lxue,DOPE,Tox,10-a2-6b,Xue_CAD_LNP,Pure,Microfluidic,mRNA,lxue,HeLa,FLL,in_vitro,1.0,Xue_CAD_LNP,max,Barcoded,Cell_viability,Xue_CAD_LNP
Lxue,DOPE,Tox,10-a2-7,Xue_CAD_LNP,Pure,Microfluidic,mRNA,lxue,HeLa,FLL,in_vitro,1.0,Xue_CAD_LNP,max,Barcoded,Cell_viability,Xue_CAD_LNP
Lxue,DOPE,Tox,10-a2-7b,Xue_CAD_LNP,Pure,Microfluidic,mRNA,lxue,HeLa,FLL,in_vitro,1.0,Xue_CAD_LNP,max,Barcoded,Cell_viability,Xue_CAD_LNP
Lxue,DOPE,Tox,10-a2-7b2,Xue_CAD_LNP,Pure,Microfluidic,mRNA,lxue,HeLa,FLL,in_vitro,1.0,Xue_CAD_LNP,max,Barcoded,Cell_viability,Xue_CAD_LNP
Lxue,DOPE,Tox,10-a2-8,Xue_CAD_LNP,Pure,Microfluidic,mRNA,lxue,HeLa,FLL,in_vitro,1.0,Xue_CAD_LNP,max,Barcoded,Cell_viability,Xue_CAD_LNP
Lxue,DOPE,Tox,10-a2-8b,Xue_CAD_LNP,Pure,Microfluidic,mRNA,lxue,HeLa,FLL,in_vitro,1.0,Xue_CAD_LNP,max,Barcoded,Cell_viability,Xue_CAD_LNP
Lxue,DOPE,Tox,10-a2-9,Xue_CAD_LNP,Pure,Microfluidic,mRNA,lxue,HeLa,FLL,in_vitro,1.0,Xue_CAD_LNP,max,Barcoded,Cell_viability,Xue_CAD_LNP
Lxue,DOPE,Tox,10-a2-9b,Xue_CAD_LNP,Pure,Microfluidic,mRNA,lxue,HeLa,FLL,in_vitro,1.0,Xue_CAD_LNP,max,Barcoded,Cell_viability,Xue_CAD_LNP
Lxue,DOPE,Tox,10-a2-9b2,Xue_CAD_LNP,Pure,Microfluidic,mRNA,lxue,HeLa,FLL,in_vitro,1.0,Xue_CAD_LNP,max,Barcoded,Cell_viability,Xue_CAD_LNP
Lxue,DOPE,Tox,10-a3-6b,Xue_CAD_LNP,Pure,Microfluidic,mRNA,lxue,HeLa,FLL,in_vitro,1.0,Xue_CAD_LNP,max,Barcoded,Cell_viability,Xue_CAD_LNP
Lxue,DOPE,Tox,10-a3-7b,Xue_CAD_LNP,Pure,Microfluidic,mRNA,lxue,HeLa,FLL,in_vitro,1.0,Xue_CAD_LNP,max,Barcoded,Cell_viability,Xue_CAD_LNP
Lxue,DOPE,Tox,10-a3-7b2,Xue_CAD_LNP,Pure,Microfluidic,mRNA,lxue,HeLa,FLL,in_vitro,1.0,Xue_CAD_LNP,max,Barcoded,Cell_viability,Xue_CAD_LNP
Lxue,DOPE,Tox,10-a3-8b,Xue_CAD_LNP,Pure,Microfluidic,mRNA,lxue,HeLa,FLL,in_vitro,1.0,Xue_CAD_LNP,max,Barcoded,Cell_viability,Xue_CAD_LNP
Lxue,DOPE,Tox,10-a3-9b2,Xue_CAD_LNP,Pure,Microfluidic,mRNA,lxue,HeLa,FLL,in_vitro,1.0,Xue_CAD_LNP,max,Barcoded,Cell_viability,Xue_CAD_LNP
Han_a3,DOPE,,A14-2,Han_a3,Crude,Hand,mRNA,Han,HepG2,FFL,in_vitro,1.0,Han_a3,max,Individual,Cell_viability,Han_a3
Han_a3,DOPE,,B14-2,Han_a3,Crude,Hand,mRNA,Han,HepG2,FFL,in_vitro,1.0,Han_a3,max,Individual,Cell_viability,Han_a3
Han_a3,DOPE,,A18-2,Han_a3,Crude,Hand,mRNA,Han,HepG2,FFL,in_vitro,1.0,Han_a3,max,Individual,Cell_viability,Han_a3
Han_a3,DOPE,,B18-2,Han_a3,Crude,Hand,mRNA,Han,HepG2,FFL,in_vitro,1.0,Han_a3,max,Individual,Cell_viability,Han_a3
Han_a3,DOPE,,A22-2,Han_a3,Crude,Hand,mRNA,Han,HepG2,FFL,in_vitro,1.0,Han_a3,max,Individual,Cell_viability,Han_a3
Han_a3,DOPE,,B22-2,Han_a3,Crude,Hand,mRNA,Han,HepG2,FFL,in_vitro,1.0,Han_a3,max,Individual,Cell_viability,Han_a3
Han_a3,DOPE,,A26-4,Han_a3,Crude,Hand,mRNA,Han,HepG2,FFL,in_vitro,1.0,Han_a3,max,Individual,Cell_viability,Han_a3
Han_a3,DOPE,,B26-4,Han_a3,Crude,Hand,mRNA,Han,HepG2,FFL,in_vitro,1.0,Han_a3,max,Individual,Cell_viability,Han_a3
Han_a3,DOPE,,A30-4,Han_a3,Crude,Hand,mRNA,Han,HepG2,FFL,in_vitro,1.0,Han_a3,max,Individual,Cell_viability,Han_a3
Han_a3,DOPE,,B30-4,Han_a3,Crude,Hand,mRNA,Han,HepG2,FFL,in_vitro,1.0,Han_a3,max,Individual,Cell_viability,Han_a3
Han_a3,DOPE,,C16-2,Han_a3,Crude,Hand,mRNA,Han,HepG2,FFL,in_vitro,1.0,Han_a3,max,Individual,Cell_viability,Han_a3
Han_a3,DOPE,,C20-2,Han_a3,Crude,Hand,mRNA,Han,HepG2,FFL,in_vitro,1.0,Han_a3,max,Individual,Cell_viability,Han_a3
Han_a3,DOPE,,C24-4,Han_a3,Crude,Hand,mRNA,Han,HepG2,FFL,in_vitro,1.0,Han_a3,max,Individual,Cell_viability,Han_a3
Han_a3,DOPE,,C28-4,Han_a3,Crude,Hand,mRNA,Han,HepG2,FFL,in_vitro,1.0,Han_a3,max,Individual,Cell_viability,Han_a3
Han_a3,DOPE,,A1-2,Han_a3,Crude,Hand,mRNA,Han,HepG2,FFL,in_vitro,1.0,Han_a3,max,Individual,Cell_viability,Han_a3
Han_a3,DOPE,,B1-2,Han_a3,Crude,Hand,mRNA,Han,HepG2,FFL,in_vitro,1.0,Han_a3,max,Individual,Cell_viability,Han_a3
Han_a3,DOPE,,A2-2,Han_a3,Crude,Hand,mRNA,Han,HepG2,FFL,in_vitro,1.0,Han_a3,max,Individual,Cell_viability,Han_a3
Han_a3,DOPE,,B2-2,Han_a3,Crude,Hand,mRNA,Han,HepG2,FFL,in_vitro,1.0,Han_a3,max,Individual,Cell_viability,Han_a3
Han_a3,DOPE,,A3-2,Han_a3,Crude,Hand,mRNA,Han,HepG2,FFL,in_vitro,1.0,Han_a3,max,Individual,Cell_viability,Han_a3
Han_a3,DOPE,,B3-2,Han_a3,Crude,Hand,mRNA,Han,HepG2,FFL,in_vitro,1.0,Han_a3,max,Individual,Cell_viability,Han_a3
Han_a3,DOPE,,A4-2,Han_a3,Crude,Hand,mRNA,Han,HepG2,FFL,in_vitro,1.0,Han_a3,max,Individual,Cell_viability,Han_a3
Han_a3,DOPE,,B4-2,Han_a3,Crude,Hand,mRNA,Han,HepG2,FFL,in_vitro,1.0,Han_a3,max,Individual,Cell_viability,Han_a3
Han_a3,DOPE,,A8-2,Han_a3,Crude,Hand,mRNA,Han,HepG2,FFL,in_vitro,1.0,Han_a3,max,Individual,Cell_viability,Han_a3
Han_a3,DOPE,,B8-2,Han_a3,Crude,Hand,mRNA,Han,HepG2,FFL,in_vitro,1.0,Han_a3,max,Individual,Cell_viability,Han_a3
Han_a3,DOPE,,A9-2,Han_a3,Crude,Hand,mRNA,Han,HepG2,FFL,in_vitro,1.0,Han_a3,max,Individual,Cell_viability,Han_a3
Han_a3,DOPE,,B9-2,Han_a3,Crude,Hand,mRNA,Han,HepG2,FFL,in_vitro,1.0,Han_a3,max,Individual,Cell_viability,Han_a3
Han_a3,DOPE,,A10-2,Han_a3,Crude,Hand,mRNA,Han,HepG2,FFL,in_vitro,1.0,Han_a3,max,Individual,Cell_viability,Han_a3
Han_a3,DOPE,,B10-2,Han_a3,Crude,Hand,mRNA,Han,HepG2,FFL,in_vitro,1.0,Han_a3,max,Individual,Cell_viability,Han_a3
Han_a3,DOPE,,A11-2,Han_a3,Crude,Hand,mRNA,Han,HepG2,FFL,in_vitro,1.0,Han_a3,max,Individual,Cell_viability,Han_a3
Han_a3,DOPE,,B11-2,Han_a3,Crude,Hand,mRNA,Han,HepG2,FFL,in_vitro,1.0,Han_a3,max,Individual,Cell_viability,Han_a3
Han_a3,DOPE,,A12-2,Han_a3,Crude,Hand,mRNA,Han,HepG2,FFL,in_vitro,1.0,Han_a3,max,Individual,Cell_viability,Han_a3
Han_a3,DOPE,,B12-2,Han_a3,Crude,Hand,mRNA,Han,HepG2,FFL,in_vitro,1.0,Han_a3,max,Individual,Cell_viability,Han_a3
Han_a3,DOPE,,C1-2,Han_a3,Crude,Hand,mRNA,Han,HepG2,FFL,in_vitro,1.0,Han_a3,max,Individual,Cell_viability,Han_a3
Han_a3,DOPE,,C2-2,Han_a3,Crude,Hand,mRNA,Han,HepG2,FFL,in_vitro,1.0,Han_a3,max,Individual,Cell_viability,Han_a3
Han_a3,DOPE,,C3-2,Han_a3,Crude,Hand,mRNA,Han,HepG2,FFL,in_vitro,1.0,Han_a3,max,Individual,Cell_viability,Han_a3
Han_a3,DOPE,,C4-2,Han_a3,Crude,Hand,mRNA,Han,HepG2,FFL,in_vitro,1.0,Han_a3,max,Individual,Cell_viability,Han_a3
Han_a3,DOPE,,C8-2,Han_a3,Crude,Hand,mRNA,Han,HepG2,FFL,in_vitro,1.0,Han_a3,max,Individual,Cell_viability,Han_a3
Han_a3,DOPE,,C9-2,Han_a3,Crude,Hand,mRNA,Han,HepG2,FFL,in_vitro,1.0,Han_a3,max,Individual,Cell_viability,Han_a3
Han_a3,DOPE,,C10-2,Han_a3,Crude,Hand,mRNA,Han,HepG2,FFL,in_vitro,1.0,Han_a3,max,Individual,Cell_viability,Han_a3
Han_a3,DOPE,,C11-2,Han_a3,Crude,Hand,mRNA,Han,HepG2,FFL,in_vitro,1.0,Han_a3,max,Individual,Cell_viability,Han_a3
Han_a3,DOPE,,C12-2,Han_a3,Crude,Hand,mRNA,Han,HepG2,FFL,in_vitro,1.0,Han_a3,max,Individual,Cell_viability,Han_a3
Han_a3,DOPE,,C5-2,Han_a3,Crude,Hand,mRNA,Han,HepG2,FFL,in_vitro,1.0,Han_a3,max,Individual,Cell_viability,Han_a3
Han_a3,DOPE,,C7-2,Han_a3,Crude,Hand,mRNA,Han,HepG2,FFL,in_vitro,1.0,Han_a3,max,Individual,Cell_viability,Han_a3
Han_a3,DOPE,,A6-2,Han_a3,Crude,Hand,mRNA,Han,HepG2,FFL,in_vitro,1.0,Han_a3,max,Individual,Cell_viability,Han_a3
Han_a3,DOPE,,B6-2,Han_a3,Crude,Hand,mRNA,Han,HepG2,FFL,in_vitro,1.0,Han_a3,max,Individual,Cell_viability,Han_a3
Han_a3,DOPE,,A16-2,Han_a3,Crude,Hand,mRNA,Han,HepG2,FFL,in_vitro,1.0,Han_a3,max,Individual,Cell_viability,Han_a3
Han_a3,DOPE,,B16-2,Han_a3,Crude,Hand,mRNA,Han,HepG2,FFL,in_vitro,1.0,Han_a3,max,Individual,Cell_viability,Han_a3
Han_a3,DOPE,,A20-2,Han_a3,Crude,Hand,mRNA,Han,HepG2,FFL,in_vitro,1.0,Han_a3,max,Individual,Cell_viability,Han_a3
Han_a3,DOPE,,B20-2,Han_a3,Crude,Hand,mRNA,Han,HepG2,FFL,in_vitro,1.0,Han_a3,max,Individual,Cell_viability,Han_a3
Han_a3,DOPE,,A24-4,Han_a3,Crude,Hand,mRNA,Han,HepG2,FFL,in_vitro,1.0,Han_a3,max,Individual,Cell_viability,Han_a3
Han_a3,DOPE,,B24-4,Han_a3,Crude,Hand,mRNA,Han,HepG2,FFL,in_vitro,1.0,Han_a3,max,Individual,Cell_viability,Han_a3
Han_a3,DOPE,,A28-4,Han_a3,Crude,Hand,mRNA,Han,HepG2,FFL,in_vitro,1.0,Han_a3,max,Individual,Cell_viability,Han_a3
Han_a3,DOPE,,B28-4,Han_a3,Crude,Hand,mRNA,Han,HepG2,FFL,in_vitro,1.0,Han_a3,max,Individual,Cell_viability,Han_a3
Han_a3,DOPE,,C14-2,Han_a3,Crude,Hand,mRNA,Han,HepG2,FFL,in_vitro,1.0,Han_a3,max,Individual,Cell_viability,Han_a3
Han_a3,DOPE,,C18-2,Han_a3,Crude,Hand,mRNA,Han,HepG2,FFL,in_vitro,1.0,Han_a3,max,Individual,Cell_viability,Han_a3
Han_a3,DOPE,,C22-2,Han_a3,Crude,Hand,mRNA,Han,HepG2,FFL,in_vitro,1.0,Han_a3,max,Individual,Cell_viability,Han_a3
Han_a3,DOPE,,C26-4,Han_a3,Crude,Hand,mRNA,Han,HepG2,FFL,in_vitro,1.0,Han_a3,max,Individual,Cell_viability,Han_a3
Han_a3,DOPE,,C30-4,Han_a3,Crude,Hand,mRNA,Han,HepG2,FFL,in_vitro,1.0,Han_a3,max,Individual,Cell_viability,Han_a3
xyu,DOPE,,HG-EP6,Yu_Aminoglycoside,Pure,Microfluidic,mRNA,xyu,IGROV1,FLL,in_vitro,1.0,Siegwart_Amino,max,Batch,Cell_viability,Yu_Aminoglycoside
xyu,DOPE,,HG-EP8,Yu_Aminoglycoside,Pure,Microfluidic,mRNA,xyu,IGROV1,FLL,in_vitro,1.0,Siegwart_Amino,max,Batch,Cell_viability,Yu_Aminoglycoside
xyu,DOPE,,HG-EP10,Yu_Aminoglycoside,Pure,Microfluidic,mRNA,xyu,IGROV1,FLL,in_vitro,1.0,Siegwart_Amino,max,Batch,Cell_viability,Yu_Aminoglycoside
xyu,DOPE,,HG-EP10-1,Yu_Aminoglycoside,Pure,Microfluidic,mRNA,xyu,IGROV1,FLL,in_vitro,1.0,Siegwart_Amino,max,Batch,Cell_viability,Yu_Aminoglycoside
xyu,DOPE,,HG-EP12,Yu_Aminoglycoside,Pure,Microfluidic,mRNA,xyu,IGROV1,FLL,in_vitro,1.0,Siegwart_Amino,max,Batch,Cell_viability,Yu_Aminoglycoside
xyu,DOPE,,HG-EP14,Yu_Aminoglycoside,Pure,Microfluidic,mRNA,xyu,IGROV1,FLL,in_vitro,1.0,Siegwart_Amino,max,Batch,Cell_viability,Yu_Aminoglycoside
xyu,DOPE,,GT-EP6,Yu_Aminoglycoside,Pure,Microfluidic,mRNA,xyu,IGROV1,FLL,in_vitro,1.0,Siegwart_Amino,max,Batch,Cell_viability,Yu_Aminoglycoside
xyu,DOPE,,GT-EP8,Yu_Aminoglycoside,Pure,Microfluidic,mRNA,xyu,IGROV1,FLL,in_vitro,1.0,Siegwart_Amino,max,Batch,Cell_viability,Yu_Aminoglycoside
xyu,DOPE,,GT-EP10,Yu_Aminoglycoside,Pure,Microfluidic,mRNA,xyu,IGROV1,FLL,in_vitro,1.0,Siegwart_Amino,max,Batch,Cell_viability,Yu_Aminoglycoside
xyu,DOPE,,GT-EP10-1,Yu_Aminoglycoside,Pure,Microfluidic,mRNA,xyu,IGROV1,FLL,in_vitro,1.0,Siegwart_Amino,max,Batch,Cell_viability,Yu_Aminoglycoside
xyu,DOPE,,GT-EP12,Yu_Aminoglycoside,Pure,Microfluidic,mRNA,xyu,IGROV1,FLL,in_vitro,1.0,Siegwart_Amino,max,Batch,Cell_viability,Yu_Aminoglycoside
xyu,DOPE,,GT-EP14,Yu_Aminoglycoside,Pure,Microfluidic,mRNA,xyu,IGROV1,FLL,in_vitro,1.0,Siegwart_Amino,max,Batch,Cell_viability,Yu_Aminoglycoside
xyu,DOPE,,AM-EP6,Yu_Aminoglycoside,Pure,Microfluidic,mRNA,xyu,IGROV1,FLL,in_vitro,1.0,Siegwart_Amino,max,Batch,Cell_viability,Yu_Aminoglycoside
xyu,DOPE,,AM-EP8,Yu_Aminoglycoside,Pure,Microfluidic,mRNA,xyu,IGROV1,FLL,in_vitro,1.0,Siegwart_Amino,max,Batch,Cell_viability,Yu_Aminoglycoside
xyu,DOPE,,AM-EP10,Yu_Aminoglycoside,Pure,Microfluidic,mRNA,xyu,IGROV1,FLL,in_vitro,1.0,Siegwart_Amino,max,Batch,Cell_viability,Yu_Aminoglycoside
xyu,DOPE,,AM-EP10-1,Yu_Aminoglycoside,Pure,Microfluidic,mRNA,xyu,IGROV1,FLL,in_vitro,1.0,Siegwart_Amino,max,Batch,Cell_viability,Yu_Aminoglycoside
xyu,DOPE,,AM-EP12,Yu_Aminoglycoside,Pure,Microfluidic,mRNA,xyu,IGROV1,FLL,in_vitro,1.0,Siegwart_Amino,max,Batch,Cell_viability,Yu_Aminoglycoside
xyu,DOPE,,AM-EP14,Yu_Aminoglycoside,Pure,Microfluidic,mRNA,xyu,IGROV1,FLL,in_vitro,1.0,Siegwart_Amino,max,Batch,Cell_viability,Yu_Aminoglycoside
xyu,DOPE,,GN-EP6,Yu_Aminoglycoside,Pure,Microfluidic,mRNA,xyu,IGROV1,FLL,in_vitro,1.0,Siegwart_Amino,max,Batch,Cell_viability,Yu_Aminoglycoside
xyu,DOPE,,GN-EP8,Yu_Aminoglycoside,Pure,Microfluidic,mRNA,xyu,IGROV1,FLL,in_vitro,1.0,Siegwart_Amino,max,Batch,Cell_viability,Yu_Aminoglycoside
xyu,DOPE,,GN-EP10,Yu_Aminoglycoside,Pure,Microfluidic,mRNA,xyu,IGROV1,FLL,in_vitro,1.0,Siegwart_Amino,max,Batch,Cell_viability,Yu_Aminoglycoside
xyu,DOPE,,GN-EP10-1,Yu_Aminoglycoside,Pure,Microfluidic,mRNA,xyu,IGROV1,FLL,in_vitro,1.0,Siegwart_Amino,max,Batch,Cell_viability,Yu_Aminoglycoside
xyu,DOPE,,GN-EP12,Yu_Aminoglycoside,Pure,Microfluidic,mRNA,xyu,IGROV1,FLL,in_vitro,1.0,Siegwart_Amino,max,Batch,Cell_viability,Yu_Aminoglycoside
xyu,DOPE,,GN-EP14,Yu_Aminoglycoside,Pure,Microfluidic,mRNA,xyu,IGROV1,FLL,in_vitro,1.0,Siegwart_Amino,max,Batch,Cell_viability,Yu_Aminoglycoside
xyu,DOPE,,HG-Ac6,Yu_Aminoglycoside,Pure,Microfluidic,mRNA,xyu,IGROV1,FLL,in_vitro,1.0,Siegwart_Amino,max,Batch,Cell_viability,Yu_Aminoglycoside
xyu,DOPE,,HG-Ac8,Yu_Aminoglycoside,Pure,Microfluidic,mRNA,xyu,IGROV1,FLL,in_vitro,1.0,Siegwart_Amino,max,Batch,Cell_viability,Yu_Aminoglycoside
xyu,DOPE,,HG-Ac8-1,Yu_Aminoglycoside,Pure,Microfluidic,mRNA,xyu,IGROV1,FLL,in_vitro,1.0,Siegwart_Amino,max,Batch,Cell_viability,Yu_Aminoglycoside
xyu,DOPE,,HG-Ac10,Yu_Aminoglycoside,Pure,Microfluidic,mRNA,xyu,IGROV1,FLL,in_vitro,1.0,Siegwart_Amino,max,Batch,Cell_viability,Yu_Aminoglycoside
xyu,DOPE,,HG-Ac12,Yu_Aminoglycoside,Pure,Microfluidic,mRNA,xyu,IGROV1,FLL,in_vitro,1.0,Siegwart_Amino,max,Batch,Cell_viability,Yu_Aminoglycoside
xyu,DOPE,,GT-Ac6,Yu_Aminoglycoside,Pure,Microfluidic,mRNA,xyu,IGROV1,FLL,in_vitro,1.0,Siegwart_Amino,max,Batch,Cell_viability,Yu_Aminoglycoside
xyu,DOPE,,GT-Ac8,Yu_Aminoglycoside,Pure,Microfluidic,mRNA,xyu,IGROV1,FLL,in_vitro,1.0,Siegwart_Amino,max,Batch,Cell_viability,Yu_Aminoglycoside
xyu,DOPE,,GT-Ac8-1,Yu_Aminoglycoside,Pure,Microfluidic,mRNA,xyu,IGROV1,FLL,in_vitro,1.0,Siegwart_Amino,max,Batch,Cell_viability,Yu_Aminoglycoside
xyu,DOPE,,GT-Ac10,Yu_Aminoglycoside,Pure,Microfluidic,mRNA,xyu,IGROV1,FLL,in_vitro,1.0,Siegwart_Amino,max,Batch,Cell_viability,Yu_Aminoglycoside
xyu,DOPE,,GT-Ac12,Yu_Aminoglycoside,Pure,Microfluidic,mRNA,xyu,IGROV1,FLL,in_vitro,1.0,Siegwart_Amino,max,Batch,Cell_viability,Yu_Aminoglycoside
xyu,DOPE,,AM-Ac6,Yu_Aminoglycoside,Pure,Microfluidic,mRNA,xyu,IGROV1,FLL,in_vitro,1.0,Siegwart_Amino,max,Batch,Cell_viability,Yu_Aminoglycoside
xyu,DOPE,,AM-Ac8,Yu_Aminoglycoside,Pure,Microfluidic,mRNA,xyu,IGROV1,FLL,in_vitro,1.0,Siegwart_Amino,max,Batch,Cell_viability,Yu_Aminoglycoside
xyu,DOPE,,AM-Ac8-1,Yu_Aminoglycoside,Pure,Microfluidic,mRNA,xyu,IGROV1,FLL,in_vitro,1.0,Siegwart_Amino,max,Batch,Cell_viability,Yu_Aminoglycoside
xyu,DOPE,,AM-Ac10,Yu_Aminoglycoside,Pure,Microfluidic,mRNA,xyu,IGROV1,FLL,in_vitro,1.0,Siegwart_Amino,max,Batch,Cell_viability,Yu_Aminoglycoside
xyu,DOPE,,AM-Ac12,Yu_Aminoglycoside,Pure,Microfluidic,mRNA,xyu,IGROV1,FLL,in_vitro,1.0,Siegwart_Amino,max,Batch,Cell_viability,Yu_Aminoglycoside
xyu,DOPE,,GN-Ac6,Yu_Aminoglycoside,Pure,Microfluidic,mRNA,xyu,IGROV1,FLL,in_vitro,1.0,Siegwart_Amino,max,Batch,Cell_viability,Yu_Aminoglycoside
xyu,DOPE,,GN-Ac8,Yu_Aminoglycoside,Pure,Microfluidic,mRNA,xyu,IGROV1,FLL,in_vitro,1.0,Siegwart_Amino,max,Batch,Cell_viability,Yu_Aminoglycoside
xyu,DOPE,,GN-Ac8-1,Yu_Aminoglycoside,Pure,Microfluidic,mRNA,xyu,IGROV1,FLL,in_vitro,1.0,Siegwart_Amino,max,Batch,Cell_viability,Yu_Aminoglycoside
xyu,DOPE,,GN-Ac10,Yu_Aminoglycoside,Pure,Microfluidic,mRNA,xyu,IGROV1,FLL,in_vitro,1.0,Siegwart_Amino,max,Batch,Cell_viability,Yu_Aminoglycoside
xyu,DOPE,,GN-Ac12,Yu_Aminoglycoside,Pure,Microfluidic,mRNA,xyu,IGROV1,FLL,in_vitro,1.0,Siegwart_Amino,max,Batch,Cell_viability,Yu_Aminoglycoside
zhang,DSPC,,AM-C10,Zhang_Aminoglycoside,Pure,Microfluidic,siRNA,zhang,HeLa,FFL,in_vitro,1.0,Zhang_Aminoglycoside,max,Individual,Cell_viability,Zhang_Aminoglycoside
zhang,DSPC,,AM-C11,Zhang_Aminoglycoside,Pure,Microfluidic,siRNA,zhang,HeLa,FFL,in_vitro,1.0,Zhang_Aminoglycoside,max,Individual,Cell_viability,Zhang_Aminoglycoside
zhang,DSPC,,AM-C12,Zhang_Aminoglycoside,Pure,Microfluidic,siRNA,zhang,HeLa,FFL,in_vitro,1.0,Zhang_Aminoglycoside,max,Individual,Cell_viability,Zhang_Aminoglycoside
zhang,DSPC,,AM-C13,Zhang_Aminoglycoside,Pure,Microfluidic,siRNA,zhang,HeLa,FFL,in_vitro,1.0,Zhang_Aminoglycoside,max,Individual,Cell_viability,Zhang_Aminoglycoside
zhang,DSPC,,AM-C14,Zhang_Aminoglycoside,Pure,Microfluidic,siRNA,zhang,HeLa,FFL,in_vitro,1.0,Zhang_Aminoglycoside,max,Individual,Cell_viability,Zhang_Aminoglycoside
zhang,DSPC,,AM-C16,Zhang_Aminoglycoside,Pure,Microfluidic,siRNA,zhang,HeLa,FFL,in_vitro,1.0,Zhang_Aminoglycoside,max,Individual,Cell_viability,Zhang_Aminoglycoside
zhang,DSPC,,GN-C10,Zhang_Aminoglycoside,Pure,Microfluidic,siRNA,zhang,HeLa,FFL,in_vitro,1.0,Zhang_Aminoglycoside,max,Individual,Cell_viability,Zhang_Aminoglycoside
zhang,DSPC,,GN-C11,Zhang_Aminoglycoside,Pure,Microfluidic,siRNA,zhang,HeLa,FFL,in_vitro,1.0,Zhang_Aminoglycoside,max,Individual,Cell_viability,Zhang_Aminoglycoside
zhang,DSPC,,GN-C12,Zhang_Aminoglycoside,Pure,Microfluidic,siRNA,zhang,HeLa,FFL,in_vitro,1.0,Zhang_Aminoglycoside,max,Individual,Cell_viability,Zhang_Aminoglycoside
zhang,DSPC,,GN-C13,Zhang_Aminoglycoside,Pure,Microfluidic,siRNA,zhang,HeLa,FFL,in_vitro,1.0,Zhang_Aminoglycoside,max,Individual,Cell_viability,Zhang_Aminoglycoside
zhang,DSPC,,PR-C11,Zhang_Aminoglycoside,Pure,Microfluidic,siRNA,zhang,HeLa,FFL,in_vitro,1.0,Zhang_Aminoglycoside,max,Individual,Cell_viability,Zhang_Aminoglycoside
zhang,DSPC,,HG-C10,Zhang_Aminoglycoside,Pure,Microfluidic,siRNA,zhang,HeLa,FFL,in_vitro,1.0,Zhang_Aminoglycoside,max,Individual,Cell_viability,Zhang_Aminoglycoside
zhang,DSPC,,HG-C11,Zhang_Aminoglycoside,Pure,Microfluidic,siRNA,zhang,HeLa,FFL,in_vitro,1.0,Zhang_Aminoglycoside,max,Individual,Cell_viability,Zhang_Aminoglycoside
zhang,DSPC,,HG-C12,Zhang_Aminoglycoside,Pure,Microfluidic,siRNA,zhang,HeLa,FFL,in_vitro,1.0,Zhang_Aminoglycoside,max,Individual,Cell_viability,Zhang_Aminoglycoside
zhang,DSPC,,HG-C13,Zhang_Aminoglycoside,Pure,Microfluidic,siRNA,zhang,HeLa,FFL,in_vitro,1.0,Zhang_Aminoglycoside,max,Individual,Cell_viability,Zhang_Aminoglycoside
zhang,DSPC,,HG-C14,Zhang_Aminoglycoside,Pure,Microfluidic,siRNA,zhang,HeLa,FFL,in_vitro,1.0,Zhang_Aminoglycoside,max,Individual,Cell_viability,Zhang_Aminoglycoside
zhang,DSPC,,HG-C16,Zhang_Aminoglycoside,Pure,Microfluidic,siRNA,zhang,HeLa,FFL,in_vitro,1.0,Zhang_Aminoglycoside,max,Individual,Cell_viability,Zhang_Aminoglycoside
zhang,DSPC,,KN-C11,Zhang_Aminoglycoside,Pure,Microfluidic,siRNA,zhang,HeLa,FFL,in_vitro,1.0,Zhang_Aminoglycoside,max,Individual,Cell_viability,Zhang_Aminoglycoside
zhang,DSPC,,KN-C12,Zhang_Aminoglycoside,Pure,Microfluidic,siRNA,zhang,HeLa,FFL,in_vitro,1.0,Zhang_Aminoglycoside,max,Individual,Cell_viability,Zhang_Aminoglycoside
zhang,DSPC,,KN-C13,Zhang_Aminoglycoside,Pure,Microfluidic,siRNA,zhang,HeLa,FFL,in_vitro,1.0,Zhang_Aminoglycoside,max,Individual,Cell_viability,Zhang_Aminoglycoside
zhang,DSPC,,AP-C14,Zhang_Aminoglycoside,Pure,Microfluidic,siRNA,zhang,HeLa,FFL,in_vitro,1.0,Zhang_Aminoglycoside,max,Individual,Cell_viability,Zhang_Aminoglycoside
zhang,DSPC,,RB-C10,Zhang_Aminoglycoside,Pure,Microfluidic,siRNA,zhang,HeLa,FFL,in_vitro,1.0,Zhang_Aminoglycoside,max,Individual,Cell_viability,Zhang_Aminoglycoside
zhang,DSPC,,RB-C12,Zhang_Aminoglycoside,Pure,Microfluidic,siRNA,zhang,HeLa,FFL,in_vitro,1.0,Zhang_Aminoglycoside,max,Individual,Cell_viability,Zhang_Aminoglycoside
zhang,DSPC,,GT-C11,Zhang_Aminoglycoside,Pure,Microfluidic,siRNA,zhang,HeLa,FFL,in_vitro,1.0,Zhang_Aminoglycoside,max,Individual,Cell_viability,Zhang_Aminoglycoside
zhang,DSPC,,GT-C12,Zhang_Aminoglycoside,Pure,Microfluidic,siRNA,zhang,HeLa,FFL,in_vitro,1.0,Zhang_Aminoglycoside,max,Individual,Cell_viability,Zhang_Aminoglycoside
zhang,DSPC,,GT-C13,Zhang_Aminoglycoside,Pure,Microfluidic,siRNA,zhang,HeLa,FFL,in_vitro,1.0,Zhang_Aminoglycoside,max,Individual,Cell_viability,Zhang_Aminoglycoside
zhang,DSPC,,GT-C14,Zhang_Aminoglycoside,Pure,Microfluidic,siRNA,zhang,HeLa,FFL,in_vitro,1.0,Zhang_Aminoglycoside,max,Individual,Cell_viability,Zhang_Aminoglycoside
zhang,DSPC,,ST-C11,Zhang_Aminoglycoside,Pure,Microfluidic,siRNA,zhang,HeLa,FFL,in_vitro,1.0,Zhang_Aminoglycoside,max,Individual,Cell_viability,Zhang_Aminoglycoside
zhang,DSPC,,ST-C12,Zhang_Aminoglycoside,Pure,Microfluidic,siRNA,zhang,HeLa,FFL,in_vitro,1.0,Zhang_Aminoglycoside,max,Individual,Cell_viability,Zhang_Aminoglycoside
Han_branched,DOPE,,6,Han_branched,Crude,Hand,mRNA,Han,HepG2,FFL,in_vitro,0.5,Han_branched,max,Individual,Cell_viability,Han_branched
Han_branched,DOPE,,8,Han_branched,Crude,Hand,mRNA,Han,HepG2,FFL,in_vitro,0.5,Han_branched,max,Individual,Cell_viability,Han_branched
Han_branched,DOPE,,10,Han_branched,Crude,Hand,mRNA,Han,HepG2,FFL,in_vitro,0.5,Han_branched,max,Individual,Cell_viability,Han_branched
Han_branched,DOPE,,12,Han_branched,Crude,Hand,mRNA,Han,HepG2,FFL,in_vitro,0.5,Han_branched,max,Individual,Cell_viability,Han_branched
Han_branched,DOPE,,14,Han_branched,Crude,Hand,mRNA,Han,HepG2,FFL,in_vitro,0.5,Han_branched,max,Individual,Cell_viability,Han_branched
Han_branched,DOPE,,6-6,Han_branched,Crude,Hand,mRNA,Han,HepG2,FFL,in_vitro,0.5,Han_branched,max,Individual,Cell_viability,Han_branched
Han_branched,DOPE,,6-8,Han_branched,Crude,Hand,mRNA,Han,HepG2,FFL,in_vitro,0.5,Han_branched,max,Individual,Cell_viability,Han_branched
Han_branched,DOPE,,6-10,Han_branched,Crude,Hand,mRNA,Han,HepG2,FFL,in_vitro,0.5,Han_branched,max,Individual,Cell_viability,Han_branched
Han_branched,DOPE,,6-12,Han_branched,Crude,Hand,mRNA,Han,HepG2,FFL,in_vitro,0.5,Han_branched,max,Individual,Cell_viability,Han_branched
Han_branched,DOPE,,6-14,Han_branched,Crude,Hand,mRNA,Han,HepG2,FFL,in_vitro,0.5,Han_branched,max,Individual,Cell_viability,Han_branched
Han_branched,DOPE,,8-6,Han_branched,Crude,Hand,mRNA,Han,HepG2,FFL,in_vitro,0.5,Han_branched,max,Individual,Cell_viability,Han_branched
Han_branched,DOPE,,8-8,Han_branched,Crude,Hand,mRNA,Han,HepG2,FFL,in_vitro,0.5,Han_branched,max,Individual,Cell_viability,Han_branched
Han_branched,DOPE,,8-10,Han_branched,Crude,Hand,mRNA,Han,HepG2,FFL,in_vitro,0.5,Han_branched,max,Individual,Cell_viability,Han_branched
Han_branched,DOPE,,8-12,Han_branched,Crude,Hand,mRNA,Han,HepG2,FFL,in_vitro,0.5,Han_branched,max,Individual,Cell_viability,Han_branched
Han_branched,DOPE,,8-14,Han_branched,Crude,Hand,mRNA,Han,HepG2,FFL,in_vitro,0.5,Han_branched,max,Individual,Cell_viability,Han_branched
Han_branched,DOPE,,10-6,Han_branched,Crude,Hand,mRNA,Han,HepG2,FFL,in_vitro,0.5,Han_branched,max,Individual,Cell_viability,Han_branched
Han_branched,DOPE,,10-8,Han_branched,Crude,Hand,mRNA,Han,HepG2,FFL,in_vitro,0.5,Han_branched,max,Individual,Cell_viability,Han_branched
Han_branched,DOPE,,10-10,Han_branched,Crude,Hand,mRNA,Han,HepG2,FFL,in_vitro,0.5,Han_branched,max,Individual,Cell_viability,Han_branched
Han_branched,DOPE,,10-12,Han_branched,Crude,Hand,mRNA,Han,HepG2,FFL,in_vitro,0.5,Han_branched,max,Individual,Cell_viability,Han_branched
Han_branched,DOPE,,10-14,Han_branched,Crude,Hand,mRNA,Han,HepG2,FFL,in_vitro,0.5,Han_branched,max,Individual,Cell_viability,Han_branched
Han_branched,DOPE,,12-6,Han_branched,Crude,Hand,mRNA,Han,HepG2,FFL,in_vitro,0.5,Han_branched,max,Individual,Cell_viability,Han_branched
Han_branched,DOPE,,12-8,Han_branched,Crude,Hand,mRNA,Han,HepG2,FFL,in_vitro,0.5,Han_branched,max,Individual,Cell_viability,Han_branched
Han_branched,DOPE,,12-10,Han_branched,Crude,Hand,mRNA,Han,HepG2,FFL,in_vitro,0.5,Han_branched,max,Individual,Cell_viability,Han_branched
Han_branched,DOPE,,12-12,Han_branched,Crude,Hand,mRNA,Han,HepG2,FFL,in_vitro,0.5,Han_branched,max,Individual,Cell_viability,Han_branched
Han_branched,DOPE,,12-14,Han_branched,Crude,Hand,mRNA,Han,HepG2,FFL,in_vitro,0.5,Han_branched,max,Individual,Cell_viability,Han_branched
Han_branched,DOPE,,14-6,Han_branched,Crude,Hand,mRNA,Han,HepG2,FFL,in_vitro,0.5,Han_branched,max,Individual,Cell_viability,Han_branched
Han_branched,DOPE,,14-8,Han_branched,Crude,Hand,mRNA,Han,HepG2,FFL,in_vitro,0.5,Han_branched,max,Individual,Cell_viability,Han_branched
Han_branched,DOPE,,14-10,Han_branched,Crude,Hand,mRNA,Han,HepG2,FFL,in_vitro,0.5,Han_branched,max,Individual,Cell_viability,Han_branched
Han_branched,DOPE,,14-12,Han_branched,Crude,Hand,mRNA,Han,HepG2,FFL,in_vitro,0.5,Han_branched,max,Individual,Cell_viability,Han_branched
Han_branched,DOPE,,14-14,Han_branched,Crude,Hand,mRNA,Han,HepG2,FFL,in_vitro,0.5,Han_branched,max,Individual,Cell_viability,Han_branched
Han_branched,DSPC,,MC3,Han_branched,Crude,Hand,mRNA,Han,HepG2,FFL,in_vitro,0.5,Han_branched,max,Individual,Cell_viability,Han_branched
Han_branched,DOPE,,6,Han_branched,Crude,Hand,mRNA,Han,HepG2,FFL,in_vitro,0.5,Han_branched,max,Individual,Cell_viability,Han_branched
Han_branched,DOPE,,8,Han_branched,Crude,Hand,mRNA,Han,HepG2,FFL,in_vitro,0.5,Han_branched,max,Individual,Cell_viability,Han_branched
Han_branched,DOPE,,10,Han_branched,Crude,Hand,mRNA,Han,HepG2,FFL,in_vitro,0.5,Han_branched,max,Individual,Cell_viability,Han_branched
Han_branched,DOPE,,12,Han_branched,Crude,Hand,mRNA,Han,HepG2,FFL,in_vitro,0.5,Han_branched,max,Individual,Cell_viability,Han_branched
Han_branched,DOPE,,14,Han_branched,Crude,Hand,mRNA,Han,HepG2,FFL,in_vitro,0.5,Han_branched,max,Individual,Cell_viability,Han_branched
Han_branched,DOPE,,6-6,Han_branched,Crude,Hand,mRNA,Han,HepG2,FFL,in_vitro,0.5,Han_branched,max,Individual,Cell_viability,Han_branched
Han_branched,DOPE,,6-8,Han_branched,Crude,Hand,mRNA,Han,HepG2,FFL,in_vitro,0.5,Han_branched,max,Individual,Cell_viability,Han_branched
Han_branched,DOPE,,6-10,Han_branched,Crude,Hand,mRNA,Han,HepG2,FFL,in_vitro,0.5,Han_branched,max,Individual,Cell_viability,Han_branched
Han_branched,DOPE,,6-12,Han_branched,Crude,Hand,mRNA,Han,HepG2,FFL,in_vitro,0.5,Han_branched,max,Individual,Cell_viability,Han_branched
Han_branched,DOPE,,6-14,Han_branched,Crude,Hand,mRNA,Han,HepG2,FFL,in_vitro,0.5,Han_branched,max,Individual,Cell_viability,Han_branched
Han_branched,DOPE,,8-6,Han_branched,Crude,Hand,mRNA,Han,HepG2,FFL,in_vitro,0.5,Han_branched,max,Individual,Cell_viability,Han_branched
Han_branched,DOPE,,8-8,Han_branched,Crude,Hand,mRNA,Han,HepG2,FFL,in_vitro,0.5,Han_branched,max,Individual,Cell_viability,Han_branched
Han_branched,DOPE,,8-10,Han_branched,Crude,Hand,mRNA,Han,HepG2,FFL,in_vitro,0.5,Han_branched,max,Individual,Cell_viability,Han_branched
Han_branched,DOPE,,8-12,Han_branched,Crude,Hand,mRNA,Han,HepG2,FFL,in_vitro,0.5,Han_branched,max,Individual,Cell_viability,Han_branched
Han_branched,DOPE,,8-14,Han_branched,Crude,Hand,mRNA,Han,HepG2,FFL,in_vitro,0.5,Han_branched,max,Individual,Cell_viability,Han_branched
Han_branched,DOPE,,10-6,Han_branched,Crude,Hand,mRNA,Han,HepG2,FFL,in_vitro,0.5,Han_branched,max,Individual,Cell_viability,Han_branched
Han_branched,DOPE,,10-8,Han_branched,Crude,Hand,mRNA,Han,HepG2,FFL,in_vitro,0.5,Han_branched,max,Individual,Cell_viability,Han_branched
Han_branched,DOPE,,10-10,Han_branched,Crude,Hand,mRNA,Han,HepG2,FFL,in_vitro,0.5,Han_branched,max,Individual,Cell_viability,Han_branched
Han_branched,DOPE,,10-12,Han_branched,Crude,Hand,mRNA,Han,HepG2,FFL,in_vitro,0.5,Han_branched,max,Individual,Cell_viability,Han_branched
Han_branched,DOPE,,10-14,Han_branched,Crude,Hand,mRNA,Han,HepG2,FFL,in_vitro,0.5,Han_branched,max,Individual,Cell_viability,Han_branched
Han_branched,DOPE,,12-6,Han_branched,Crude,Hand,mRNA,Han,HepG2,FFL,in_vitro,0.5,Han_branched,max,Individual,Cell_viability,Han_branched
Han_branched,DOPE,,12-8,Han_branched,Crude,Hand,mRNA,Han,HepG2,FFL,in_vitro,0.5,Han_branched,max,Individual,Cell_viability,Han_branched
Han_branched,DOPE,,12-10,Han_branched,Crude,Hand,mRNA,Han,HepG2,FFL,in_vitro,0.5,Han_branched,max,Individual,Cell_viability,Han_branched
Han_branched,DOPE,,12-12,Han_branched,Crude,Hand,mRNA,Han,HepG2,FFL,in_vitro,0.5,Han_branched,max,Individual,Cell_viability,Han_branched
Han_branched,DOPE,,12-14,Han_branched,Crude,Hand,mRNA,Han,HepG2,FFL,in_vitro,0.5,Han_branched,max,Individual,Cell_viability,Han_branched
Han_branched,DOPE,,14-6,Han_branched,Crude,Hand,mRNA,Han,HepG2,FFL,in_vitro,0.5,Han_branched,max,Individual,Cell_viability,Han_branched
Han_branched,DOPE,,14-8,Han_branched,Crude,Hand,mRNA,Han,HepG2,FFL,in_vitro,0.5,Han_branched,max,Individual,Cell_viability,Han_branched
Han_branched,DOPE,,14-10,Han_branched,Crude,Hand,mRNA,Han,HepG2,FFL,in_vitro,0.5,Han_branched,max,Individual,Cell_viability,Han_branched
Han_branched,DOPE,,14-12,Han_branched,Crude,Hand,mRNA,Han,HepG2,FFL,in_vitro,0.5,Han_branched,max,Individual,Cell_viability,Han_branched
Han_branched,DOPE,,14-14,Han_branched,Crude,Hand,mRNA,Han,HepG2,FFL,in_vitro,0.5,Han_branched,max,Individual,Cell_viability,Han_branched
Han_branched,DSPC,,MC3,Han_branched,Crude,Hand,mRNA,Han,HepG2,FFL,in_vitro,0.5,Han_branched,max,Individual,Cell_viability,Han_branched
