exact_toxicity,Formulation,Helper_lipid_ID,Comment,Lipid_name,Experiment_ID,Cargo_type,Model_type,Experiment_weight,split_name_for_normalization,toxicity_class
101.9,Han_a3,DOPE,,A6-2,Han_a3,mRNA,HepG2,1.0,Han_a3,0
100.4,Lxue,DOPE,Tox,10-a2-8b,Xue_CAD_LNP,mRNA,HeLa,1.0,Xue_CAD_LNP,0
93.1372549,Lin_peptide,DSPC,,a12dap-2,Lin_peptide,mRNA,MDA_MB,1.0,Lin_peptide,0
93.88,Lxue,DOPE,Tox,3-a3-7b2,Xue_CAD_LNP,mRNA,HeLa,1.0,Xue_CAD_LNP,0
95.4377312,ZAL_form,,"""ZAL:siRNA ratio such that the number of hydrophobic tails in the ZAL times the ZAL:siRNA mole ratio in the formulation was ~1000"", plus assumed siRNA MW = 13300Da",ZA3-Ep16,Miller_Zwitter,siRNA,HeLa,1.0,Miller_Zwitter,0
103.8314176,Unsat_dendrimer,DOPE,"Total lipids/RNA 40:1; DOPE MW = 744, Chol = 387, C14-P2K = 2777",2A2-Cit,Lee_unsat,mRNA,IGROV1,1.0,Lee_unsat,0
99.05,Han_a3,DOPE,,A22-2,Han_a3,mRNA,HepG2,1.0,Han_a3,0
96.5,Han_amidine,DOPE,Computed with aid lipid molwt as 865,7T-O16,Han_amidine,mRNA,HepG2,1.0,Han_amidine,0
103.5,Han_amidine,DOPE,Computed with aid lipid molwt as 865,17T-O9,Han_amidine,mRNA,HepG2,1.0,Han_amidine,0
97.12643678,Unsat_dendrimer,DOPE,"Total lipids/RNA 40:1; DOPE MW = 744, Chol = 387, C14-P2K = 2758",2A9V-2T,Lee_unsat,mRNA,IGROV1,1.0,Lee_unsat,0
94.15,Han_a3,DOPE,,C5-2,Han_a3,mRNA,HepG2,1.0,Han_a3,0
110.9195402,Unsat_dendrimer,DOPE,"Total lipids/RNA 40:1; DOPE MW = 744, Chol = 387, C14-P2K = 2745",3A4-Far,Lee_unsat,mRNA,IGROV1,1.0,Lee_unsat,0
70.58823529,Lin_peptide,DSPC,,e10-5,Lin_peptide,mRNA,MDA_MB,1.0,Lin_peptide,2
92.32333333333334,Lxue,DOPE,Tox,4-a2-9b,Xue_CAD_LNP,mRNA,HeLa,1.0,Xue_CAD_LNP,0
100.96666666666664,Lxue,DOPE,Tox,4-a3-7b,Xue_CAD_LNP,mRNA,HeLa,1.0,Xue_CAD_LNP,0
93.15,Han_a3,DOPE,,B25-4,Han_a3,mRNA,HepG2,1.0,Han_a3,0
96.5,Han_amidine,DOPE,Computed with aid lipid molwt as 865,1T-O16,Han_amidine,mRNA,HepG2,1.0,Han_amidine,0
99.0,Han_amidine,DOPE,Computed with aid lipid molwt as 865,14T-O14,Han_amidine,mRNA,HepG2,1.0,Han_amidine,0
96.34666666666668,Lxue,DOPE,Tox,7-a2-6b,Xue_CAD_LNP,mRNA,HeLa,1.0,Xue_CAD_LNP,0
99.48666666666666,Lxue,DOPE,Tox,9-a2-9b2,Xue_CAD_LNP,mRNA,HeLa,1.0,Xue_CAD_LNP,0
97.0,Han_amidine,DOPE,Computed with aid lipid molwt as 865,24T-O12,Han_amidine,mRNA,HepG2,1.0,Han_amidine,0
98.08429119,Unsat_dendrimer,DOPE,"Total lipids/RNA 40:1; DOPE MW = 744, Chol = 387, C14-P2K = 2742",2A2-Far,Lee_unsat,mRNA,IGROV1,1.0,Lee_unsat,0
102.0,Han_amidine,DOPE,Computed with aid lipid molwt as 865,21T-O12,Han_amidine,mRNA,HepG2,1.0,Han_amidine,0
99.02333333333333,Lxue,DOPE,Tox,9-a2-9,Xue_CAD_LNP,mRNA,HeLa,1.0,Xue_CAD_LNP,0
93.09494451,ZAL_form,,"""ZAL:siRNA ratio such that the number of hydrophobic tails in the ZAL times the ZAL:siRNA mole ratio in the formulation was ~1000"", plus assumed siRNA MW = 13300Da",ZA3-Ep8,Miller_Zwitter,siRNA,HeLa,1.0,Miller_Zwitter,0
86.7816092,Unsat_dendrimer,DOPE,"Total lipids/RNA 40:1; DOPE MW = 744, Chol = 387, C14-P2K = 2748",6A3-Far,Lee_unsat,mRNA,IGROV1,1.0,Lee_unsat,1
107.0881226,Unsat_dendrimer,DOPE,"Total lipids/RNA 40:1; DOPE MW = 744, Chol = 387, C14-P2K = 2709",2A9V-SC8,Lee_unsat,mRNA,IGROV1,1.0,Lee_unsat,0
97.85,Han_a3,DOPE,,C17-2,Han_a3,mRNA,HepG2,1.0,Han_a3,0
97.62666666666668,Lxue,DOPE,Tox,7-a2-9b,Xue_CAD_LNP,mRNA,HeLa,1.0,Xue_CAD_LNP,0
95.6,Han_a3,DOPE,,B22-2,Han_a3,mRNA,HepG2,1.0,Han_a3,0
96.9348659,Unsat_dendrimer,DOPE,"Total lipids/RNA 40:1; DOPE MW = 744, Chol = 387, C14-P2K = 2718",4A1-Ne,Lee_unsat,mRNA,IGROV1,1.0,Lee_unsat,0
94.44444444,Unsat_dendrimer,DOPE,"Total lipids/RNA 40:1; DOPE MW = 744, Chol = 387, C14-P2K = 2774",4A1-5,Lee_unsat,mRNA,IGROV1,1.0,Lee_unsat,0
96.0,Han_amidine,DOPE,Computed with aid lipid molwt as 865,25T-O9,Han_amidine,mRNA,HepG2,1.0,Han_amidine,0
104.789272,Unsat_dendrimer,DOPE,"Total lipids/RNA 40:1; DOPE MW = 744, Chol = 387, C14-P2K = 2752",3A4-SC6,Lee_unsat,mRNA,IGROV1,1.0,Lee_unsat,0
87.5,Han_amidine,DOPE,Computed with aid lipid molwt as 865,1T-O12,Han_amidine,mRNA,HepG2,1.0,Han_amidine,1
89.21568627,Lin_peptide,DSPC,,e14-1,Lin_peptide,mRNA,MDA_MB,1.0,Lin_peptide,1
98.03666666666668,Lxue,DOPE,Tox,6-a2-7,Xue_CAD_LNP,mRNA,HeLa,1.0,Xue_CAD_LNP,0
98.5,Han_amidine,DOPE,Computed with aid lipid molwt as 865,1T-O9,Han_amidine,mRNA,HepG2,1.0,Han_amidine,0
106.51341,Unsat_dendrimer,DOPE,"Total lipids/RNA 40:1; DOPE MW = 744, Chol = 387, C14-P2K = 2761",4A3-2T,Lee_unsat,mRNA,IGROV1,1.0,Lee_unsat,0
97.5,Han_amidine,DOPE,Computed with aid lipid molwt as 865,24T-O9,Han_amidine,mRNA,HepG2,1.0,Han_amidine,0
93.53666666666668,Lxue,DOPE,Tox,7-a2-8b,Xue_CAD_LNP,mRNA,HeLa,1.0,Xue_CAD_LNP,0
91.3,Han_a3,DOPE,,A21-2,Han_a3,mRNA,HepG2,1.0,Han_a3,0
99.49333333333334,Lxue,DOPE,Tox,2-a2-9b2,Xue_CAD_LNP,mRNA,HeLa,1.0,Xue_CAD_LNP,0
95.1,Han_a3,DOPE,,A18-2,Han_a3,mRNA,HepG2,1.0,Han_a3,0
98.88333333333333,Lxue,DOPE,Tox,12-a2-8b,Xue_CAD_LNP,mRNA,HeLa,1.0,Xue_CAD_LNP,0
100.64,Lxue,DOPE,Tox,1-a2-6,Xue_CAD_LNP,mRNA,HeLa,1.0,Xue_CAD_LNP,0
101.62,Lxue,DOPE,Tox,3-a2-8,Xue_CAD_LNP,mRNA,HeLa,1.0,Xue_CAD_LNP,0
98.30333333333331,Lxue,DOPE,Tox,10-a3-9b2,Xue_CAD_LNP,mRNA,HeLa,1.0,Xue_CAD_LNP,0
106.0419236,ZAL_form,,"""ZAL:siRNA ratio such that the number of hydrophobic tails in the ZAL times the ZAL:siRNA mole ratio in the formulation was ~1000"", plus assumed siRNA MW = 13300Da",ZA2-Ac10,Miller_Zwitter,siRNA,HeLa,1.0,Miller_Zwitter,0
87.25490196,Lin_peptide,DSPC,,a12orn-1,Lin_peptide,mRNA,MDA_MB,1.0,Lin_peptide,1
106.51341,Unsat_dendrimer,DOPE,"Total lipids/RNA 40:1; DOPE MW = 744, Chol = 387, C14-P2K = 2760",4A1-2T,Lee_unsat,mRNA,IGROV1,1.0,Lee_unsat,0
18.30601093,zhang,DSPC,,ST-C12,Zhang_Aminoglycoside,siRNA,HeLa,1.0,Zhang_Aminoglycoside,3
112.6038781,xyu,DOPE,,HG-EP8,Yu_Aminoglycoside,mRNA,IGROV1,1.0,Yu_Aminoglycoside,0
92.72030651,Unsat_dendrimer,DOPE,"Total lipids/RNA 40:1; DOPE MW = 744, Chol = 387, C14-P2K = 2720",6A3-Ne,Lee_unsat,mRNA,IGROV1,1.0,Lee_unsat,0
97.65,Han_a3,DOPE,,C18-2,Han_a3,mRNA,HepG2,1.0,Han_a3,0
94.55,Han_a3,DOPE,,C21-2,Han_a3,mRNA,HepG2,1.0,Han_a3,0
101.87,Lxue,DOPE,Tox,5-a3-7b,Xue_CAD_LNP,mRNA,HeLa,1.0,Xue_CAD_LNP,0
97.19333333333331,Lxue,DOPE,Tox,7-a2-7,Xue_CAD_LNP,mRNA,HeLa,1.0,Xue_CAD_LNP,0
92.85,Han_a3,DOPE,,C26-4,Han_a3,mRNA,HepG2,1.0,Han_a3,0
99.41,Lxue,DOPE,Tox,9-a3-7b,Xue_CAD_LNP,mRNA,HeLa,1.0,Xue_CAD_LNP,0
107.1516646,ZAL_form,,"""ZAL:siRNA ratio such that the number of hydrophobic tails in the ZAL times the ZAL:siRNA mole ratio in the formulation was ~1000"", plus assumed siRNA MW = 13300Da",ZA6-Ep10,Miller_Zwitter,siRNA,HeLa,1.0,Miller_Zwitter,0
111.4958449,xyu,DOPE,,GT-Ac10,Yu_Aminoglycoside,mRNA,IGROV1,1.0,Yu_Aminoglycoside,0
103.6398467,Unsat_dendrimer,DOPE,"Total lipids/RNA 40:1; DOPE MW = 744, Chol = 387, C14-P2K = 2741",6A3-SC8,Lee_unsat,mRNA,IGROV1,1.0,Lee_unsat,0
94.0,Han_amidine,DOPE,Computed with aid lipid molwt as 865,12T-O14,Han_amidine,mRNA,HepG2,1.0,Han_amidine,0
86.7816092,Unsat_dendrimer,DOPE,"Total lipids/RNA 40:1; DOPE MW = 744, Chol = 387, C14-P2K = 2726",4A3-4T,Lee_unsat,mRNA,IGROV1,1.0,Lee_unsat,1
102.5893958,ZAL_form,,"""ZAL:siRNA ratio such that the number of hydrophobic tails in the ZAL times the ZAL:siRNA mole ratio in the formulation was ~1000"", plus assumed siRNA MW = 13300Da",ZA2-Ac16,Miller_Zwitter,siRNA,HeLa,1.0,Miller_Zwitter,0
89.21568627,Lin_peptide,DSPC,,a12dap-5,Lin_peptide,mRNA,MDA_MB,1.0,Lin_peptide,1
91.78666666666668,Lxue,DOPE,Tox,12-a3-8b,Xue_CAD_LNP,mRNA,HeLa,1.0,Xue_CAD_LNP,0
102.28,Lxue,DOPE,Tox,2-a2-9,Xue_CAD_LNP,mRNA,HeLa,1.0,Xue_CAD_LNP,0
68.03278689,zhang,DSPC,,GN-C13,Zhang_Aminoglycoside,siRNA,HeLa,1.0,Zhang_Aminoglycoside,3
95.21072797,Unsat_dendrimer,DOPE,"Total lipids/RNA 40:1; DOPE MW = 744, Chol = 387, C14-P2K = 2703",3A4-3C,Lee_unsat,mRNA,IGROV1,1.0,Lee_unsat,0
92.45,Han_a3,DOPE,,C11-2,Han_a3,mRNA,HepG2,1.0,Han_a3,0
100.01666666666668,Lxue,DOPE,Tox,9-a2-6b,Xue_CAD_LNP,mRNA,HeLa,1.0,Xue_CAD_LNP,0
35.29411765,Lin_peptide,DSPC,,e14-4,Lin_peptide,mRNA,MDA_MB,1.0,Lin_peptide,3
94.0,Han_amidine,DOPE,Computed with aid lipid molwt as 865,22T-O9,Han_amidine,mRNA,HepG2,1.0,Han_amidine,0
99.01960784,Lin_peptide,DSPC,,a16-3,Lin_peptide,mRNA,MDA_MB,1.0,Lin_peptide,0
86.68310727,ZAL_form,,"""ZAL:siRNA ratio such that the number of hydrophobic tails in the ZAL times the ZAL:siRNA mole ratio in the formulation was ~1000"", plus assumed siRNA MW = 13300Da",ZA5-Ep12,Miller_Zwitter,siRNA,HeLa,1.0,Miller_Zwitter,1
93.3,Han_a3,DOPE,,C23-3,Han_a3,mRNA,HepG2,1.0,Han_a3,0
101.11666666666667,Lxue,DOPE,Tox,2-a2-6,Xue_CAD_LNP,mRNA,HeLa,1.0,Xue_CAD_LNP,0
99.01960784,Lin_peptide,DSPC,,a12orn-4,Lin_peptide,mRNA,MDA_MB,1.0,Lin_peptide,0
104.789272,Unsat_dendrimer,DOPE,"Total lipids/RNA 40:1; DOPE MW = 744, Chol = 387, C14-P2K = 2740",4A3-SC8,Lee_unsat,mRNA,IGROV1,1.0,Lee_unsat,0
98.24666666666668,Lxue,DOPE,Tox,2-a3-8b,Xue_CAD_LNP,mRNA,HeLa,1.0,Xue_CAD_LNP,0
101.68333333333334,Lxue,DOPE,Tox,8-a3-9b2,Xue_CAD_LNP,mRNA,HeLa,1.0,Xue_CAD_LNP,0
101.0,Han_amidine,DOPE,Computed with aid lipid molwt as 865,10T-O14,Han_amidine,mRNA,HepG2,1.0,Han_amidine,0
99.93,Lxue,DOPE,Tox,9-a2-7,Xue_CAD_LNP,mRNA,HeLa,1.0,Xue_CAD_LNP,0
114.5429363,xyu,DOPE,,AM-EP10-1,Yu_Aminoglycoside,mRNA,IGROV1,1.0,Yu_Aminoglycoside,0
92.45,Han_a3,DOPE,,A5-2,Han_a3,mRNA,HepG2,1.0,Han_a3,0
93.25,Han_a3,DOPE,,C7-2,Han_a3,mRNA,HepG2,1.0,Han_a3,0
95.1,Han_a3,DOPE,,C2-2,Han_a3,mRNA,HepG2,1.0,Han_a3,0
109.9616858,Unsat_dendrimer,DOPE,"Total lipids/RNA 40:1; DOPE MW = 744, Chol = 387, C14-P2K = 2711",4A1-SC8,Lee_unsat,mRNA,IGROV1,1.0,Lee_unsat,0
98.08429119,Unsat_dendrimer,DOPE,"Total lipids/RNA 40:1; DOPE MW = 744, Chol = 387, C14-P2K = 2716",2A9V-Ne,Lee_unsat,mRNA,IGROV1,1.0,Lee_unsat,0
102.56666666666666,Lxue,DOPE,Tox,2-a2-6b,Xue_CAD_LNP,mRNA,HeLa,1.0,Xue_CAD_LNP,0
50.98039216,Lin_peptide,DSPC,,e12-3,Lin_peptide,mRNA,MDA_MB,1.0,Lin_peptide,3
100.69666666666666,Lxue,DOPE,Tox,7-a2-6,Xue_CAD_LNP,mRNA,HeLa,1.0,Xue_CAD_LNP,0
97.02333333333333,Lxue,DOPE,Tox,3-a2-9b,Xue_CAD_LNP,mRNA,HeLa,1.0,Xue_CAD_LNP,0
95.05,Han_a3,DOPE,,A15-2,Han_a3,mRNA,HepG2,1.0,Han_a3,0
85.82375479,Unsat_dendrimer,DOPE,"Total lipids/RNA 40:1; DOPE MW = 744, Chol = 387, C14-P2K = 2767",4A1-2C,Lee_unsat,mRNA,IGROV1,1.0,Lee_unsat,1
96.17755857,ZAL_form,,"""ZAL:siRNA ratio such that the number of hydrophobic tails in the ZAL times the ZAL:siRNA mole ratio in the formulation was ~1000"", plus assumed siRNA MW = 13300Da",ZA6-Ac12,Miller_Zwitter,siRNA,HeLa,1.0,Miller_Zwitter,0
96.0,Han_amidine,DOPE,Computed with aid lipid molwt as 865,15T-O16,Han_amidine,mRNA,HepG2,1.0,Han_amidine,0
95.5,Han_amidine,DOPE,Computed with aid lipid molwt as 865,15T-O9,Han_amidine,mRNA,HepG2,1.0,Han_amidine,0
93.7,Han_a3,DOPE,,B21-2,Han_a3,mRNA,HepG2,1.0,Han_a3,0
93.48333333333332,Lxue,DOPE,Tox,6-a2-8,Xue_CAD_LNP,mRNA,HeLa,1.0,Xue_CAD_LNP,0
94.5,Han_amidine,DOPE,Computed with aid lipid molwt as 865,16T-O9,Han_amidine,mRNA,HepG2,1.0,Han_amidine,0
102.5,Han_amidine,DOPE,Computed with aid lipid molwt as 865,3T-O14,Han_amidine,mRNA,HepG2,1.0,Han_amidine,0
97.55666666666666,Lxue,DOPE,Tox,8-a3-7b,Xue_CAD_LNP,mRNA,HeLa,1.0,Xue_CAD_LNP,0
100.5747126,Unsat_dendrimer,DOPE,"Total lipids/RNA 40:1; DOPE MW = 744, Chol = 387, C14-P2K = 2768",4A3-2C,Lee_unsat,mRNA,IGROV1,1.0,Lee_unsat,0
101.07,Lxue,DOPE,Tox,3-a2-6,Xue_CAD_LNP,mRNA,HeLa,1.0,Xue_CAD_LNP,0
93.05,Han_a3,DOPE,,C20-2,Han_a3,mRNA,HepG2,1.0,Han_a3,0
93.5,Han_amidine,DOPE,Computed with aid lipid molwt as 865,21T-O14,Han_amidine,mRNA,HepG2,1.0,Han_amidine,0
111.0,Han_amidine,DOPE,Computed with aid lipid molwt as 865,19T-O16,Han_amidine,mRNA,HepG2,1.0,Han_amidine,0
95.5,Han_amidine,DOPE,Computed with aid lipid molwt as 865,23T-O12,Han_amidine,mRNA,HepG2,1.0,Han_amidine,0
77.42382271,xyu,DOPE,,GT-EP12,Yu_Aminoglycoside,mRNA,IGROV1,1.0,Yu_Aminoglycoside,2
105.1607999,ZAL_form,,"""ZAL:siRNA ratio such that the number of hydrophobic tails in the ZAL times the ZAL:siRNA mole ratio in the formulation was ~1000"", plus assumed siRNA MW = 13300Da",ZA2-Ac8,Miller_Zwitter,siRNA,HeLa,1.0,Miller_Zwitter,0
97.85,Han_a3,DOPE,,A2-2,Han_a3,mRNA,HepG2,1.0,Han_a3,0
102.5893958,ZAL_form,,"""ZAL:siRNA ratio such that the number of hydrophobic tails in the ZAL times the ZAL:siRNA mole ratio in the formulation was ~1000"", plus assumed siRNA MW = 13300Da",ZA1-Ac16,Miller_Zwitter,siRNA,HeLa,1.0,Miller_Zwitter,0
98.35,Han_a3,DOPE,,A28-4,Han_a3,mRNA,HepG2,1.0,Han_a3,0
38.23529412,Lin_peptide,DSPC,,a10-5,Lin_peptide,mRNA,MDA_MB,1.0,Lin_peptide,3
92.0,Han_amidine,DOPE,Computed with aid lipid molwt as 865,18T-O16,Han_amidine,mRNA,HepG2,1.0,Han_amidine,0
114.265928,xyu,DOPE,,HG-Ac8,Yu_Aminoglycoside,mRNA,IGROV1,1.0,Yu_Aminoglycoside,0
99.8,Han_a3,DOPE,,B6-2,Han_a3,mRNA,HepG2,1.0,Han_a3,0
108.045977,Unsat_dendrimer,DOPE,"Total lipids/RNA 40:1; DOPE MW = 744, Chol = 387, C14-P2K = 2754",4A3-SC6,Lee_unsat,mRNA,IGROV1,1.0,Lee_unsat,0
98.8307261,ZAL_form,,"""ZAL:siRNA ratio such that the number of hydrophobic tails in the ZAL times the ZAL:siRNA mole ratio in the formulation was ~1000"", plus assumed siRNA MW = 13300Da",ZA3-Ac12,Miller_Zwitter,siRNA,HeLa,1.0,Miller_Zwitter,0
105.5,Han_amidine,DOPE,Computed with aid lipid molwt as 865,20T-O9,Han_amidine,mRNA,HepG2,1.0,Han_amidine,0
100.5,Han_amidine,DOPE,Computed with aid lipid molwt as 865,14T-O16,Han_amidine,mRNA,HepG2,1.0,Han_amidine,0
95.9,Han_a3,DOPE,,B28-4,Han_a3,mRNA,HepG2,1.0,Han_a3,0
97.50957854,Unsat_dendrimer,DOPE,"Total lipids/RNA 40:1; DOPE MW = 744, Chol = 387, C14-P2K = 2695",2A9V-3T,Lee_unsat,mRNA,IGROV1,1.0,Lee_unsat,0
98.39704069,ZAL_form,,"""ZAL:siRNA ratio such that the number of hydrophobic tails in the ZAL times the ZAL:siRNA mole ratio in the formulation was ~1000"", plus assumed siRNA MW = 13300Da",ZA4-Ac10,Miller_Zwitter,siRNA,HeLa,1.0,Miller_Zwitter,0
92.67666666666666,Lxue,DOPE,Tox,3-a3-7b,Xue_CAD_LNP,mRNA,HeLa,1.0,Xue_CAD_LNP,0
97.8,Han_a3,DOPE,,A30-4,Han_a3,mRNA,HepG2,1.0,Han_a3,0
101.80333333333331,Lxue,DOPE,Tox,9-a2-8b,Xue_CAD_LNP,mRNA,HeLa,1.0,Xue_CAD_LNP,0
100.42333333333332,Lxue,DOPE,Tox,5-a2-7,Xue_CAD_LNP,mRNA,HeLa,1.0,Xue_CAD_LNP,0
100.0,Lin_peptide,DSPC,,a12dab-3,Lin_peptide,mRNA,MDA_MB,1.0,Lin_peptide,0
91.1,Han_a3,DOPE,,A26-4,Han_a3,mRNA,HepG2,1.0,Han_a3,0
107.5,Han_amidine,DOPE,Computed with aid lipid molwt as 865,2T-O12,Han_amidine,mRNA,HepG2,1.0,Han_amidine,0
85.79234973,zhang,DSPC,,GN-C10,Zhang_Aminoglycoside,siRNA,HeLa,1.0,Zhang_Aminoglycoside,1
95.59386973,Unsat_dendrimer,DOPE,"Total lipids/RNA 40:1; DOPE MW = 744, Chol = 387, C14-P2K = 2699",6A3-3T,Lee_unsat,mRNA,IGROV1,1.0,Lee_unsat,0
54.09836066,zhang,DSPC,,GT-C13,Zhang_Aminoglycoside,siRNA,HeLa,1.0,Zhang_Aminoglycoside,3
86.7816092,Unsat_dendrimer,DOPE,"Total lipids/RNA 40:1; DOPE MW = 744, Chol = 387, C14-P2K = 2725",4A1-4T,Lee_unsat,mRNA,IGROV1,1.0,Lee_unsat,1
100.75333333333332,Lxue,DOPE,Tox,12-a2-6,Xue_CAD_LNP,mRNA,HeLa,1.0,Xue_CAD_LNP,0
92.52873563,Unsat_dendrimer,DOPE,"Total lipids/RNA 40:1; DOPE MW = 744, Chol = 387, C14-P2K = 2733",4A3-4C,Lee_unsat,mRNA,IGROV1,1.0,Lee_unsat,0
96.1,Han_a3,DOPE,,B3-2,Han_a3,mRNA,HepG2,1.0,Han_a3,0
93.2,Han_a3,DOPE,,A24-4,Han_a3,mRNA,HepG2,1.0,Han_a3,0
102.34,Lxue,DOPE,Tox,4-a2-9,Xue_CAD_LNP,mRNA,HeLa,1.0,Xue_CAD_LNP,0
95.0,Han_amidine,DOPE,Computed with aid lipid molwt as 865,14T-O12,Han_amidine,mRNA,HepG2,1.0,Han_amidine,0
94.85,Han_a3,DOPE,,B24-4,Han_a3,mRNA,HepG2,1.0,Han_a3,0
100.75333333333332,Lxue,DOPE,Tox,1-a3-7b,Xue_CAD_LNP,mRNA,HeLa,1.0,Xue_CAD_LNP,0
102.0,Han_amidine,DOPE,Computed with aid lipid molwt as 865,14T-O9,Han_amidine,mRNA,HepG2,1.0,Han_amidine,0
106.5096953,xyu,DOPE,,GN-EP8,Yu_Aminoglycoside,mRNA,IGROV1,1.0,Yu_Aminoglycoside,0
95.40229885,Unsat_dendrimer,DOPE,"Total lipids/RNA 40:1; DOPE MW = 744, Chol = 387, C14-P2K = 2724",3A4-4T,Lee_unsat,mRNA,IGROV1,1.0,Lee_unsat,0
102.5,Han_amidine,DOPE,Computed with aid lipid molwt as 865,4T-O14,Han_amidine,mRNA,HepG2,1.0,Han_amidine,0
107.0881226,Unsat_dendrimer,DOPE,"Total lipids/RNA 40:1; DOPE MW = 744, Chol = 387, C14-P2K = 2737",2A9V-SC8,Lee_unsat,mRNA,IGROV1,1.0,Lee_unsat,0
96.44,Lxue,DOPE,Tox,11-a2-8,Xue_CAD_LNP,mRNA,HeLa,1.0,Xue_CAD_LNP,0
107.1038251,zhang,DSPC,,HG-C13,Zhang_Aminoglycoside,siRNA,HeLa,1.0,Zhang_Aminoglycoside,0
103.23666666666666,Lxue,DOPE,Tox,8-a2-8,Xue_CAD_LNP,mRNA,HeLa,1.0,Xue_CAD_LNP,0
90.0,Han_a3,DOPE,,B29-6,Han_a3,mRNA,HepG2,1.0,Han_a3,1
98.50333333333332,Lxue,DOPE,Tox,1-a2-7b,Xue_CAD_LNP,mRNA,HeLa,1.0,Xue_CAD_LNP,0
103.5,Han_amidine,DOPE,Computed with aid lipid molwt as 865,6T-O12,Han_amidine,mRNA,HepG2,1.0,Han_amidine,0
106.7817509,ZAL_form,,"""ZAL:siRNA ratio such that the number of hydrophobic tails in the ZAL times the ZAL:siRNA mole ratio in the formulation was ~1000"", plus assumed siRNA MW = 13300Da",ZA6-Ep12,Miller_Zwitter,siRNA,HeLa,1.0,Miller_Zwitter,0
95.5,Han_amidine,DOPE,Computed with aid lipid molwt as 865,22T-O14,Han_amidine,mRNA,HepG2,1.0,Han_amidine,0
94.6,Han_a3,DOPE,,C28-4,Han_a3,mRNA,HepG2,1.0,Han_a3,0
89.8467433,Unsat_dendrimer,DOPE,"Total lipids/RNA 40:1; DOPE MW = 744, Chol = 387, C14-P2K = 2780",3A4-Cit,Lee_unsat,mRNA,IGROV1,1.0,Lee_unsat,1
63.7254902,Lin_peptide,DSPC,,a12-2,Lin_peptide,mRNA,MDA_MB,1.0,Lin_peptide,3
88.8,Han_a3,DOPE,,B15-2,Han_a3,mRNA,HepG2,1.0,Han_a3,1
99.63008631,ZAL_form,,"""ZAL:siRNA ratio such that the number of hydrophobic tails in the ZAL times the ZAL:siRNA mole ratio in the formulation was ~1000"", plus assumed siRNA MW = 13300Da",ZA3-Ep14,Miller_Zwitter,siRNA,HeLa,1.0,Miller_Zwitter,0
100.5464481,zhang,DSPC,,HG-C12,Zhang_Aminoglycoside,siRNA,HeLa,1.0,Zhang_Aminoglycoside,0
93.5,Han_amidine,DOPE,Computed with aid lipid molwt as 865,16T-O16,Han_amidine,mRNA,HepG2,1.0,Han_amidine,0
100.0063112,ZAL_form,,"""ZAL:siRNA ratio such that the number of hydrophobic tails in the ZAL times the ZAL:siRNA mole ratio in the formulation was ~1000"", plus assumed siRNA MW = 13300Da",ZA3-Ac18,Miller_Zwitter,siRNA,HeLa,1.0,Miller_Zwitter,0
97.33863728,ZAL_form,,"""ZAL:siRNA ratio such that the number of hydrophobic tails in the ZAL times the ZAL:siRNA mole ratio in the formulation was ~1000"", plus assumed siRNA MW = 13300Da",ZA6-Ac16,Miller_Zwitter,siRNA,HeLa,1.0,Miller_Zwitter,0
99.20666666666666,Lxue,DOPE,Tox,4-a3-6b,Xue_CAD_LNP,mRNA,HeLa,1.0,Xue_CAD_LNP,0
59.80392157,Lin_peptide,DSPC,,a6-1,Lin_peptide,mRNA,MDA_MB,1.0,Lin_peptide,3
69.60784314,Lin_peptide,DSPC,,aam12-5,Lin_peptide,mRNA,MDA_MB,1.0,Lin_peptide,3
96.1,Han_a3,DOPE,,B10-2,Han_a3,mRNA,HepG2,1.0,Han_a3,0
104.56666666666666,Lxue,DOPE,Tox,7-a2-8,Xue_CAD_LNP,mRNA,HeLa,1.0,Xue_CAD_LNP,0
91.43,Lxue,DOPE,Tox,6-a2-8b,Xue_CAD_LNP,mRNA,HeLa,1.0,Xue_CAD_LNP,0
115.6509695,xyu,DOPE,,AM-Ac12,Yu_Aminoglycoside,mRNA,IGROV1,1.0,Yu_Aminoglycoside,0
104.5,Han_amidine,DOPE,Computed with aid lipid molwt as 865,3T-O12,Han_amidine,mRNA,HepG2,1.0,Han_amidine,0
95.0,Han_amidine,DOPE,Computed with aid lipid molwt as 865,4T-O9,Han_amidine,mRNA,HepG2,1.0,Han_amidine,0
92.61333333333332,Lxue,DOPE,Tox,3-a2-9b2,Xue_CAD_LNP,mRNA,HeLa,1.0,Xue_CAD_LNP,0
39.21568627,Lin_peptide,DSPC,,a8-2,Lin_peptide,mRNA,MDA_MB,1.0,Lin_peptide,3
91.25,Han_a3,DOPE,,C10-2,Han_a3,mRNA,HepG2,1.0,Han_a3,0
88.56696361,ZAL_form,,"""ZAL:siRNA ratio such that the number of hydrophobic tails in the ZAL times the ZAL:siRNA mole ratio in the formulation was ~1000"", plus assumed siRNA MW = 13300Da",ZA5-Ac10,Miller_Zwitter,siRNA,HeLa,1.0,Miller_Zwitter,1
101.4796547,ZAL_form,,"""ZAL:siRNA ratio such that the number of hydrophobic tails in the ZAL times the ZAL:siRNA mole ratio in the formulation was ~1000"", plus assumed siRNA MW = 13300Da",ZA6-Ac8,Miller_Zwitter,siRNA,HeLa,1.0,Miller_Zwitter,0
95.6,Han_a3,DOPE,,C30-4,Han_a3,mRNA,HepG2,1.0,Han_a3,0
105.1724138,Unsat_dendrimer,DOPE,"Total lipids/RNA 40:1; DOPE MW = 744, Chol = 387, C14-P2K = 2729",2A9-4C,Lee_unsat,mRNA,IGROV1,1.0,Lee_unsat,0
107.0881226,Unsat_dendrimer,DOPE,"Total lipids/RNA 40:1; DOPE MW = 744, Chol = 387, C14-P2K = 2728",2A2-4C,Lee_unsat,mRNA,IGROV1,1.0,Lee_unsat,0
102.2988506,Unsat_dendrimer,DOPE,"Total lipids/RNA 40:1; DOPE MW = 744, Chol = 387, C14-P2K = 2770",2A2-5,Lee_unsat,mRNA,IGROV1,1.0,Lee_unsat,0
91.53005464,zhang,DSPC,,AM-C14,Zhang_Aminoglycoside,siRNA,HeLa,1.0,Zhang_Aminoglycoside,0
83.33333333,Lin_peptide,DSPC,,e10-2,Lin_peptide,mRNA,MDA_MB,1.0,Lin_peptide,1
96.5,Han_amidine,DOPE,Computed with aid lipid molwt as 865,3T-O9,Han_amidine,mRNA,HepG2,1.0,Han_amidine,0
93.23666666666666,Lxue,DOPE,Tox,4-a3-7b2,Xue_CAD_LNP,mRNA,HeLa,1.0,Xue_CAD_LNP,0
84.48753463,xyu,DOPE,,GN-EP14,Yu_Aminoglycoside,mRNA,IGROV1,1.0,Yu_Aminoglycoside,1
96.8,Han_a3,DOPE,,A14-2,Han_a3,mRNA,HepG2,1.0,Han_a3,0
93.09494451,ZAL_form,,"""ZAL:siRNA ratio such that the number of hydrophobic tails in the ZAL times the ZAL:siRNA mole ratio in the formulation was ~1000"", plus assumed siRNA MW = 13300Da",ZA3-Ep10,Miller_Zwitter,siRNA,HeLa,1.0,Miller_Zwitter,0
91.17647059,Lin_peptide,DSPC,,aat12-3,Lin_peptide,mRNA,MDA_MB,1.0,Lin_peptide,0
93.29501916,Unsat_dendrimer,DOPE,"Total lipids/RNA 40:1; DOPE MW = 744, Chol = 387, C14-P2K = 2762",6A3-2T,Lee_unsat,mRNA,IGROV1,1.0,Lee_unsat,0
100.73,Lxue,DOPE,Tox,1-a2-9,Xue_CAD_LNP,mRNA,HeLa,1.0,Xue_CAD_LNP,0
110.9195402,Unsat_dendrimer,DOPE,"Total lipids/RNA 40:1; DOPE MW = 744, Chol = 387, C14-P2K = 2696",3A4-3T,Lee_unsat,mRNA,IGROV1,1.0,Lee_unsat,0
118.0076628,Unsat_dendrimer,DOPE,"Total lipids/RNA 40:1; DOPE MW = 744, Chol = 387, C14-P2K = 2704",4A1-3C,Lee_unsat,mRNA,IGROV1,1.0,Lee_unsat,0
90.8045977,Unsat_dendrimer,DOPE,"Total lipids/RNA 40:1; DOPE MW = 744, Chol = 387, C14-P2K = 2782",4A3-Cit,Lee_unsat,mRNA,IGROV1,1.0,Lee_unsat,0
97.51666666666668,Lxue,DOPE,Tox,10-a3-8b,Xue_CAD_LNP,mRNA,HeLa,1.0,Xue_CAD_LNP,0
92.45,Han_a3,DOPE,,B7-2,Han_a3,mRNA,HepG2,1.0,Han_a3,0
105.4644809,zhang,DSPC,,HG-C14,Zhang_Aminoglycoside,siRNA,HeLa,1.0,Zhang_Aminoglycoside,0
85.29411765,Lin_peptide,DSPC,,e10-3,Lin_peptide,mRNA,MDA_MB,1.0,Lin_peptide,1
96.13333333333333,Lxue,DOPE,Tox,11-a3-7b,Xue_CAD_LNP,mRNA,HeLa,1.0,Xue_CAD_LNP,0
102.2670519,ZAL_form,,"""ZAL:siRNA ratio such that the number of hydrophobic tails in the ZAL times the ZAL:siRNA mole ratio in the formulation was ~1000"", plus assumed siRNA MW = 13300Da",ZA4-Ep8,Miller_Zwitter,siRNA,HeLa,1.0,Miller_Zwitter,0
94.6,Han_a3,DOPE,,A3-2,Han_a3,mRNA,HepG2,1.0,Han_a3,0
100.77075223333333,Lxue,DOPE,Tox,1-a3-7b2,Xue_CAD_LNP,mRNA,HeLa,1.0,Xue_CAD_LNP,0
103.6398467,Unsat_dendrimer,DOPE,"Total lipids/RNA 40:1; DOPE MW = 744, Chol = 387, C14-P2K = 2713",6A3-SC8,Lee_unsat,mRNA,IGROV1,1.0,Lee_unsat,0
104.19666666666666,Lxue,DOPE,Tox,3-a2-6b,Xue_CAD_LNP,mRNA,HeLa,1.0,Xue_CAD_LNP,0
100.7662835,Unsat_dendrimer,DOPE,"Total lipids/RNA 40:1; DOPE MW = 744, Chol = 387, C14-P2K = 2707",2A2-SC8,Lee_unsat,mRNA,IGROV1,1.0,Lee_unsat,0
117.816092,Unsat_dendrimer,DOPE,"Total lipids/RNA 40:1; DOPE MW = 744, Chol = 387, C14-P2K = 2705",4A3-3C,Lee_unsat,mRNA,IGROV1,1.0,Lee_unsat,0
103.41333333333334,Lxue,DOPE,Tox,6-a2-9b,Xue_CAD_LNP,mRNA,HeLa,1.0,Xue_CAD_LNP,0
100.85333333333334,Lxue,DOPE,Tox,1-a2-7,Xue_CAD_LNP,mRNA,HeLa,1.0,Xue_CAD_LNP,0
92.05,Han_a3,DOPE,,A9-2,Han_a3,mRNA,HepG2,1.0,Han_a3,0
99.01960784,Lin_peptide,DSPC,,a14-3,Lin_peptide,mRNA,MDA_MB,1.0,Lin_peptide,0
95.85,Han_a3,DOPE,,A17-2,Han_a3,mRNA,HepG2,1.0,Han_a3,0
97.5,Han_amidine,DOPE,Computed with aid lipid molwt as 865,17T-O14,Han_amidine,mRNA,HepG2,1.0,Han_amidine,0
115.3256705,Unsat_dendrimer,DOPE,"Total lipids/RNA 40:1; DOPE MW = 744, Chol = 387, C14-P2K = 2697",4A1-3T,Lee_unsat,mRNA,IGROV1,1.0,Lee_unsat,0
105.9386973,Unsat_dendrimer,DOPE,"Total lipids/RNA 40:1; DOPE MW = 744, Chol = 387, C14-P2K = 2771",2A9-5,Lee_unsat,mRNA,IGROV1,1.0,Lee_unsat,0
97.5,Han_amidine,DOPE,Computed with aid lipid molwt as 865,20T-O12,Han_amidine,mRNA,HepG2,1.0,Han_amidine,0
97.39333333333332,Lxue,DOPE,Tox,12-a2-9,Xue_CAD_LNP,mRNA,HeLa,1.0,Xue_CAD_LNP,0
113.0193906,xyu,DOPE,,HG-Ac6,Yu_Aminoglycoside,mRNA,IGROV1,1.0,Yu_Aminoglycoside,0
83.5,Han_amidine,DOPE,Computed with aid lipid molwt as 865,23T-O16,Han_amidine,mRNA,HepG2,1.0,Han_amidine,1
97.42333333333332,Lxue,DOPE,Tox,8-a2-6b,Xue_CAD_LNP,mRNA,HeLa,1.0,Xue_CAD_LNP,0
93.0,Han_amidine,DOPE,Computed with aid lipid molwt as 865,25T-O16,Han_amidine,mRNA,HepG2,1.0,Han_amidine,0
85.29411765,Lin_peptide,DSPC,,a6-3,Lin_peptide,mRNA,MDA_MB,1.0,Lin_peptide,1
91.95807456,ZAL_form,,"""ZAL:siRNA ratio such that the number of hydrophobic tails in the ZAL times the ZAL:siRNA mole ratio in the formulation was ~1000"", plus assumed siRNA MW = 13300Da",ZA5-Ac8,Miller_Zwitter,siRNA,HeLa,1.0,Miller_Zwitter,0
96.5,Han_amidine,DOPE,Computed with aid lipid molwt as 865,6T-O16,Han_amidine,mRNA,HepG2,1.0,Han_amidine,0
107.1516646,ZAL_form,,"""ZAL:siRNA ratio such that the number of hydrophobic tails in the ZAL times the ZAL:siRNA mole ratio in the formulation was ~1000"", plus assumed siRNA MW = 13300Da",ZA1-Ep10,Miller_Zwitter,siRNA,HeLa,1.0,Miller_Zwitter,0
101.7241379,Unsat_dendrimer,DOPE,"Total lipids/RNA 40:1; DOPE MW = 744, Chol = 387, C14-P2K = 2700",2A2-3C,Lee_unsat,mRNA,IGROV1,1.0,Lee_unsat,0
95.59386973,Unsat_dendrimer,DOPE,"Total lipids/RNA 40:1; DOPE MW = 744, Chol = 387, C14-P2K = 2710",3A4-SC8,Lee_unsat,mRNA,IGROV1,1.0,Lee_unsat,0
86.97318008,Unsat_dendrimer,DOPE,"Total lipids/RNA 40:1; DOPE MW = 744, Chol = 387, C14-P2K = 2727",6A3-4T,Lee_unsat,mRNA,IGROV1,1.0,Lee_unsat,1
89.21568627,Lin_peptide,DSPC,,a16-5,Lin_peptide,mRNA,MDA_MB,1.0,Lin_peptide,1
94.5,Han_amidine,DOPE,Computed with aid lipid molwt as 865,17T-O12,Han_amidine,mRNA,HepG2,1.0,Han_amidine,0
96.45,Han_a3,DOPE,,A16-2,Han_a3,mRNA,HepG2,1.0,Han_a3,0
105.4254007,ZAL_form,,"""ZAL:siRNA ratio such that the number of hydrophobic tails in the ZAL times the ZAL:siRNA mole ratio in the formulation was ~1000"", plus assumed siRNA MW = 13300Da",ZA2-Ac14,Miller_Zwitter,siRNA,HeLa,1.0,Miller_Zwitter,0
92.14559387,Unsat_dendrimer,DOPE,"Total lipids/RNA 40:1; DOPE MW = 744, Chol = 387, C14-P2K = 2747",4A3-Far,Lee_unsat,mRNA,IGROV1,1.0,Lee_unsat,0
89.56333333333333,Lxue,DOPE,Tox,4-a2-6,Xue_CAD_LNP,mRNA,HeLa,1.0,Xue_CAD_LNP,1
98.13,Lxue,DOPE,Tox,2-a3-9b2,Xue_CAD_LNP,mRNA,HeLa,1.0,Xue_CAD_LNP,0
95.69666666666666,Lxue,DOPE,Tox,12-a2-6b,Xue_CAD_LNP,mRNA,HeLa,1.0,Xue_CAD_LNP,0
115.3256705,Unsat_dendrimer,DOPE,"Total lipids/RNA 40:1; DOPE MW = 744, Chol = 387, C14-P2K = 2698",4A3-3T,Lee_unsat,mRNA,IGROV1,1.0,Lee_unsat,0
100.36666666666666,Lxue,DOPE,Tox,8-a3-7b2,Xue_CAD_LNP,mRNA,HeLa,1.0,Xue_CAD_LNP,0
101.5,Han_amidine,DOPE,Computed with aid lipid molwt as 865,19T-O9,Han_amidine,mRNA,HepG2,1.0,Han_amidine,0
106.7049808,Unsat_dendrimer,DOPE,"Total lipids/RNA 40:1; DOPE MW = 744, Chol = 387, C14-P2K = 2778",2A9-Cit,Lee_unsat,mRNA,IGROV1,1.0,Lee_unsat,0
107.6177285,xyu,DOPE,,GT-EP10,Yu_Aminoglycoside,mRNA,IGROV1,1.0,Yu_Aminoglycoside,0
104.45,Lxue,DOPE,Tox,6-a3-6b,Xue_CAD_LNP,mRNA,HeLa,1.0,Xue_CAD_LNP,0
96.8,Han_a3,DOPE,,B5-2,Han_a3,mRNA,HepG2,1.0,Han_a3,0
102.71333333333332,Lxue,DOPE,Tox,11-a2-9b2,Xue_CAD_LNP,mRNA,HeLa,1.0,Xue_CAD_LNP,0
94.44444444,Unsat_dendrimer,DOPE,"Total lipids/RNA 40:1; DOPE MW = 744, Chol = 387, C14-P2K = 2715",2A9-Ne,Lee_unsat,mRNA,IGROV1,1.0,Lee_unsat,0
107.891492,ZAL_form,,"""ZAL:siRNA ratio such that the number of hydrophobic tails in the ZAL times the ZAL:siRNA mole ratio in the formulation was ~1000"", plus assumed siRNA MW = 13300Da",ZA4-Ep12,Miller_Zwitter,siRNA,HeLa,1.0,Miller_Zwitter,0
99.57333333333334,Lxue,DOPE,Tox,11-a2-7b,Xue_CAD_LNP,mRNA,HeLa,1.0,Xue_CAD_LNP,0
96.85,Han_a3,DOPE,,C4-2,Han_a3,mRNA,HepG2,1.0,Han_a3,0
103.67,Lxue,DOPE,Tox,9-a3-9b2,Xue_CAD_LNP,mRNA,HeLa,1.0,Xue_CAD_LNP,0
75.49019608,Lin_peptide,DSPC,,aat12-4,Lin_peptide,mRNA,MDA_MB,1.0,Lin_peptide,2
97.0,Han_amidine,DOPE,Computed with aid lipid molwt as 865,12T-O12,Han_amidine,mRNA,HepG2,1.0,Han_amidine,0
100.3699137,ZAL_form,,"""ZAL:siRNA ratio such that the number of hydrophobic tails in the ZAL times the ZAL:siRNA mole ratio in the formulation was ~1000"", plus assumed siRNA MW = 13300Da",ZA3-Ac10,Miller_Zwitter,siRNA,HeLa,1.0,Miller_Zwitter,0
53.92156863,Lin_peptide,DSPC,,a8-4,Lin_peptide,mRNA,MDA_MB,1.0,Lin_peptide,3
99.1,Han_a3,DOPE,,B13-2,Han_a3,mRNA,HepG2,1.0,Han_a3,0
108.4291188,Unsat_dendrimer,DOPE,"Total lipids/RNA 40:1; DOPE MW = 744, Chol = 387, C14-P2K = 2708",2A9-SC8,Lee_unsat,mRNA,IGROV1,1.0,Lee_unsat,0
97.31800766,Unsat_dendrimer,DOPE,"Total lipids/RNA 40:1; DOPE MW = 744, Chol = 387, C14-P2K = 2766",3A4-2C,Lee_unsat,mRNA,IGROV1,1.0,Lee_unsat,0
94.0,Han_amidine,DOPE,Computed with aid lipid molwt as 865,8T-O14,Han_amidine,mRNA,HepG2,1.0,Han_amidine,0
104.62666666666668,Lxue,DOPE,Tox,10-a2-9b2,Xue_CAD_LNP,mRNA,HeLa,1.0,Xue_CAD_LNP,0
93.83,Lxue,DOPE,Tox,11-a2-6b,Xue_CAD_LNP,mRNA,HeLa,1.0,Xue_CAD_LNP,0
53.92156863,Lin_peptide,DSPC,,e10-4,Lin_peptide,mRNA,MDA_MB,1.0,Lin_peptide,3
111.3573407,xyu,DOPE,,HG-EP12,Yu_Aminoglycoside,mRNA,IGROV1,1.0,Yu_Aminoglycoside,0
99.52,Lxue,DOPE,Tox,8-a2-9b2,Xue_CAD_LNP,mRNA,HeLa,1.0,Xue_CAD_LNP,0
91.76666666666668,Lxue,DOPE,Tox,4-a2-7,Xue_CAD_LNP,mRNA,HeLa,1.0,Xue_CAD_LNP,0
105.4644809,zhang,DSPC,,RB-C10,Zhang_Aminoglycoside,siRNA,HeLa,1.0,Zhang_Aminoglycoside,0
74.59016393,zhang,DSPC,,GT-C12,Zhang_Aminoglycoside,siRNA,HeLa,1.0,Zhang_Aminoglycoside,2
98.5,Han_amidine,DOPE,Computed with aid lipid molwt as 865,2T-O14,Han_amidine,mRNA,HepG2,1.0,Han_amidine,0
95.95,Lxue,DOPE,Tox,6-a2-7b2,Xue_CAD_LNP,mRNA,HeLa,1.0,Xue_CAD_LNP,0
85.29411765,Lin_peptide,DSPC,,a12dab-5,Lin_peptide,mRNA,MDA_MB,1.0,Lin_peptide,1
99.04214559,Unsat_dendrimer,DOPE,"Total lipids/RNA 40:1; DOPE MW = 744, Chol = 387, C14-P2K = 2772",2A9V-5,Lee_unsat,mRNA,IGROV1,1.0,Lee_unsat,0
96.57,Lxue,DOPE,Tox,5-a2-8,Xue_CAD_LNP,mRNA,HeLa,1.0,Xue_CAD_LNP,0
87.05,Han_a3,DOPE,,A23-3,Han_a3,mRNA,HepG2,1.0,Han_a3,1
103.38666666666668,Lxue,DOPE,Tox,9-a3-8b,Xue_CAD_LNP,mRNA,HeLa,1.0,Xue_CAD_LNP,0
100.23666666666666,Lxue,DOPE,Tox,9-a2-9b,Xue_CAD_LNP,mRNA,HeLa,1.0,Xue_CAD_LNP,0
83.63854902,ZAL_form,,"""ZAL:siRNA ratio such that the number of hydrophobic tails in the ZAL times the ZAL:siRNA mole ratio in the formulation was ~1000"", plus assumed siRNA MW = 13300Da",ZA5-Ac14,Miller_Zwitter,siRNA,HeLa,1.0,Miller_Zwitter,1
107.0,Han_amidine,DOPE,Computed with aid lipid molwt as 865,20T-O14,Han_amidine,mRNA,HepG2,1.0,Han_amidine,0
106.232687,xyu,DOPE,,AM-Ac8,Yu_Aminoglycoside,mRNA,IGROV1,1.0,Yu_Aminoglycoside,0
43.1372549,Lin_peptide,DSPC,,aam12-4,Lin_peptide,mRNA,MDA_MB,1.0,Lin_peptide,3
98.1,Han_a3,DOPE,,A27-4,Han_a3,mRNA,HepG2,1.0,Han_a3,0
94.98333333333332,Lxue,DOPE,Tox,12-a2-9b,Xue_CAD_LNP,mRNA,HeLa,1.0,Xue_CAD_LNP,0
106.557377,zhang,DSPC,,PR-C11,Zhang_Aminoglycoside,siRNA,HeLa,1.0,Zhang_Aminoglycoside,0
93.39333333333332,Lxue,DOPE,Tox,12-a2-7,Xue_CAD_LNP,mRNA,HeLa,1.0,Xue_CAD_LNP,0
108.7327701,ZAL_form,,"""ZAL:siRNA ratio such that the number of hydrophobic tails in the ZAL times the ZAL:siRNA mole ratio in the formulation was ~1000"", plus assumed siRNA MW = 13300Da",ZA1-Ep12,Miller_Zwitter,siRNA,HeLa,1.0,Miller_Zwitter,0
97.31800766,Unsat_dendrimer,DOPE,"Total lipids/RNA 40:1; DOPE MW = 744, Chol = 387, C14-P2K = 2694",2A9-3T,Lee_unsat,mRNA,IGROV1,1.0,Lee_unsat,0
104.80333333333331,Lxue,DOPE,Tox,10-a2-9,Xue_CAD_LNP,mRNA,HeLa,1.0,Xue_CAD_LNP,0
78.43137255,Lin_peptide,DSPC,,aat12-2,Lin_peptide,mRNA,MDA_MB,1.0,Lin_peptide,2
95.82,Lxue,DOPE,Tox,12-a3-7b2,Xue_CAD_LNP,mRNA,HeLa,1.0,Xue_CAD_LNP,0
100.3699137,ZAL_form,,"""ZAL:siRNA ratio such that the number of hydrophobic tails in the ZAL times the ZAL:siRNA mole ratio in the formulation was ~1000"", plus assumed siRNA MW = 13300Da",ZA1-Ac8,Miller_Zwitter,siRNA,HeLa,1.0,Miller_Zwitter,0
0.0,Lin_peptide,DSPC,,a16-1,Lin_peptide,mRNA,MDA_MB,1.0,Lin_peptide,3
104.55666666666666,Lxue,DOPE,Tox,4-a2-7b,Xue_CAD_LNP,mRNA,HeLa,1.0,Xue_CAD_LNP,0
97.50957854,Unsat_dendrimer,DOPE,"Total lipids/RNA 40:1; DOPE MW = 744, Chol = 387, C14-P2K = 2757",2A9-2T,Lee_unsat,mRNA,IGROV1,1.0,Lee_unsat,0
96.0,Han_a3,DOPE,,C15-2,Han_a3,mRNA,HepG2,1.0,Han_a3,0
94.05,Han_a3,DOPE,,C29-6,Han_a3,mRNA,HepG2,1.0,Han_a3,0
94.9,Han_a3,DOPE,,C16-2,Han_a3,mRNA,HepG2,1.0,Han_a3,0
91.1,Han_a3,DOPE,,C24-4,Han_a3,mRNA,HepG2,1.0,Han_a3,0
96.5,Han_amidine,DOPE,Computed with aid lipid molwt as 865,18T-O14,Han_amidine,mRNA,HepG2,1.0,Han_amidine,0
100.7398274,ZAL_form,,"""ZAL:siRNA ratio such that the number of hydrophobic tails in the ZAL times the ZAL:siRNA mole ratio in the formulation was ~1000"", plus assumed siRNA MW = 13300Da",ZA6-Ep16,Miller_Zwitter,siRNA,HeLa,1.0,Miller_Zwitter,0
40.19607843,Lin_peptide,DSPC,,e14-5,Lin_peptide,mRNA,MDA_MB,1.0,Lin_peptide,3
86.2745098,Lin_peptide,DSPC,,a12dap-1,Lin_peptide,mRNA,MDA_MB,1.0,Lin_peptide,1
98.62,Lxue,DOPE,Tox,7-a3-7b2,Xue_CAD_LNP,mRNA,HeLa,1.0,Xue_CAD_LNP,0
99.5,Han_amidine,DOPE,Computed with aid lipid molwt as 865,21T-O16,Han_amidine,mRNA,HepG2,1.0,Han_amidine,0
91.76245211,Unsat_dendrimer,DOPE,"Total lipids/RNA 40:1; DOPE MW = 744, Chol = 387, C14-P2K = 2744",2A9V-Far,Lee_unsat,mRNA,IGROV1,1.0,Lee_unsat,0
69.94535519,zhang,DSPC,,GT-C14,Zhang_Aminoglycoside,siRNA,HeLa,1.0,Zhang_Aminoglycoside,3
94.5,Han_amidine,DOPE,Computed with aid lipid molwt as 865,22T-O12,Han_amidine,mRNA,HepG2,1.0,Han_amidine,0
94.44444444,Unsat_dendrimer,DOPE,"Total lipids/RNA 40:1; DOPE MW = 744, Chol = 387, C14-P2K = 2775",4A3-5,Lee_unsat,mRNA,IGROV1,1.0,Lee_unsat,0
113.7119114,xyu,DOPE,,AM-EP8,Yu_Aminoglycoside,mRNA,IGROV1,1.0,Yu_Aminoglycoside,0
100.21333333333332,Lxue,DOPE,Tox,10-a2-7b2,Xue_CAD_LNP,mRNA,HeLa,1.0,Xue_CAD_LNP,0
93.12,Lxue,DOPE,Tox,5-a2-9b,Xue_CAD_LNP,mRNA,HeLa,1.0,Xue_CAD_LNP,0
95.0,Han_amidine,DOPE,Computed with aid lipid molwt as 865,21T-O9,Han_amidine,mRNA,HepG2,1.0,Han_amidine,0
104.5977011,Unsat_dendrimer,DOPE,"Total lipids/RNA 40:1; DOPE MW = 744, Chol = 387, C14-P2K = 2773",3A4-5,Lee_unsat,mRNA,IGROV1,1.0,Lee_unsat,0
83.33333333,Lin_peptide,DSPC,,a12orn-5,Lin_peptide,mRNA,MDA_MB,1.0,Lin_peptide,1
97.48666666666666,Lxue,DOPE,Tox,4-a2-8,Xue_CAD_LNP,mRNA,HeLa,1.0,Xue_CAD_LNP,0
100.7662835,Unsat_dendrimer,DOPE,"Total lipids/RNA 40:1; DOPE MW = 744, Chol = 387, C14-P2K = 2735",2A2-SC8,Lee_unsat,mRNA,IGROV1,1.0,Lee_unsat,0
107.6177285,xyu,DOPE,,AM-Ac8-1,Yu_Aminoglycoside,mRNA,IGROV1,1.0,Yu_Aminoglycoside,0
94.44333333333334,Lxue,DOPE,Tox,3-a2-9,Xue_CAD_LNP,mRNA,HeLa,1.0,Xue_CAD_LNP,0
66.66666667,Lin_peptide,DSPC,,aam12-2,Lin_peptide,mRNA,MDA_MB,1.0,Lin_peptide,3
97.05,Han_a3,DOPE,,C14-2,Han_a3,mRNA,HepG2,1.0,Han_a3,0
109.8179256,ZAL_form,,"""ZAL:siRNA ratio such that the number of hydrophobic tails in the ZAL times the ZAL:siRNA mole ratio in the formulation was ~1000"", plus assumed siRNA MW = 13300Da",ZA6-Ep8,Miller_Zwitter,siRNA,HeLa,1.0,Miller_Zwitter,0
104.5622688,ZAL_form,,"""ZAL:siRNA ratio such that the number of hydrophobic tails in the ZAL times the ZAL:siRNA mole ratio in the formulation was ~1000"", plus assumed siRNA MW = 13300Da",ZA1-Ep8,Miller_Zwitter,siRNA,HeLa,1.0,Miller_Zwitter,0
94.89666666666666,Lxue,DOPE,Tox,12-a2-8,Xue_CAD_LNP,mRNA,HeLa,1.0,Xue_CAD_LNP,0
83.33333333,Lin_peptide,DSPC,,a14-2,Lin_peptide,mRNA,MDA_MB,1.0,Lin_peptide,1
105.4254007,ZAL_form,,"""ZAL:siRNA ratio such that the number of hydrophobic tails in the ZAL times the ZAL:siRNA mole ratio in the formulation was ~1000"", plus assumed siRNA MW = 13300Da",ZA2-Ac12,Miller_Zwitter,siRNA,HeLa,1.0,Miller_Zwitter,0
99.24666666666668,Lxue,DOPE,Tox,10-a3-7b2,Xue_CAD_LNP,mRNA,HeLa,1.0,Xue_CAD_LNP,0
95.0,Han_amidine,DOPE,Computed with aid lipid molwt as 865,25T-O14,Han_amidine,mRNA,HepG2,1.0,Han_amidine,0
100.90666666666668,Lxue,DOPE,Tox,10-a2-6,Xue_CAD_LNP,mRNA,HeLa,1.0,Xue_CAD_LNP,0
99.0,Han_amidine,DOPE,Computed with aid lipid molwt as 865,24T-O14,Han_amidine,mRNA,HepG2,1.0,Han_amidine,0
93.1372549,Lin_peptide,DSPC,,a6-5,Lin_peptide,mRNA,MDA_MB,1.0,Lin_peptide,0
103.7396122,xyu,DOPE,,HG-EP14,Yu_Aminoglycoside,mRNA,IGROV1,1.0,Yu_Aminoglycoside,0
97.19333333333331,Lxue,DOPE,Tox,9-a2-8,Xue_CAD_LNP,mRNA,HeLa,1.0,Xue_CAD_LNP,0
98.11,Lxue,DOPE,Tox,10-a3-6b,Xue_CAD_LNP,mRNA,HeLa,1.0,Xue_CAD_LNP,0
95.45,Han_a3,DOPE,,C8-2,Han_a3,mRNA,HepG2,1.0,Han_a3,0
100.54,Lxue,DOPE,Tox,8-a2-6,Xue_CAD_LNP,mRNA,HeLa,1.0,Xue_CAD_LNP,0
100.46333333333332,Lxue,DOPE,Tox,12-a3-6b,Xue_CAD_LNP,mRNA,HeLa,1.0,Xue_CAD_LNP,0
95.08196721,zhang,DSPC,,AM-C16,Zhang_Aminoglycoside,siRNA,HeLa,1.0,Zhang_Aminoglycoside,0
99.42528736,Unsat_dendrimer,DOPE,"Total lipids/RNA 40:1; DOPE MW = 744, Chol = 387, C14-P2K = 2714",2A2-Ne,Lee_unsat,mRNA,IGROV1,1.0,Lee_unsat,0
118.0055402,xyu,DOPE,,GT-Ac8,Yu_Aminoglycoside,mRNA,IGROV1,1.0,Yu_Aminoglycoside,0
96.5,Han_amidine,DOPE,Computed with aid lipid molwt as 865,5T-O9,Han_amidine,mRNA,HepG2,1.0,Han_amidine,0
85.29411765,Lin_peptide,DSPC,,a18-2,Lin_peptide,mRNA,MDA_MB,1.0,Lin_peptide,1
96.78333333333336,Lxue,DOPE,Tox,4-a3-9b2,Xue_CAD_LNP,mRNA,HeLa,1.0,Xue_CAD_LNP,0
97.83666666666666,Lxue,DOPE,Tox,2-a3-6b,Xue_CAD_LNP,mRNA,HeLa,1.0,Xue_CAD_LNP,0
93.08333333333331,Lxue,DOPE,Tox,3-a3-8b,Xue_CAD_LNP,mRNA,HeLa,1.0,Xue_CAD_LNP,0
97.25,Han_a3,DOPE,,A12-2,Han_a3,mRNA,HepG2,1.0,Han_a3,0
103.85666666666668,Lxue,DOPE,Tox,1-a2-8,Xue_CAD_LNP,mRNA,HeLa,1.0,Xue_CAD_LNP,0
95.35,Han_a3,DOPE,,C19-2,Han_a3,mRNA,HepG2,1.0,Han_a3,0
105.3020962,ZAL_form,,"""ZAL:siRNA ratio such that the number of hydrophobic tails in the ZAL times the ZAL:siRNA mole ratio in the formulation was ~1000"", plus assumed siRNA MW = 13300Da",ZA1-Ac14,Miller_Zwitter,siRNA,HeLa,1.0,Miller_Zwitter,0
76.50273224,zhang,DSPC,,GN-C12,Zhang_Aminoglycoside,siRNA,HeLa,1.0,Zhang_Aminoglycoside,2
99.67333333333332,Lxue,DOPE,Tox,10-a2-7b,Xue_CAD_LNP,mRNA,HeLa,1.0,Xue_CAD_LNP,0
93.4,Han_a3,DOPE,,A10-2,Han_a3,mRNA,HepG2,1.0,Han_a3,0
100.4132445,ZAL_form,,"""ZAL:siRNA ratio such that the number of hydrophobic tails in the ZAL times the ZAL:siRNA mole ratio in the formulation was ~1000"", plus assumed siRNA MW = 13300Da",ZA4-Ac16,Miller_Zwitter,siRNA,HeLa,1.0,Miller_Zwitter,0
97.0,Han_amidine,DOPE,Computed with aid lipid molwt as 865,18T-O9,Han_amidine,mRNA,HepG2,1.0,Han_amidine,0
100.0,Han_amidine,DOPE,Computed with aid lipid molwt as 865,18T-O12,Han_amidine,mRNA,HepG2,1.0,Han_amidine,0
86.2745098,Lin_peptide,DSPC,,a18-3,Lin_peptide,mRNA,MDA_MB,1.0,Lin_peptide,1
101.3409962,Unsat_dendrimer,DOPE,"Total lipids/RNA 40:1; DOPE MW = 744, Chol = 387, C14-P2K = 2755",6A3-SC6,Lee_unsat,mRNA,IGROV1,1.0,Lee_unsat,0
110.5263158,xyu,DOPE,,HG-EP6,Yu_Aminoglycoside,mRNA,IGROV1,1.0,Yu_Aminoglycoside,0
107.5,Han_amidine,DOPE,Computed with aid lipid molwt as 865,11T-O9,Han_amidine,mRNA,HepG2,1.0,Han_amidine,0
101.79666666666668,Lxue,DOPE,Tox,1-a3-6b,Xue_CAD_LNP,mRNA,HeLa,1.0,Xue_CAD_LNP,0
98.58666666666666,Lxue,DOPE,Tox,5-a3-9b2,Xue_CAD_LNP,mRNA,HeLa,1.0,Xue_CAD_LNP,0
100.58,Lxue,DOPE,Tox,6-a3-7b,Xue_CAD_LNP,mRNA,HeLa,1.0,Xue_CAD_LNP,0
53.92156863,Lin_peptide,DSPC,,e12-5,Lin_peptide,mRNA,MDA_MB,1.0,Lin_peptide,3
95.0,Han_amidine,DOPE,Computed with aid lipid molwt as 865,10T-O12,Han_amidine,mRNA,HepG2,1.0,Han_amidine,0
103.4626039,xyu,DOPE,,GN-EP6,Yu_Aminoglycoside,mRNA,IGROV1,1.0,Yu_Aminoglycoside,0
97.50957854,Unsat_dendrimer,DOPE,"Total lipids/RNA 40:1; DOPE MW = 744, Chol = 387, C14-P2K = 2693",2A2-3T,Lee_unsat,mRNA,IGROV1,1.0,Lee_unsat,0
106.4118372,ZAL_form,,"""ZAL:siRNA ratio such that the number of hydrophobic tails in the ZAL times the ZAL:siRNA mole ratio in the formulation was ~1000"", plus assumed siRNA MW = 13300Da",ZA1-Ac12,Miller_Zwitter,siRNA,HeLa,1.0,Miller_Zwitter,0
99.87669544,ZAL_form,,"""ZAL:siRNA ratio such that the number of hydrophobic tails in the ZAL times the ZAL:siRNA mole ratio in the formulation was ~1000"", plus assumed siRNA MW = 13300Da",ZA1-Ac10,Miller_Zwitter,siRNA,HeLa,1.0,Miller_Zwitter,0
96.90666666666668,Lxue,DOPE,Tox,4-a2-8b,Xue_CAD_LNP,mRNA,HeLa,1.0,Xue_CAD_LNP,0
92.5,Han_amidine,DOPE,Computed with aid lipid molwt as 865,15T-O14,Han_amidine,mRNA,HepG2,1.0,Han_amidine,0
94.45,Han_a3,DOPE,,B16-2,Han_a3,mRNA,HepG2,1.0,Han_a3,0
108.4291188,Unsat_dendrimer,DOPE,"Total lipids/RNA 40:1; DOPE MW = 744, Chol = 387, C14-P2K = 2736",2A9-SC8,Lee_unsat,mRNA,IGROV1,1.0,Lee_unsat,0
95.2,Han_a3,DOPE,,B2-2,Han_a3,mRNA,HepG2,1.0,Han_a3,0
92.05,Han_a3,DOPE,,A19-2,Han_a3,mRNA,HepG2,1.0,Han_a3,0
113.5734072,xyu,DOPE,,GT-EP8,Yu_Aminoglycoside,mRNA,IGROV1,1.0,Yu_Aminoglycoside,0
95.1,Han_a3,DOPE,,C3-2,Han_a3,mRNA,HepG2,1.0,Han_a3,0
68.85245902,zhang,DSPC,,RB-C12,Zhang_Aminoglycoside,siRNA,HeLa,1.0,Zhang_Aminoglycoside,3
105.3020962,ZAL_form,,"""ZAL:siRNA ratio such that the number of hydrophobic tails in the ZAL times the ZAL:siRNA mole ratio in the formulation was ~1000"", plus assumed siRNA MW = 13300Da",ZA5-Ep8,Miller_Zwitter,siRNA,HeLa,1.0,Miller_Zwitter,0
97.5,Han_amidine,DOPE,Computed with aid lipid molwt as 865,19T-O12,Han_amidine,mRNA,HepG2,1.0,Han_amidine,0
95.9,Han_a3,DOPE,,C12-2,Han_a3,mRNA,HepG2,1.0,Han_a3,0
95.59386973,Unsat_dendrimer,DOPE,"Total lipids/RNA 40:1; DOPE MW = 744, Chol = 387, C14-P2K = 2738",3A4-SC8,Lee_unsat,mRNA,IGROV1,1.0,Lee_unsat,0
69.52908586999999,xyu,DOPE,,AM-EP12,Yu_Aminoglycoside,mRNA,IGROV1,1.0,Yu_Aminoglycoside,3
57.84313725,Lin_peptide,DSPC,,e14-3,Lin_peptide,mRNA,MDA_MB,1.0,Lin_peptide,3
91.59635606,ZAL_form,,"""ZAL:siRNA ratio such that the number of hydrophobic tails in the ZAL times the ZAL:siRNA mole ratio in the formulation was ~1000"", plus assumed siRNA MW = 13300Da",ZA4-Ac18,Miller_Zwitter,siRNA,HeLa,1.0,Miller_Zwitter,0
101.0,Han_a3,DOPE,,B17-2,Han_a3,mRNA,HepG2,1.0,Han_a3,0
98.03333333333336,Lxue,DOPE,Tox,12-a2-9b2,Xue_CAD_LNP,mRNA,HeLa,1.0,Xue_CAD_LNP,0
89.05,Han_a3,DOPE,,A25-4,Han_a3,mRNA,HepG2,1.0,Han_a3,1
92.52873563,Unsat_dendrimer,DOPE,"Total lipids/RNA 40:1; DOPE MW = 744, Chol = 387, C14-P2K = 2732",4A1-4C,Lee_unsat,mRNA,IGROV1,1.0,Lee_unsat,0
96.55172414,Unsat_dendrimer,DOPE,"Total lipids/RNA 40:1; DOPE MW = 744, Chol = 387, C14-P2K = 2765",2A9V-2C,Lee_unsat,mRNA,IGROV1,1.0,Lee_unsat,0
121.3114754,zhang,DSPC,,GN-C11,Zhang_Aminoglycoside,siRNA,HeLa,1.0,Zhang_Aminoglycoside,0
99.23765942,ZAL_form,,"""ZAL:siRNA ratio such that the number of hydrophobic tails in the ZAL times the ZAL:siRNA mole ratio in the formulation was ~1000"", plus assumed siRNA MW = 13300Da",ZA3-Ac16,Miller_Zwitter,siRNA,HeLa,1.0,Miller_Zwitter,0
102.88666666666666,Lxue,DOPE,Tox,11-a2-9,Xue_CAD_LNP,mRNA,HeLa,1.0,Xue_CAD_LNP,0
106.26666666666664,Lxue,DOPE,Tox,6-a3-7b2,Xue_CAD_LNP,mRNA,HeLa,1.0,Xue_CAD_LNP,0
56.8627451,Lin_peptide,DSPC,,aam12-3,Lin_peptide,mRNA,MDA_MB,1.0,Lin_peptide,3
88.23529412,Lin_peptide,DSPC,,a6-4,Lin_peptide,mRNA,MDA_MB,1.0,Lin_peptide,1
99.84666666666668,Lxue,DOPE,Tox,8-a2-9b,Xue_CAD_LNP,mRNA,HeLa,1.0,Xue_CAD_LNP,0
101.37,Lxue,DOPE,Tox,11-a2-8b,Xue_CAD_LNP,mRNA,HeLa,1.0,Xue_CAD_LNP,0
105.38333333333333,Lxue,DOPE,Tox,6-a3-8b,Xue_CAD_LNP,mRNA,HeLa,1.0,Xue_CAD_LNP,0
96.84333333333332,Lxue,DOPE,Tox,7-a2-9b2,Xue_CAD_LNP,mRNA,HeLa,1.0,Xue_CAD_LNP,0
96.54747226,ZAL_form,,"""ZAL:siRNA ratio such that the number of hydrophobic tails in the ZAL times the ZAL:siRNA mole ratio in the formulation was ~1000"", plus assumed siRNA MW = 13300Da",ZA4-Ep14,Miller_Zwitter,siRNA,HeLa,1.0,Miller_Zwitter,0
112.465374,xyu,DOPE,,GT-EP6,Yu_Aminoglycoside,mRNA,IGROV1,1.0,Yu_Aminoglycoside,0
94.4,Han_a3,DOPE,,B19-2,Han_a3,mRNA,HepG2,1.0,Han_a3,0
98.67,Lxue,DOPE,Tox,8-a3-6b,Xue_CAD_LNP,mRNA,HeLa,1.0,Xue_CAD_LNP,0
92.24376731,xyu,DOPE,,GT-EP14,Yu_Aminoglycoside,mRNA,IGROV1,1.0,Yu_Aminoglycoside,0
90.19607843,Lin_peptide,DSPC,,a18-4,Lin_peptide,mRNA,MDA_MB,1.0,Lin_peptide,0
96.0,Han_amidine,DOPE,Computed with aid lipid molwt as 865,2T-O16,Han_amidine,mRNA,HepG2,1.0,Han_amidine,0
77.45098039,Lin_peptide,DSPC,,a12dap-4,Lin_peptide,mRNA,MDA_MB,1.0,Lin_peptide,2
102.15,Lxue,DOPE,Tox,5-a3-6b,Xue_CAD_LNP,mRNA,HeLa,1.0,Xue_CAD_LNP,0
93.1372549,Lin_peptide,DSPC,,e12-2,Lin_peptide,mRNA,MDA_MB,1.0,Lin_peptide,0
97.65721332,ZAL_form,,"""ZAL:siRNA ratio such that the number of hydrophobic tails in the ZAL times the ZAL:siRNA mole ratio in the formulation was ~1000"", plus assumed siRNA MW = 13300Da",ZA6-Ac14,Miller_Zwitter,siRNA,HeLa,1.0,Miller_Zwitter,0
98.027127,ZAL_form,,"""ZAL:siRNA ratio such that the number of hydrophobic tails in the ZAL times the ZAL:siRNA mole ratio in the formulation was ~1000"", plus assumed siRNA MW = 13300Da",ZA6-Ac10,Miller_Zwitter,siRNA,HeLa,1.0,Miller_Zwitter,0
101.9125683,zhang,DSPC,,AM-C12,Zhang_Aminoglycoside,siRNA,HeLa,1.0,Zhang_Aminoglycoside,0
104.9180328,zhang,DSPC,,AM-C13,Zhang_Aminoglycoside,siRNA,HeLa,1.0,Zhang_Aminoglycoside,0
98.68333333333332,Lxue,DOPE,Tox,5-a3-7b2,Xue_CAD_LNP,mRNA,HeLa,1.0,Xue_CAD_LNP,0
101.93,Lxue,DOPE,Tox,8-a3-8b,Xue_CAD_LNP,mRNA,HeLa,1.0,Xue_CAD_LNP,0
112.5770654,ZAL_form,,"""ZAL:siRNA ratio such that the number of hydrophobic tails in the ZAL times the ZAL:siRNA mole ratio in the formulation was ~1000"", plus assumed siRNA MW = 13300Da",ZA1-Ep14,Miller_Zwitter,siRNA,HeLa,1.0,Miller_Zwitter,0
91.5,Han_a3,DOPE,,A29-6,Han_a3,mRNA,HepG2,1.0,Han_a3,0
90.48333333333336,Lxue,DOPE,Tox,12-a3-9b2,Xue_CAD_LNP,mRNA,HeLa,1.0,Xue_CAD_LNP,0
86.0,Han_amidine,DOPE,Computed with aid lipid molwt as 865,7T-O14,Han_amidine,mRNA,HepG2,1.0,Han_amidine,1
99.58333333333331,Lxue,DOPE,Tox,1-a2-8b,Xue_CAD_LNP,mRNA,HeLa,1.0,Xue_CAD_LNP,0
91.8,Han_a3,DOPE,,B11-2,Han_a3,mRNA,HepG2,1.0,Han_a3,0
100.05333333333334,Lxue,DOPE,Tox,8-a2-9,Xue_CAD_LNP,mRNA,HeLa,1.0,Xue_CAD_LNP,0
113.8504155,xyu,DOPE,,HG-Ac12,Yu_Aminoglycoside,mRNA,IGROV1,1.0,Yu_Aminoglycoside,0
101.37666666666668,Lxue,DOPE,Tox,8-a2-8b,Xue_CAD_LNP,mRNA,HeLa,1.0,Xue_CAD_LNP,0
39.07103825,zhang,DSPC,,ST-C11,Zhang_Aminoglycoside,siRNA,HeLa,1.0,Zhang_Aminoglycoside,3
100.32333333333334,Lxue,DOPE,Tox,8-a2-7b2,Xue_CAD_LNP,mRNA,HeLa,1.0,Xue_CAD_LNP,0
99.01960784,Lin_peptide,DSPC,,a14-1,Lin_peptide,mRNA,MDA_MB,1.0,Lin_peptide,0
96.95,Han_a3,DOPE,,B9-2,Han_a3,mRNA,HepG2,1.0,Han_a3,0
104.9861496,xyu,DOPE,,GN-EP10,Yu_Aminoglycoside,mRNA,IGROV1,1.0,Yu_Aminoglycoside,0
100.7398274,ZAL_form,,"""ZAL:siRNA ratio such that the number of hydrophobic tails in the ZAL times the ZAL:siRNA mole ratio in the formulation was ~1000"", plus assumed siRNA MW = 13300Da",ZA4-Ac12,Miller_Zwitter,siRNA,HeLa,1.0,Miller_Zwitter,0
95.5,Han_amidine,DOPE,Computed with aid lipid molwt as 865,5T-O14,Han_amidine,mRNA,HepG2,1.0,Han_amidine,0
54.90196078,Lin_peptide,DSPC,,a12-1,Lin_peptide,mRNA,MDA_MB,1.0,Lin_peptide,3
100.08333333333331,Lxue,DOPE,Tox,5-a2-9,Xue_CAD_LNP,mRNA,HeLa,1.0,Xue_CAD_LNP,0
101.2330456,ZAL_form,,"""ZAL:siRNA ratio such that the number of hydrophobic tails in the ZAL times the ZAL:siRNA mole ratio in the formulation was ~1000"", plus assumed siRNA MW = 13300Da",ZA2-Ep8,Miller_Zwitter,siRNA,HeLa,1.0,Miller_Zwitter,0
99.42666666666668,Lxue,DOPE,Tox,2-a2-7,Xue_CAD_LNP,mRNA,HeLa,1.0,Xue_CAD_LNP,0
106.7073171,Farbiak_dendrimer,DOPE,calculated based off 10000:1 mol ratio,4A3-SC6,Farbiak_Dendrimer_HeLa,mRNA,HeLa,0.25,Farbiak_Dendrimer_HeLa,0
102.7272727,Farbiak_dendrimer,DOPE,calculated based off 10000:1 mol ratio,4A3-SC8,Farbiak_Dendrimer_HeLa,mRNA,HeLa,0.25,Farbiak_Dendrimer_HeLa,0
102.9315961,Farbiak_dendrimer,DOPE,calculated based off 10000:1 mol ratio,4A3-SC9,Farbiak_Dendrimer_HeLa,mRNA,HeLa,0.25,Farbiak_Dendrimer_HeLa,0
103.0100334,Farbiak_dendrimer,DOPE,calculated based off 10000:1 mol ratio,4A3-SC10,Farbiak_Dendrimer_HeLa,mRNA,HeLa,0.25,Farbiak_Dendrimer_HeLa,0
99.07120743,Farbiak_dendrimer,DOPE,calculated based off 10000:1 mol ratio,4A3-SC11,Farbiak_Dendrimer_HeLa,mRNA,HeLa,0.25,Farbiak_Dendrimer_HeLa,0
96.95121951,Farbiak_dendrimer,DOPE,calculated based off 10000:1 mol ratio,4A3-SC6,Farbiak_Dendrimer_HeLa,mRNA,HeLa,0.25,Farbiak_Dendrimer_HeLa,0
91.81818182,Farbiak_dendrimer,DOPE,calculated based off 10000:1 mol ratio,4A3-SC8,Farbiak_Dendrimer_HeLa,mRNA,HeLa,0.25,Farbiak_Dendrimer_HeLa,0
89.90228013,Farbiak_dendrimer,DOPE,calculated based off 10000:1 mol ratio,4A3-SC9,Farbiak_Dendrimer_HeLa,mRNA,HeLa,0.25,Farbiak_Dendrimer_HeLa,1
87.95986622,Farbiak_dendrimer,DOPE,calculated based off 10000:1 mol ratio,4A3-SC10,Farbiak_Dendrimer_HeLa,mRNA,HeLa,0.25,Farbiak_Dendrimer_HeLa,1
87.92569659,Farbiak_dendrimer,DOPE,calculated based off 10000:1 mol ratio,4A3-SC11,Farbiak_Dendrimer_HeLa,mRNA,HeLa,0.25,Farbiak_Dendrimer_HeLa,1
83.84146341,Farbiak_dendrimer,DOPE,calculated based off 10000:1 mol ratio,4A3-SC6,Farbiak_Dendrimer_HeLa,mRNA,HeLa,0.25,Farbiak_Dendrimer_HeLa,1
77.87878788,Farbiak_dendrimer,DOPE,calculated based off 10000:1 mol ratio,4A3-SC8,Farbiak_Dendrimer_HeLa,mRNA,HeLa,0.25,Farbiak_Dendrimer_HeLa,2
75.89576547,Farbiak_dendrimer,DOPE,calculated based off 10000:1 mol ratio,4A3-SC9,Farbiak_Dendrimer_HeLa,mRNA,HeLa,0.25,Farbiak_Dendrimer_HeLa,2
71.57190635,Farbiak_dendrimer,DOPE,calculated based off 10000:1 mol ratio,4A3-SC10,Farbiak_Dendrimer_HeLa,mRNA,HeLa,0.25,Farbiak_Dendrimer_HeLa,2
65.94427245,Farbiak_dendrimer,DOPE,calculated based off 10000:1 mol ratio,4A3-SC11,Farbiak_Dendrimer_HeLa,mRNA,HeLa,0.25,Farbiak_Dendrimer_HeLa,3
70.73170732,Farbiak_dendrimer,DOPE,calculated based off 10000:1 mol ratio,4A3-SC6,Farbiak_Dendrimer_HeLa,mRNA,HeLa,0.25,Farbiak_Dendrimer_HeLa,2
61.51515152,Farbiak_dendrimer,DOPE,calculated based off 10000:1 mol ratio,4A3-SC8,Farbiak_Dendrimer_HeLa,mRNA,HeLa,0.25,Farbiak_Dendrimer_HeLa,3
57.00325733,Farbiak_dendrimer,DOPE,calculated based off 10000:1 mol ratio,4A3-SC9,Farbiak_Dendrimer_HeLa,mRNA,HeLa,0.25,Farbiak_Dendrimer_HeLa,3
47.82608696,Farbiak_dendrimer,DOPE,calculated based off 10000:1 mol ratio,4A3-SC10,Farbiak_Dendrimer_HeLa,mRNA,HeLa,0.25,Farbiak_Dendrimer_HeLa,3
46.74922601,Farbiak_dendrimer,DOPE,calculated based off 10000:1 mol ratio,4A3-SC11,Farbiak_Dendrimer_HeLa,mRNA,HeLa,0.25,Farbiak_Dendrimer_HeLa,3
103.6585366,Farbiak_dendrimer,DOPE,calculated based off 10000:1 mol ratio,4A3-SC6,Farbiak_Dendrimer_igrov1,mRNA,IGROV1,0.25,Farbiak_Dendrimer_igrov1,0
100.9090909,Farbiak_dendrimer,DOPE,calculated based off 10000:1 mol ratio,4A3-SC8,Farbiak_Dendrimer_igrov1,mRNA,IGROV1,0.25,Farbiak_Dendrimer_igrov1,0
100.9771987,Farbiak_dendrimer,DOPE,calculated based off 10000:1 mol ratio,4A3-SC9,Farbiak_Dendrimer_igrov1,mRNA,IGROV1,0.25,Farbiak_Dendrimer_igrov1,0
101.3377926,Farbiak_dendrimer,DOPE,calculated based off 10000:1 mol ratio,4A3-SC10,Farbiak_Dendrimer_igrov1,mRNA,IGROV1,0.25,Farbiak_Dendrimer_igrov1,0
98.76160991,Farbiak_dendrimer,DOPE,calculated based off 10000:1 mol ratio,4A3-SC11,Farbiak_Dendrimer_igrov1,mRNA,IGROV1,0.25,Farbiak_Dendrimer_igrov1,0
102.1341463,Farbiak_dendrimer,DOPE,calculated based off 10000:1 mol ratio,4A3-SC6,Farbiak_Dendrimer_igrov1,mRNA,IGROV1,0.25,Farbiak_Dendrimer_igrov1,0
98.78787879,Farbiak_dendrimer,DOPE,calculated based off 10000:1 mol ratio,4A3-SC8,Farbiak_Dendrimer_igrov1,mRNA,IGROV1,0.25,Farbiak_Dendrimer_igrov1,0
94.13680782,Farbiak_dendrimer,DOPE,calculated based off 10000:1 mol ratio,4A3-SC9,Farbiak_Dendrimer_igrov1,mRNA,IGROV1,0.25,Farbiak_Dendrimer_igrov1,0
97.32441472,Farbiak_dendrimer,DOPE,calculated based off 10000:1 mol ratio,4A3-SC10,Farbiak_Dendrimer_igrov1,mRNA,IGROV1,0.25,Farbiak_Dendrimer_igrov1,0
99.07120743,Farbiak_dendrimer,DOPE,calculated based off 10000:1 mol ratio,4A3-SC11,Farbiak_Dendrimer_igrov1,mRNA,IGROV1,0.25,Farbiak_Dendrimer_igrov1,0
100.0,Farbiak_dendrimer,DOPE,calculated based off 10000:1 mol ratio,4A3-SC6,Farbiak_Dendrimer_igrov1,mRNA,IGROV1,0.25,Farbiak_Dendrimer_igrov1,0
92.72727273,Farbiak_dendrimer,DOPE,calculated based off 10000:1 mol ratio,4A3-SC8,Farbiak_Dendrimer_igrov1,mRNA,IGROV1,0.25,Farbiak_Dendrimer_igrov1,0
88.92508143,Farbiak_dendrimer,DOPE,calculated based off 10000:1 mol ratio,4A3-SC9,Farbiak_Dendrimer_igrov1,mRNA,IGROV1,0.25,Farbiak_Dendrimer_igrov1,1
86.62207358,Farbiak_dendrimer,DOPE,calculated based off 10000:1 mol ratio,4A3-SC10,Farbiak_Dendrimer_igrov1,mRNA,IGROV1,0.25,Farbiak_Dendrimer_igrov1,1
81.11455108,Farbiak_dendrimer,DOPE,calculated based off 10000:1 mol ratio,4A3-SC11,Farbiak_Dendrimer_igrov1,mRNA,IGROV1,0.25,Farbiak_Dendrimer_igrov1,1
84.75609756,Farbiak_dendrimer,DOPE,calculated based off 10000:1 mol ratio,4A3-SC6,Farbiak_Dendrimer_igrov1,mRNA,IGROV1,0.25,Farbiak_Dendrimer_igrov1,1
64.54545455,Farbiak_dendrimer,DOPE,calculated based off 10000:1 mol ratio,4A3-SC8,Farbiak_Dendrimer_igrov1,mRNA,IGROV1,0.25,Farbiak_Dendrimer_igrov1,3
53.42019544,Farbiak_dendrimer,DOPE,calculated based off 10000:1 mol ratio,4A3-SC9,Farbiak_Dendrimer_igrov1,mRNA,IGROV1,0.25,Farbiak_Dendrimer_igrov1,3
38.79598662,Farbiak_dendrimer,DOPE,calculated based off 10000:1 mol ratio,4A3-SC10,Farbiak_Dendrimer_igrov1,mRNA,IGROV1,0.25,Farbiak_Dendrimer_igrov1,3
33.12693498,Farbiak_dendrimer,DOPE,calculated based off 10000:1 mol ratio,4A3-SC11,Farbiak_Dendrimer_igrov1,mRNA,IGROV1,0.25,Farbiak_Dendrimer_igrov1,3
95.3,Han_branched,DOPE,,6,Han_branched,mRNA,HepG2,0.33,Han_branched,0
93.36666666666667,Han_branched,DOPE,,10,Han_branched,mRNA,HepG2,0.33,Han_branched,0
91.7,Han_branched,DOPE,,12,Han_branched,mRNA,HepG2,0.33,Han_branched,0
98.43333333333334,Han_branched,DOPE,,6-8,Han_branched,mRNA,HepG2,0.33,Han_branched,0
99.33333333333331,Han_branched,DOPE,,6-12,Han_branched,mRNA,HepG2,0.33,Han_branched,0
98.33333333333331,Han_branched,DOPE,,8-6,Han_branched,mRNA,HepG2,0.33,Han_branched,0
96.5,Han_branched,DOPE,,8-12,Han_branched,mRNA,HepG2,0.33,Han_branched,0
98.3,Han_branched,DOPE,,8-14,Han_branched,mRNA,HepG2,0.33,Han_branched,0
91.96666666666664,Han_branched,DOPE,,10-6,Han_branched,mRNA,HepG2,0.33,Han_branched,0
97.59999999999998,Han_branched,DOPE,,10-8,Han_branched,mRNA,HepG2,0.33,Han_branched,0
99.3,Han_branched,DOPE,,10-10,Han_branched,mRNA,HepG2,0.33,Han_branched,0
98.7,Han_branched,DOPE,,10-14,Han_branched,mRNA,HepG2,0.33,Han_branched,0
88.16666666666667,Han_branched,DOPE,,12-6,Han_branched,mRNA,HepG2,0.33,Han_branched,1
92.83333333333331,Han_branched,DOPE,,12-8,Han_branched,mRNA,HepG2,0.33,Han_branched,0
94.23333333333332,Han_branched,DOPE,,12-12,Han_branched,mRNA,HepG2,0.33,Han_branched,0
89.56666666666666,Han_branched,DOPE,,12-14,Han_branched,mRNA,HepG2,0.33,Han_branched,1
100.66666666666669,Han_branched,DOPE,,14-8,Han_branched,mRNA,HepG2,0.33,Han_branched,0
97.66666666666669,Han_branched,DOPE,,14-10,Han_branched,mRNA,HepG2,0.33,Han_branched,0
93.7,Han_branched,DOPE,,14-12,Han_branched,mRNA,HepG2,0.33,Han_branched,0
92.36666666666667,Han_branched,DOPE,,14-14,Han_branched,mRNA,HepG2,0.33,Han_branched,0
97.63333333333333,Han_branched,DSPC,,MC3,Han_branched,mRNA,HepG2,0.33,Han_branched,0
75.56666666666668,Han_branched,DOPE,,6,Han_branched,mRNA,HepG2,0.33,Han_branched,2
75.5,Han_branched,DOPE,,10,Han_branched,mRNA,HepG2,0.33,Han_branched,2
79.10000000000001,Han_branched,DOPE,,12,Han_branched,mRNA,HepG2,0.33,Han_branched,2
88.26666666666667,Han_branched,DOPE,,6-8,Han_branched,mRNA,HepG2,0.33,Han_branched,1
88.03333333333335,Han_branched,DOPE,,6-12,Han_branched,mRNA,HepG2,0.33,Han_branched,1
91.23333333333336,Han_branched,DOPE,,8-6,Han_branched,mRNA,HepG2,0.33,Han_branched,0
90.5,Han_branched,DOPE,,8-12,Han_branched,mRNA,HepG2,0.33,Han_branched,0
87.06666666666666,Han_branched,DOPE,,8-14,Han_branched,mRNA,HepG2,0.33,Han_branched,1
89.76666666666667,Han_branched,DOPE,,10-6,Han_branched,mRNA,HepG2,0.33,Han_branched,1
91.4,Han_branched,DOPE,,10-8,Han_branched,mRNA,HepG2,0.33,Han_branched,0
89.5,Han_branched,DOPE,,10-10,Han_branched,mRNA,HepG2,0.33,Han_branched,1
80.93333333333334,Han_branched,DOPE,,10-14,Han_branched,mRNA,HepG2,0.33,Han_branched,1
83.23333333333333,Han_branched,DOPE,,12-6,Han_branched,mRNA,HepG2,0.33,Han_branched,1
89.76666666666667,Han_branched,DOPE,,12-8,Han_branched,mRNA,HepG2,0.33,Han_branched,1
90.03333333333335,Han_branched,DOPE,,12-12,Han_branched,mRNA,HepG2,0.33,Han_branched,0
79.76666666666667,Han_branched,DOPE,,12-14,Han_branched,mRNA,HepG2,0.33,Han_branched,2
88.53333333333335,Han_branched,DOPE,,14-8,Han_branched,mRNA,HepG2,0.33,Han_branched,1
91.73333333333332,Han_branched,DOPE,,14-10,Han_branched,mRNA,HepG2,0.33,Han_branched,0
83.03333333333333,Han_branched,DOPE,,14-12,Han_branched,mRNA,HepG2,0.33,Han_branched,1
71.36666666666667,Han_branched,DOPE,,14-14,Han_branched,mRNA,HepG2,0.33,Han_branched,2
91.03333333333336,Han_branched,DSPC,,MC3,Han_branched,mRNA,HepG2,0.33,Han_branched,0
42.36666667,Han_branched,DOPE,,6,Han_branched,mRNA,HepG2,0.33,Han_branched,3
51.0,Han_branched,DOPE,,10,Han_branched,mRNA,HepG2,0.33,Han_branched,3
67.2,Han_branched,DOPE,,12,Han_branched,mRNA,HepG2,0.33,Han_branched,3
76.46666667,Han_branched,DOPE,,6-8,Han_branched,mRNA,HepG2,0.33,Han_branched,2
82.6,Han_branched,DOPE,,6-12,Han_branched,mRNA,HepG2,0.33,Han_branched,1
81.43333333,Han_branched,DOPE,,8-6,Han_branched,mRNA,HepG2,0.33,Han_branched,1
78.6,Han_branched,DOPE,,8-12,Han_branched,mRNA,HepG2,0.33,Han_branched,2
71.63333333,Han_branched,DOPE,,8-14,Han_branched,mRNA,HepG2,0.33,Han_branched,2
72.06666667,Han_branched,DOPE,,10-6,Han_branched,mRNA,HepG2,0.33,Han_branched,2
75.06666667,Han_branched,DOPE,,10-8,Han_branched,mRNA,HepG2,0.33,Han_branched,2
80.16666667,Han_branched,DOPE,,10-10,Han_branched,mRNA,HepG2,0.33,Han_branched,1
71.83333333,Han_branched,DOPE,,10-14,Han_branched,mRNA,HepG2,0.33,Han_branched,2
73.6,Han_branched,DOPE,,12-6,Han_branched,mRNA,HepG2,0.33,Han_branched,2
81.56666667,Han_branched,DOPE,,12-8,Han_branched,mRNA,HepG2,0.33,Han_branched,1
79.5,Han_branched,DOPE,,12-12,Han_branched,mRNA,HepG2,0.33,Han_branched,2
62.8,Han_branched,DOPE,,12-14,Han_branched,mRNA,HepG2,0.33,Han_branched,3
77.33333333,Han_branched,DOPE,,14-8,Han_branched,mRNA,HepG2,0.33,Han_branched,2
75.7,Han_branched,DOPE,,14-10,Han_branched,mRNA,HepG2,0.33,Han_branched,2
59.76666667,Han_branched,DOPE,,14-12,Han_branched,mRNA,HepG2,0.33,Han_branched,3
47.13333333,Han_branched,DOPE,,14-14,Han_branched,mRNA,HepG2,0.33,Han_branched,3
79.73333333,Han_branched,DSPC,,MC3,Han_branched,mRNA,HepG2,0.33,Han_branched,2
